simulation_id,max_drawdown_pct,max_drawdown_usdt,max_losing_streak,final_equity_usdt,final_net_pnl_usdt
1,46.91315512,476.83,7,7239.12,6239.12
2,11.63747483,328.97,11,7239.12,6239.12
3,16.08310172,399.66,8,7239.12,6239.12
4,27.99946641,420.32,14,7239.12,6239.12
5,11.71369324,404.52,9,7239.12,6239.12
6,15.53624485,232.37,13,7239.12,6239.12
7,25.77570348,547.86,8,7239.12,6239.12
8,29.41233386,350.37,10,7239.12,6239.12
9,14.29944317,384.17,9,7239.12,6239.12
10,10.70468108,299.16,9,7239.12,6239.12
11,12.871,339.75,9,7239.12,6239.12
12,10.52102517,501.13,9,7239.12,6239.12
13,24.89033247,474.35,11,7239.12,6239.12
14,15.11815252,414.74,9,7239.12,6239.12
15,12.28841334,376.79,8,7239.12,6239.12
16,13.367,377.79,11,7239.12,6239.12
17,30.61170576,336.04,7,7239.12,6239.12
18,21.35018503,578,9,7239.12,6239.12
19,10.72886297,521.61,8,7239.12,6239.12
20,23.25083366,532,18,7239.12,6239.12
21,20.48033004,347.5,11,7239.12,6239.12
22,20.373,467.33,8,7239.12,6239.12
23,17.27122821,478.66,8,7239.12,6239.12
24,18.698,383.26,13,7239.12,6239.12
25,10.25826744,356.16,7,7239.12,6239.12
26,23.54630174,413.41,10,7239.12,6239.12
27,11.13350152,436.47,13,7239.12,6239.12
28,9.96942468,464.19,15,7239.12,6239.12
29,18.31203287,360,12,7239.12,6239.12
30,28.94197847,563.81,9,7239.12,6239.12
31,14.34191599,430.3,10,7239.12,6239.12
32,35.27498875,398.32,8,7239.12,6239.12
33,13.07859163,466.69,8,7239.12,6239.12
34,28.16314894,507.45,9,7239.12,6239.12
35,10.63180933,426.77,8,7239.12,6239.12
36,14.305,612.13,11,7239.12,6239.12
37,11.15424859,356.79,9,7239.12,6239.12
38,13.6747063,647.31,8,7239.12,6239.12
39,16.94605611,373.41,9,7239.12,6239.12
40,14.851,419.54,8,7239.12,6239.12
41,26.49656035,423.68,12,7239.12,6239.12
42,16.337,383.8,9,7239.12,6239.12
43,14.01306595,395.34,9,7239.12,6239.12
44,10.30366843,389.84,7,7239.12,6239.12
45,28.477,352.26,10,7239.12,6239.12
46,34.89141378,412.42,12,7239.12,6239.12
47,14.29163937,380.22,17,7239.12,6239.12
48,23.01807421,410.48,13,7239.12,6239.12
49,23.86931489,345.55,13,7239.12,6239.12
50,11.49864602,632.69,8,7239.12,6239.12
51,20.06142481,399.76,10,7239.12,6239.12
52,9.814518077,442.61,9,7239.12,6239.12
53,24.1666398,575.86,10,7239.12,6239.12
54,32.701,371.52,11,7239.12,6239.12
55,33.64275464,370.4,10,7239.12,6239.12
56,14.055,794.8,13,7239.12,6239.12
57,18.11888638,421.02,9,7239.12,6239.12
58,10.85892433,437.48,10,7239.12,6239.12
59,15.80497382,396.06,11,7239.12,6239.12
60,17.92735434,446.73,14,7239.12,6239.12
61,13.201,343.92,9,7239.12,6239.12
62,11.63112672,439.5,9,7239.12,6239.12
63,50.19266959,504.09,8,7239.12,6239.12
64,19.39721726,482.35,11,7239.12,6239.12
65,9.193,398.38,8,7239.12,6239.12
66,25.6917448,426.93,10,7239.12,6239.12
67,28.35983446,414.2,11,7239.12,6239.12
68,21.7,526.78,9,7239.12,6239.12
69,18.48644541,341.07,9,7239.12,6239.12
70,27.44656108,724.57,9,7239.12,6239.12
71,38.3018098,753.54,11,7239.12,6239.12
72,12.04962098,535.69,8,7239.12,6239.12
73,16.4709025,536.71,8,7239.12,6239.12
74,16.86904179,343.03,8,7239.12,6239.12
75,16.79670394,401.13,9,7239.12,6239.12
76,18.93265775,464.83,15,7239.12,6239.12
77,36.75241126,474.65,14,7239.12,6239.12
78,21.1798486,798.68,9,7239.12,6239.12
79,35.64578414,614.23,8,7239.12,6239.12
80,17.7667597,484.75,10,7239.12,6239.12
81,7.549251721,349.25,9,7239.12,6239.12
82,27.88542778,402.66,9,7239.12,6239.12
83,23.34193661,387.57,7,7239.12,6239.12
84,25.00784958,457.96,11,7239.12,6239.12
85,14.47733696,638.56,7,7239.12,6239.12
86,16.4182066,314.43,10,7239.12,6239.12
87,12.43495786,340.99,13,7239.12,6239.12
88,12.01740026,402.94,10,7239.12,6239.12
89,17.23851634,356.2,8,7239.12,6239.12
90,14.18032653,422.87,8,7239.12,6239.12
91,10.69790771,532.92,10,7239.12,6239.12
92,56.036,560.36,15,7239.12,6239.12
93,20.72332682,354.57,11,7239.12,6239.12
94,19.236,353.78,8,7239.12,6239.12
95,28.326,568.83,7,7239.12,6239.12
96,25.86739408,587.94,9,7239.12,6239.12
97,10.76335951,350.16,11,7239.12,6239.12
98,28.44280135,323.94,8,7239.12,6239.12
99,17.95664025,586.27,10,7239.12,6239.12
100,13.87517596,300.76,9,7239.12,6239.12
101,16.06426747,454.94,10,7239.12,6239.12
102,46.09998539,536.59,8,7239.12,6239.12
103,10.64556386,538.46,8,7239.12,6239.12
104,11.21580333,376.59,8,7239.12,6239.12
105,20.28385524,405.77,9,7239.12,6239.12
106,15.182,370.21,12,7239.12,6239.12
107,20.25056287,398.33,10,7239.12,6239.12
108,11.01544767,689,9,7239.12,6239.12
109,16.78925584,354.1,8,7239.12,6239.12
110,14.54687729,332.01,7,7239.12,6239.12
111,35.63531773,438.32,11,7239.12,6239.12
112,32.226,392.77,12,7239.12,6239.12
113,26.52236446,762.97,8,7239.12,6239.12
114,16.86639883,437.31,8,7239.12,6239.12
115,14.60116245,413.94,10,7239.12,6239.12
116,27.74277108,381.28,10,7239.12,6239.12
117,18.06938246,340.09,14,7239.12,6239.12
118,34.36368254,365.31,10,7239.12,6239.12
119,14.89116775,478.38,9,7239.12,6239.12
120,14.30330769,421.05,9,7239.12,6239.12
121,22.56996974,1019.51,9,7239.12,6239.12
122,17.11090941,803.08,18,7239.12,6239.12
123,50.40994984,544.74,8,7239.12,6239.12
124,13.27436552,436.82,8,7239.12,6239.12
125,12.97098842,479.31,11,7239.12,6239.12
126,31.26470147,374.82,6,7239.12,6239.12
127,21.18786858,806.84,8,7239.12,6239.12
128,10.91410642,436.01,8,7239.12,6239.12
129,12.97277697,604.63,9,7239.12,6239.12
130,16.11152416,311.41,10,7239.12,6239.12
131,19.74293966,255.55,9,7239.12,6239.12
132,14.29157352,417.17,10,7239.12,6239.12
133,12.72016323,349.66,12,7239.12,6239.12
134,13.05877066,470.07,9,7239.12,6239.12
135,13.29968825,565.27,10,7239.12,6239.12
136,16.45295806,482.26,7,7239.12,6239.12
137,33.95856081,522.5,8,7239.12,6239.12
138,17.53893391,649.52,9,7239.12,6239.12
139,17.52451739,564.87,13,7239.12,6239.12
140,11.1189798,428.63,12,7239.12,6239.12
141,11.10990443,448.67,9,7239.12,6239.12
142,23.71667485,488.12,12,7239.12,6239.12
143,15.81633477,403.72,10,7239.12,6239.12
144,15.36897864,414.32,12,7239.12,6239.12
145,22.63468266,356.14,14,7239.12,6239.12
146,13.39069214,338.45,10,7239.12,6239.12
147,22.58726537,384.11,7,7239.12,6239.12
148,15.01538462,381,8,7239.12,6239.12
149,21.13958446,313.84,8,7239.12,6239.12
150,30.84049988,335.01,9,7239.12,6239.12
151,48.92895801,515.31,8,7239.12,6239.12
152,24.39699623,493.5,9,7239.12,6239.12
153,20.65352746,364.1,7,7239.12,6239.12
154,36.676,366.76,12,7239.12,6239.12
155,15.00029838,318.92,9,7239.12,6239.12
156,17.10982118,411.19,7,7239.12,6239.12
157,8.72384102,493.82,9,7239.12,6239.12
158,21.56686633,746.77,6,7239.12,6239.12
159,15.84119046,621.48,9,7239.12,6239.12
160,18.19988653,529.28,8,7239.12,6239.12
161,32.2485075,442.56,9,7239.12,6239.12
162,9.6369689,325.53,9,7239.12,6239.12
163,21.11607771,536.22,9,7239.12,6239.12
164,14.16826589,764.13,9,7239.12,6239.12
165,12.51882659,615.52,11,7239.12,6239.12
166,36.09071564,376.52,8,7239.12,6239.12
167,15.19771726,552.32,14,7239.12,6239.12
168,59.828,598.28,13,7239.12,6239.12
169,17.02523764,432.86,8,7239.12,6239.12
170,27.21001345,359.01,11,7239.12,6239.12
171,13.01731788,582.24,9,7239.12,6239.12
172,7.06330679,306.62,14,7239.12,6239.12
173,23.48406233,558.97,11,7239.12,6239.12
174,21.26183575,302.72,8,7239.12,6239.12
175,31.67879418,499.79,10,7239.12,6239.12
176,9.116973877,597.49,11,7239.12,6239.12
177,10.09469949,393.77,9,7239.12,6239.12
178,10.92439162,320.23,10,7239.12,6239.12
179,15.13348125,467.9,11,7239.12,6239.12
180,16.61874375,324.24,8,7239.12,6239.12
181,69.377,693.77,9,7239.12,6239.12
182,15.60024708,257.61,7,7239.12,6239.12
183,22.775,517.63,8,7239.12,6239.12
184,10.94315631,314.99,9,7239.12,6239.12
185,16.07946977,412.68,8,7239.12,6239.12
186,14.58200198,591.79,12,7239.12,6239.12
187,8.61271112,487.41,11,7239.12,6239.12
188,22.53313492,449.87,8,7239.12,6239.12
189,16.99751748,407.38,9,7239.12,6239.12
190,17.00545864,361.67,9,7239.12,6239.12
191,26.432,409.47,8,7239.12,6239.12
192,5.601951803,281.73,10,7239.12,6239.12
193,18.18429459,536.46,8,7239.12,6239.12
194,11.17578003,360.8,10,7239.12,6239.12
195,12.14331172,414.15,15,7239.12,6239.12
196,17.91978246,434.94,9,7239.12,6239.12
197,18.08654152,324.04,10,7239.12,6239.12
198,32.53377201,401.47,8,7239.12,6239.12
199,23.25230806,621.59,10,7239.12,6239.12
200,12.618,469.92,10,7239.12,6239.12
201,11.82712559,616.61,10,7239.12,6239.12
202,11.38282976,507.5,11,7239.12,6239.12
203,28.959,493.24,11,7239.12,6239.12
204,14.15047019,536,9,7239.12,6239.12
205,32.17459488,420.2,8,7239.12,6239.12
206,46.384,463.84,10,7239.12,6239.12
207,9.475552449,494.65,11,7239.12,6239.12
208,9.187767208,460.32,8,7239.12,6239.12
209,39.80883037,496.44,9,7239.12,6239.12
210,15.14962305,317.51,8,7239.12,6239.12
211,25.85443384,448.97,9,7239.12,6239.12
212,38.53569228,444.12,10,7239.12,6239.12
213,14.30557763,343.99,10,7239.12,6239.12
214,30.94454116,342.82,8,7239.12,6239.12
215,21.831,333.56,9,7239.12,6239.12
216,22.41005084,336.17,12,7239.12,6239.12
217,22.324,277.81,9,7239.12,6239.12
218,11.0129582,291.85,15,7239.12,6239.12
219,20.50076206,395.63,10,7239.12,6239.12
220,8.535695154,597.52,14,7239.12,6239.12
221,13.55489619,338.97,8,7239.12,6239.12
222,20.37105838,919.02,13,7239.12,6239.12
223,25.71300464,332.73,8,7239.12,6239.12
224,19.34956109,329.1,10,7239.12,6239.12
225,14.47150777,433.07,11,7239.12,6239.12
226,25.0634349,460.84,11,7239.12,6239.12
227,14.60461888,356.12,8,7239.12,6239.12
228,13.79282397,479.36,13,7239.12,6239.12
229,15.26157328,739.06,14,7239.12,6239.12
230,17.06522222,413.41,7,7239.12,6239.12
231,14.43564523,469.85,8,7239.12,6239.12
232,14.43971027,320.11,9,7239.12,6239.12
233,20.35422552,471.79,11,7239.12,6239.12
234,26.76037248,557.89,12,7239.12,6239.12
235,13.5725043,510.09,10,7239.12,6239.12
236,29.37656937,354.63,9,7239.12,6239.12
237,14.12199891,433.41,9,7239.12,6239.12
238,17.538,378.31,7,7239.12,6239.12
239,10.47333304,653.47,9,7239.12,6239.12
240,18.96817553,335.86,9,7239.12,6239.12
241,17.94910571,592.31,15,7239.12,6239.12
242,51.03158218,731.65,13,7239.12,6239.12
243,13.88313928,357,7,7239.12,6239.12
244,23.92248638,378.43,7,7239.12,6239.12
245,15.42977434,375.23,10,7239.12,6239.12
246,32.91314053,409.92,10,7239.12,6239.12
247,29.62069743,430.7,8,7239.12,6239.12
248,10.00244123,399.77,9,7239.12,6239.12
249,10.644,454.61,8,7239.12,6239.12
250,20.33343111,455.99,12,7239.12,6239.12
251,18.964,344.28,12,7239.12,6239.12
252,20.03109886,470.78,10,7239.12,6239.12
253,19.7931885,472.47,14,7239.12,6239.12
254,18.06044174,378.35,15,7239.12,6239.12
255,12.836,413.11,8,7239.12,6239.12
256,16.31263511,382.77,10,7239.12,6239.12
257,31.91341751,483,7,7239.12,6239.12
258,18.75538807,534.25,11,7239.12,6239.12
259,16.54036397,296.27,8,7239.12,6239.12
260,17.58868688,519.01,7,7239.12,6239.12
261,14.62299253,367.14,10,7239.12,6239.12
262,8.937060483,331.06,11,7239.12,6239.12
263,15.18042028,529.73,9,7239.12,6239.12
264,32.72030293,349.96,9,7239.12,6239.12
265,12.37287435,445.62,10,7239.12,6239.12
266,15.48555356,479.22,7,7239.12,6239.12
267,52.5256352,623.91,8,7239.12,6239.12
268,14.25032715,539.04,9,7239.12,6239.12
269,23.24793739,380.7,10,7239.12,6239.12
270,15.23830133,627.13,10,7239.12,6239.12
271,50.58590924,524.5,12,7239.12,6239.12
272,13.69791594,391.47,11,7239.12,6239.12
273,9.984573363,363.12,7,7239.12,6239.12
274,26.00429316,437.96,8,7239.12,6239.12
275,14.49330301,341.36,9,7239.12,6239.12
276,11.39055322,364.81,10,7239.12,6239.12
277,12.30401592,523.67,8,7239.12,6239.12
278,52.11096148,684.91,11,7239.12,6239.12
279,12.29885423,347.68,8,7239.12,6239.12
280,17.44317835,514.04,9,7239.12,6239.12
281,42.08904968,470,10,7239.12,6239.12
282,20.423182,390.12,8,7239.12,6239.12
283,19.05901727,270.12,8,7239.12,6239.12
284,14.2017335,435.51,9,7239.12,6239.12
285,11.58183424,434.13,9,7239.12,6239.12
286,19.32823791,384.34,8,7239.12,6239.12
287,24.857,500.12,9,7239.12,6239.12
288,13.05056174,288.57,8,7239.12,6239.12
289,23.48670765,412.62,11,7239.12,6239.12
290,11.94494764,360.96,9,7239.12,6239.12
291,12.87693732,439.05,13,7239.12,6239.12
292,15.60436731,537.19,9,7239.12,6239.12
293,37.32300774,373.51,11,7239.12,6239.12
294,18.82333042,545.31,12,7239.12,6239.12
295,25.95796703,333.36,13,7239.12,6239.12
296,12.07697248,306.21,11,7239.12,6239.12
297,11.39257233,426.25,10,7239.12,6239.12
298,40.43687365,512.04,10,7239.12,6239.12
299,26.06958361,419.93,18,7239.12,6239.12
300,22.98556481,300.95,10,7239.12,6239.12
301,24.64193149,491.54,14,7239.12,6239.12
302,11.89713039,630.26,8,7239.12,6239.12
303,18.05263997,751.18,10,7239.12,6239.12
304,9.457790564,585.73,8,7239.12,6239.12
305,8.613605333,289.76,10,7239.12,6239.12
306,38.28044773,447.33,9,7239.12,6239.12
307,29.71629976,411.44,12,7239.12,6239.12
308,19.65893352,566.07,10,7239.12,6239.12
309,12.5433178,361.3,8,7239.12,6239.12
310,14.42881273,365.87,9,7239.12,6239.12
311,18.98551685,388.13,7,7239.12,6239.12
312,17.95890373,539.42,12,7239.12,6239.12
313,20.52506426,366.31,11,7239.12,6239.12
314,13.13367078,407.75,10,7239.12,6239.12
315,34.9206073,401.36,21,7239.12,6239.12
316,18.32587903,541.23,9,7239.12,6239.12
317,24.63859537,706.97,8,7239.12,6239.12
318,13.94790387,380.45,11,7239.12,6239.12
319,22.01315956,479.9,9,7239.12,6239.12
320,12.55433658,409.99,10,7239.12,6239.12
321,10.23950804,469.89,13,7239.12,6239.12
322,22.13192283,363.79,10,7239.12,6239.12
323,26.23822337,468.81,9,7239.12,6239.12
324,21.56212543,408.35,11,7239.12,6239.12
325,85.423,854.23,12,7239.12,6239.12
326,22.88496243,339.86,8,7239.12,6239.12
327,9.730228077,494.69,8,7239.12,6239.12
328,11.33631956,516.73,10,7239.12,6239.12
329,10.39455981,515.89,7,7239.12,6239.12
330,34.26957928,690.58,8,7239.12,6239.12
331,24.07,396,9,7239.12,6239.12
332,20.68266563,531.73,7,7239.12,6239.12
333,10.26215888,385.02,9,7239.12,6239.12
334,6.910083995,239.11,8,7239.12,6239.12
335,20.29975768,443.79,11,7239.12,6239.12
336,25.45141114,460.64,9,7239.12,6239.12
337,22.99895605,537.55,11,7239.12,6239.12
338,17.00241358,351.83,10,7239.12,6239.12
339,11.86184098,428.42,11,7239.12,6239.12
340,13.49708994,276.67,10,7239.12,6239.12
341,18.04421479,624.19,10,7239.12,6239.12
342,17.129,336.93,8,7239.12,6239.12
343,25.098,383.2,8,7239.12,6239.12
344,14.7807143,385.84,9,7239.12,6239.12
345,31.66776929,789.81,10,7239.12,6239.12
346,20.06809216,367.81,8,7239.12,6239.12
347,17.00067792,457.95,11,7239.12,6239.12
348,19.775,369.12,9,7239.12,6239.12
349,39.85,398.5,9,7239.12,6239.12
350,17.4686612,371.22,10,7239.12,6239.12
351,9.463850804,363.86,10,7239.12,6239.12
352,11.2630071,609.82,11,7239.12,6239.12
353,8.31379764,384.87,8,7239.12,6239.12
354,41.449,414.49,7,7239.12,6239.12
355,19.65347576,639.32,9,7239.12,6239.12
356,28.88695118,786.96,17,7239.12,6239.12
357,17.65554985,420.85,8,7239.12,6239.12
358,10.57849275,515.85,10,7239.12,6239.12
359,9.018856494,375.17,11,7239.12,6239.12
360,34.56522723,458.01,10,7239.12,6239.12
361,14.13771244,376.91,12,7239.12,6239.12
362,18.39460827,530.85,11,7239.12,6239.12
363,18.40505761,664.06,8,7239.12,6239.12
364,11.58543899,538.08,7,7239.12,6239.12
365,31.76655337,590.68,10,7239.12,6239.12
366,9.091049502,470.88,17,7239.12,6239.12
367,7.277714831,394.84,7,7239.12,6239.12
368,25.57628225,446.7,9,7239.12,6239.12
369,26.30725551,403.99,10,7239.12,6239.12
370,16.29552599,752.66,11,7239.12,6239.12
371,26.48048004,437.77,8,7239.12,6239.12
372,29.635,462.12,9,7239.12,6239.12
373,19.8803164,433.54,9,7239.12,6239.12
374,18.73251029,518.75,7,7239.12,6239.12
375,18.69454415,579.49,11,7239.12,6239.12
376,19.49727762,412.85,8,7239.12,6239.12
377,42.646,426.46,9,7239.12,6239.12
378,40.71177927,457.12,8,7239.12,6239.12
379,10.56,399.52,7,7239.12,6239.12
380,20.92084705,411.08,10,7239.12,6239.12
381,9.39652517,564.36,7,7239.12,6239.12
382,10.1184494,326.54,9,7239.12,6239.12
383,31.531,315.31,10,7239.12,6239.12
384,15.48137876,534.8,9,7239.12,6239.12
385,12.51697388,304.02,10,7239.12,6239.12
386,28.95213923,460.55,16,7239.12,6239.12
387,22.4126872,396.11,10,7239.12,6239.12
388,21.17279969,434.11,12,7239.12,6239.12
389,20.47712569,308.03,9,7239.12,6239.12
390,10.99930477,549.99,11,7239.12,6239.12
391,21.41177791,547.36,11,7239.12,6239.12
392,14.80089582,357.54,8,7239.12,6239.12
393,24.57723821,286.46,9,7239.12,6239.12
394,31.19565591,463.99,11,7239.12,6239.12
395,18.79158455,590.88,8,7239.12,6239.12
396,17.30014538,459.35,9,7239.12,6239.12
397,14.38916727,504.17,9,7239.12,6239.12
398,8.745646927,326.67,7,7239.12,6239.12
399,16.68043331,381.71,13,7239.12,6239.12
400,58.56504469,754.88,13,7239.12,6239.12
401,9.12257826,468.75,10,7239.12,6239.12
402,23.35480916,387.51,9,7239.12,6239.12
403,18.28636957,413.05,12,7239.12,6239.12
404,18.83224721,384.2,10,7239.12,6239.12
405,41.04676743,490.71,8,7239.12,6239.12
406,32.32032625,462.84,12,7239.12,6239.12
407,16.69063986,440.94,9,7239.12,6239.12
408,12.68,573.2,10,7239.12,6239.12
409,11.36531246,577.56,7,7239.12,6239.12
410,17.261,450.97,9,7239.12,6239.12
411,18.15208019,458.91,13,7239.12,6239.12
412,25.45764101,578.95,7,7239.12,6239.12
413,32.98335039,415.18,10,7239.12,6239.12
414,14.22843328,675.64,10,7239.12,6239.12
415,33.78263481,433.09,8,7239.12,6239.12
416,18.34165496,498.86,9,7239.12,6239.12
417,13.51774114,564.97,9,7239.12,6239.12
418,23.687,342.43,7,7239.12,6239.12
419,23.5256632,732.68,10,7239.12,6239.12
420,19.508,290.12,9,7239.12,6239.12
421,15.7702187,819.02,19,7239.12,6239.12
422,16.65213068,424.81,8,7239.12,6239.12
423,18.95460166,340.79,10,7239.12,6239.12
424,28.28767593,427.87,12,7239.12,6239.12
425,10.49427231,590.12,10,7239.12,6239.12
426,15.96118815,548.45,10,7239.12,6239.12
427,49.752,497.52,9,7239.12,6239.12
428,12.21670017,313.9,6,7239.12,6239.12
429,10.22345138,312.05,12,7239.12,6239.12
430,27.63868628,379.21,13,7239.12,6239.12
431,18.51608073,599.42,8,7239.12,6239.12
432,15.53393807,532.07,8,7239.12,6239.12
433,13.59787703,559.04,9,7239.12,6239.12
434,21.16228928,297.4,8,7239.12,6239.12
435,24.70424785,383.74,9,7239.12,6239.12
436,17.7816765,390.21,7,7239.12,6239.12
437,13.91023423,345.75,11,7239.12,6239.12
438,12.6544775,350.9,6,7239.12,6239.12
439,22.533,330.94,9,7239.12,6239.12
440,24.25424006,442.79,12,7239.12,6239.12
441,16.65692814,287.92,10,7239.12,6239.12
442,15.14258787,727.83,16,7239.12,6239.12
443,10.56039197,497.13,8,7239.12,6239.12
444,16.849,479.01,8,7239.12,6239.12
445,11.9083033,374.69,10,7239.12,6239.12
446,13.8755345,349.95,7,7239.12,6239.12
447,17.37490148,714.8,14,7239.12,6239.12
448,18.09027982,420.3,8,7239.12,6239.12
449,11.173,351.78,11,7239.12,6239.12
450,11.68153959,413.56,7,7239.12,6239.12
451,18.3429988,291.22,11,7239.12,6239.12
452,13.26266313,397.86,10,7239.12,6239.12
453,27.23124021,382.49,11,7239.12,6239.12
454,10.62507132,515.85,12,7239.12,6239.12
455,16.05362303,332.79,9,7239.12,6239.12
456,36.51471482,654.99,13,7239.12,6239.12
457,20.25010765,456.16,8,7239.12,6239.12
458,31.66103457,475.02,9,7239.12,6239.12
459,24.69714915,475.43,7,7239.12,6239.12
460,19.36345857,439.49,10,7239.12,6239.12
461,16.22447173,451.47,14,7239.12,6239.12
462,27.7890002,518.89,11,7239.12,6239.12
463,21.40039245,406.74,10,7239.12,6239.12
464,31.61796054,377.86,10,7239.12,6239.12
465,16.5050039,514.39,8,7239.12,6239.12
466,13.17644454,535.55,12,7239.12,6239.12
467,13.11712922,499.76,10,7239.12,6239.12
468,12.51432974,489.24,7,7239.12,6239.12
469,12.49532309,440.94,9,7239.12,6239.12
470,14.40546344,446.13,7,7239.12,6239.12
471,21.50241343,568.87,7,7239.12,6239.12
472,11.50252256,458.98,12,7239.12,6239.12
473,15.62806916,474.19,10,7239.12,6239.12
474,8.898538937,612.7,10,7239.12,6239.12
475,30.82881785,561.55,11,7239.12,6239.12
476,10.29405917,403.84,12,7239.12,6239.12
477,18.10812474,385.8,7,7239.12,6239.12
478,10.18168815,285.71,9,7239.12,6239.12
479,13.08121799,453.78,8,7239.12,6239.12
480,10.66496,466.76,8,7239.12,6239.12
481,23.78713479,387.54,9,7239.12,6239.12
482,28.55775889,453.64,12,7239.12,6239.12
483,15.72776443,705.45,8,7239.12,6239.12
484,13.77657209,368.69,10,7239.12,6239.12
485,14.99704646,311.06,12,7239.12,6239.12
486,19.638,402.61,9,7239.12,6239.12
487,10.74129457,451.1,14,7239.12,6239.12
488,35.05268161,442.47,9,7239.12,6239.12
489,16.208,330.47,9,7239.12,6239.12
490,20.99114,425.6,11,7239.12,6239.12
491,36.51257544,394.89,10,7239.12,6239.12
492,16.19111835,398.01,8,7239.12,6239.12
493,12.86533551,388.27,9,7239.12,6239.12
494,15.10501545,545.93,11,7239.12,6239.12
495,11.0138906,309.61,12,7239.12,6239.12
496,20.33617493,463.92,8,7239.12,6239.12
497,23.04609896,364.5,13,7239.12,6239.12
498,19.54644606,626.36,10,7239.12,6239.12
499,22.25631979,605.49,14,7239.12,6239.12
500,62.36416779,862.01,12,7239.12,6239.12
501,11.72031418,546.07,11,7239.12,6239.12
502,17.89007031,415.25,9,7239.12,6239.12
503,25.39644111,356.66,10,7239.12,6239.12
504,17.65253111,461.1,8,7239.12,6239.12
505,16.27266697,684.43,9,7239.12,6239.12
506,14.369,345.19,9,7239.12,6239.12
507,20.34804709,279.73,11,7239.12,6239.12
508,39.74008869,452.58,11,7239.12,6239.12
509,14.66240774,369.18,11,7239.12,6239.12
510,16.28373085,344.48,13,7239.12,6239.12
511,44.15086299,600.88,10,7239.12,6239.12
512,37.3486914,420.55,10,7239.12,6239.12
513,16.76939745,458.15,8,7239.12,6239.12
514,13.87402001,389.14,10,7239.12,6239.12
515,10.34776881,211.88,8,7239.12,6239.12
516,13.06409331,468.95,14,7239.12,6239.12
517,29.88385311,311.29,18,7239.12,6239.12
518,32.368,343.7,12,7239.12,6239.12
519,14.68852399,452.29,7,7239.12,6239.12
520,30.245,373.6,7,7239.12,6239.12
521,14.54171653,473.9,8,7239.12,6239.12
522,18.36211805,449.62,9,7239.12,6239.12
523,15.53644438,478.29,9,7239.12,6239.12
524,13.21368727,337.84,11,7239.12,6239.12
525,30.53722461,391.02,12,7239.12,6239.12
526,16.22313111,423.96,15,7239.12,6239.12
527,16.718,268.28,8,7239.12,6239.12
528,27.04131722,421.42,9,7239.12,6239.12
529,10.432,343.43,9,7239.12,6239.12
530,27.69542951,513.31,13,7239.12,6239.12
531,14.10786869,671.33,9,7239.12,6239.12
532,24.89889738,371.11,12,7239.12,6239.12
533,24.40529829,425.92,7,7239.12,6239.12
534,21.18345952,818.37,14,7239.12,6239.12
535,14.32398821,343.24,8,7239.12,6239.12
536,10.4348886,507,9,7239.12,6239.12
537,9.472701424,470.19,7,7239.12,6239.12
538,33.62724401,423.71,10,7239.12,6239.12
539,25.38942488,589.22,10,7239.12,6239.12
540,12.914,431.37,12,7239.12,6239.12
541,18.16622214,520.27,12,7239.12,6239.12
542,22.7699026,677.43,11,7239.12,6239.12
543,28.97563868,586.38,8,7239.12,6239.12
544,13.65599387,578.98,12,7239.12,6239.12
545,25.15979967,396.37,9,7239.12,6239.12
546,20.65838932,403.47,9,7239.12,6239.12
547,17.87371554,348.98,10,7239.12,6239.12
548,25.9887837,547.75,11,7239.12,6239.12
549,10.14402162,328.64,10,7239.12,6239.12
550,15.66247344,574.84,8,7239.12,6239.12
551,14.36244767,320.69,7,7239.12,6239.12
552,11.69581093,701.82,12,7239.12,6239.12
553,28.5169614,305.91,8,7239.12,6239.12
554,20.32245658,421.9,10,7239.12,6239.12
555,24.89322327,563.6,11,7239.12,6239.12
556,25.95081936,399.51,11,7239.12,6239.12
557,19.03523312,451.35,13,7239.12,6239.12
558,14.99446861,272.64,10,7239.12,6239.12
559,28.01147979,476.5,20,7239.12,6239.12
560,22.06138441,385.82,9,7239.12,6239.12
561,15.27,522.82,9,7239.12,6239.12
562,17.51448464,392.68,12,7239.12,6239.12
563,16.38932825,406.18,10,7239.12,6239.12
564,6.484228514,339.4,8,7239.12,6239.12
565,11.12109773,354.96,9,7239.12,6239.12
566,11.24123595,610.21,13,7239.12,6239.12
567,25.47872241,520.7,11,7239.12,6239.12
568,25.73850238,451.86,11,7239.12,6239.12
569,19.31263503,440.61,11,7239.12,6239.12
570,22.58206199,404.38,10,7239.12,6239.12
571,24.6471081,476.68,10,7239.12,6239.12
572,13.04476636,601.68,10,7239.12,6239.12
573,13.25097396,345.62,10,7239.12,6239.12
574,16.54421687,321.56,13,7239.12,6239.12
575,21.57037111,531.33,8,7239.12,6239.12
576,14.73072656,399.36,8,7239.12,6239.12
577,27.2304086,328.75,11,7239.12,6239.12
578,13.95600199,646.89,9,7239.12,6239.12
579,26.057,372.3,7,7239.12,6239.12
580,11.53019037,466.23,12,7239.12,6239.12
581,9.204027767,438.79,11,7239.12,6239.12
582,15.35877863,642.27,8,7239.12,6239.12
583,9.161,414.13,9,7239.12,6239.12
584,13.80845091,452.99,11,7239.12,6239.12
585,28.57661215,360.14,10,7239.12,6239.12
586,25.439,444.05,10,7239.12,6239.12
587,32.816,470.4,10,7239.12,6239.12
588,21.94432362,302.7,11,7239.12,6239.12
589,23.47479402,484.09,7,7239.12,6239.12
590,36.91590055,459.83,9,7239.12,6239.12
591,39.91035842,562.76,8,7239.12,6239.12
592,11.256,332.3,14,7239.12,6239.12
593,39.80545718,398.99,9,7239.12,6239.12
594,12.79199349,419.17,6,7239.12,6239.12
595,16.97164003,329.86,10,7239.12,6239.12
596,18.22682821,608.53,13,7239.12,6239.12
597,24.38441876,247.08,10,7239.12,6239.12
598,18.54506112,511.33,8,7239.12,6239.12
599,14.24489076,287.37,10,7239.12,6239.12
600,13.49112426,319.2,11,7239.12,6239.12
601,14.94238581,518.1,8,7239.12,6239.12
602,22.61910934,414.6,7,7239.12,6239.12
603,14.29302606,765.36,11,7239.12,6239.12
604,18.91448819,411.31,12,7239.12,6239.12
605,28.51888394,466.34,9,7239.12,6239.12
606,20.018,436.1,10,7239.12,6239.12
607,26.77583064,404.5,11,7239.12,6239.12
608,33.53304087,441.14,8,7239.12,6239.12
609,9.383392987,688.97,9,7239.12,6239.12
610,14.4411608,550.39,9,7239.12,6239.12
611,16.55820866,577.09,13,7239.12,6239.12
612,14.98860917,260.46,11,7239.12,6239.12
613,19.52262352,316.45,10,7239.12,6239.12
614,26.783,437.48,10,7239.12,6239.12
615,11.06559567,385.01,10,7239.12,6239.12
616,11.12591414,559.45,11,7239.12,6239.12
617,26.46407347,316.11,8,7239.12,6239.12
618,22.50022556,359,7,7239.12,6239.12
619,9.941071203,456.01,7,7239.12,6239.12
620,9.087954131,317.35,14,7239.12,6239.12
621,13.53331166,447.05,8,7239.12,6239.12
622,16.52655487,345.21,9,7239.12,6239.12
623,13.79513597,341.7,9,7239.12,6239.12
624,26.619,430.65,11,7239.12,6239.12
625,9.185599379,312.45,9,7239.12,6239.12
626,22.5525777,407.57,9,7239.12,6239.12
627,34.12932601,478.56,9,7239.12,6239.12
628,12.43220174,390.35,11,7239.12,6239.12
629,27.31399469,394.72,9,7239.12,6239.12
630,11.08000679,489.21,15,7239.12,6239.12
631,14.323,409.5,12,7239.12,6239.12
632,19.9111347,374.87,12,7239.12,6239.12
633,16.197,470.11,9,7239.12,6239.12
634,18.58779333,322.31,15,7239.12,6239.12
635,26.25106865,404.76,10,7239.12,6239.12
636,17.79203358,718.88,7,7239.12,6239.12
637,47.639,476.39,10,7239.12,6239.12
638,19.14957083,282.88,9,7239.12,6239.12
639,19.1683856,346.62,12,7239.12,6239.12
640,7.547616295,341.57,7,7239.12,6239.12
641,13.03126636,552.57,10,7239.12,6239.12
642,15.96617746,478.53,10,7239.12,6239.12
643,18.22083172,277.3,9,7239.12,6239.12
644,10.03688938,343.91,8,7239.12,6239.12
645,7.600089039,460.37,8,7239.12,6239.12
646,13.09928418,495.82,9,7239.12,6239.12
647,14.32511653,403.51,9,7239.12,6239.12
648,30.2280085,554.39,11,7239.12,6239.12
649,21.33354181,518.54,9,7239.12,6239.12
650,34.08097921,420.44,7,7239.12,6239.12
651,24.61773958,403.21,10,7239.12,6239.12
652,13.81572798,411.73,8,7239.12,6239.12
653,18.508,653.76,6,7239.12,6239.12
654,16.71727513,514.68,10,7239.12,6239.12
655,17.46010706,519.45,12,7239.12,6239.12
656,24.73474557,488.05,10,7239.12,6239.12
657,48.50295051,600.84,10,7239.12,6239.12
658,6.335802687,392.91,10,7239.12,6239.12
659,13.63308337,633.82,9,7239.12,6239.12
660,17.97154379,412.86,17,7239.12,6239.12
661,14.92685149,373.01,11,7239.12,6239.12
662,24.29566872,597.62,10,7239.12,6239.12
663,28.02550978,399.26,11,7239.12,6239.12
664,21.11940935,413.7,9,7239.12,6239.12
665,24.45272473,409.5,8,7239.12,6239.12
666,7.648429134,372.44,9,7239.12,6239.12
667,13.55658393,373.02,10,7239.12,6239.12
668,14.25603591,324.58,8,7239.12,6239.12
669,28.09306726,364.17,11,7239.12,6239.12
670,11.22052562,452.58,9,7239.12,6239.12
671,11.62771735,243.92,8,7239.12,6239.12
672,11.38064019,377.08,10,7239.12,6239.12
673,41.03385412,544.42,13,7239.12,6239.12
674,15.69332737,306.91,8,7239.12,6239.12
675,16.72643685,647.02,8,7239.12,6239.12
676,32.74407663,389.72,12,7239.12,6239.12
677,24.56757155,584.18,11,7239.12,6239.12
678,18.05314879,499.92,9,7239.12,6239.12
679,13.27185036,639.24,10,7239.12,6239.12
680,51.019,857.74,9,7239.12,6239.12
681,27.51976151,340.68,9,7239.12,6239.12
682,11.266,317.12,8,7239.12,6239.12
683,21.3062299,444.2,12,7239.12,6239.12
684,15.16831411,529.72,9,7239.12,6239.12
685,24.59493033,418.62,9,7239.12,6239.12
686,12.21996219,349.2,10,7239.12,6239.12
687,33.66748166,412.89,11,7239.12,6239.12
688,21.02044038,442.67,12,7239.12,6239.12
689,9.003654913,590.24,8,7239.12,6239.12
690,13.99221426,493.87,8,7239.12,6239.12
691,21.18205475,364.87,10,7239.12,6239.12
692,14.71994378,313.5,10,7239.12,6239.12
693,28.94133071,451.66,9,7239.12,6239.12
694,12.66430286,453.61,12,7239.12,6239.12
695,9.046334659,541.33,11,7239.12,6239.12
696,15.70702017,333.97,10,7239.12,6239.12
697,22.7718984,383.09,11,7239.12,6239.12
698,18.56678622,361.38,13,7239.12,6239.12
699,21.88222287,453.61,8,7239.12,6239.12
700,23.801,470.12,8,7239.12,6239.12
701,22.82934879,777.49,8,7239.12,6239.12
702,25.17834334,447.48,13,7239.12,6239.12
703,55.01513865,595.99,12,7239.12,6239.12
704,41.46237423,495.72,12,7239.12,6239.12
705,26.64161667,480.01,10,7239.12,6239.12
706,12.40769988,427.54,8,7239.12,6239.12
707,24.99329405,472.95,7,7239.12,6239.12
708,15.62527326,477.84,9,7239.12,6239.12
709,16.82598983,390.93,11,7239.12,6239.12
710,13.91963476,438.76,12,7239.12,6239.12
711,14.39141956,373,8,7239.12,6239.12
712,26.03959421,334.03,10,7239.12,6239.12
713,17.38274221,268,12,7239.12,6239.12
714,21.08448735,248.77,9,7239.12,6239.12
715,15.88352062,469.69,10,7239.12,6239.12
716,20.79098723,456.14,8,7239.12,6239.12
717,19.82718597,538.09,9,7239.12,6239.12
718,20.58410873,313.9,8,7239.12,6239.12
719,16.54420502,485.47,10,7239.12,6239.12
720,21.072,373.23,7,7239.12,6239.12
721,20.17367538,532.93,11,7239.12,6239.12
722,19.39867097,404.02,7,7239.12,6239.12
723,13.70424078,301.47,8,7239.12,6239.12
724,12.42936556,541.54,13,7239.12,6239.12
725,27.244,358.9,9,7239.12,6239.12
726,10.339,568.75,13,7239.12,6239.12
727,28.57557952,708.08,9,7239.12,6239.12
728,20.51367262,888.77,10,7239.12,6239.12
729,20.06719108,356.07,11,7239.12,6239.12
730,17.7960658,361.6,11,7239.12,6239.12
731,6.529295359,323.33,13,7239.12,6239.12
732,11.29223956,376.14,11,7239.12,6239.12
733,12.26231746,492.58,8,7239.12,6239.12
734,27.03788698,399.28,9,7239.12,6239.12
735,15.08388011,404.61,12,7239.12,6239.12
736,22.95052025,609.65,10,7239.12,6239.12
737,23.25701898,439.86,10,7239.12,6239.12
738,23.88026045,462.49,8,7239.12,6239.12
739,13.43117989,379.48,10,7239.12,6239.12
740,40.96358772,460.91,12,7239.12,6239.12
741,14.09924034,316.35,10,7239.12,6239.12
742,27.74907256,457.03,15,7239.12,6239.12
743,14.53975781,421.19,10,7239.12,6239.12
744,19.58122393,491.99,10,7239.12,6239.12
745,12.75337573,452.36,7,7239.12,6239.12
746,19.017,537.21,13,7239.12,6239.12
747,12.9606746,607.59,8,7239.12,6239.12
748,21.42331991,486.62,10,7239.12,6239.12
749,13.18317754,489.52,8,7239.12,6239.12
750,21.933,405.05,10,7239.12,6239.12
751,9.19858239,468.26,13,7239.12,6239.12
752,33.48554812,458.31,9,7239.12,6239.12
753,19.18597855,475.96,11,7239.12,6239.12
754,21.87858082,485.36,9,7239.12,6239.12
755,14.40891585,368.51,16,7239.12,6239.12
756,24.30191196,382.36,7,7239.12,6239.12
757,23.73795716,419.77,9,7239.12,6239.12
758,11.11429763,648.24,11,7239.12,6239.12
759,46.00478577,609.23,8,7239.12,6239.12
760,16.8174013,432.89,9,7239.12,6239.12
761,83.6084729,837.18,8,7239.12,6239.12
762,13.41186444,442.64,9,7239.12,6239.12
763,28.7,408.11,8,7239.12,6239.12
764,23.93198645,445.75,8,7239.12,6239.12
765,15.69703939,435.45,9,7239.12,6239.12
766,9.035142164,474.56,8,7239.12,6239.12
767,17.21411719,335.47,11,7239.12,6239.12
768,33.1739276,430.82,10,7239.12,6239.12
769,23.67610188,404.17,8,7239.12,6239.12
770,12.73752944,455.88,7,7239.12,6239.12
771,15.27491712,647.36,12,7239.12,6239.12
772,19.07322163,310.76,9,7239.12,6239.12
773,13.91651527,366.39,9,7239.12,6239.12
774,22.30549225,382.01,12,7239.12,6239.12
775,11.65686321,314.89,9,7239.12,6239.12
776,21.79960205,443.72,9,7239.12,6239.12
777,29.26116426,316.29,8,7239.12,6239.12
778,14.21480575,430.58,8,7239.12,6239.12
779,14.59206054,454.01,12,7239.12,6239.12
780,26.05938746,379.74,10,7239.12,6239.12
781,20.21408651,376.17,12,7239.12,6239.12
782,15.49287192,457.63,10,7239.12,6239.12
783,43.07495581,572.66,11,7239.12,6239.12
784,8.945489659,379.79,8,7239.12,6239.12
785,12.87845018,427.58,10,7239.12,6239.12
786,6.765740146,446.74,7,7239.12,6239.12
787,23.32510128,383.46,7,7239.12,6239.12
788,11.52598173,336.47,13,7239.12,6239.12
789,6.105145827,416.38,8,7239.12,6239.12
790,19.66214507,404.12,9,7239.12,6239.12
791,13.33076383,438.53,9,7239.12,6239.12
792,8.74820871,478.44,11,7239.12,6239.12
793,26.08675114,662.7,11,7239.12,6239.12
794,49.09749708,953.93,10,7239.12,6239.12
795,11.8699187,384.7,13,7239.12,6239.12
796,12.47323637,538.63,8,7239.12,6239.12
797,20.9625999,397.1,14,7239.12,6239.12
798,15.51164076,352.46,9,7239.12,6239.12
799,12.13371765,339.3,7,7239.12,6239.12
800,29.38653702,362.74,10,7239.12,6239.12
801,11.65102742,459.16,12,7239.12,6239.12
802,23.68070342,564.12,9,7239.12,6239.12
803,14.004,464.01,7,7239.12,6239.12
804,11.3267899,400.1,9,7239.12,6239.12
805,13.96133058,436.79,9,7239.12,6239.12
806,41.28424476,429.03,9,7239.12,6239.12
807,26.45940699,489.29,11,7239.12,6239.12
808,21.66753538,336.72,8,7239.12,6239.12
809,22.71422167,365.03,8,7239.12,6239.12
810,26.10676498,609.7,10,7239.12,6239.12
811,17.818,508.81,12,7239.12,6239.12
812,11.86428861,288.85,9,7239.12,6239.12
813,11.61328408,392.02,10,7239.12,6239.12
814,15.25393812,492.6,14,7239.12,6239.12
815,21.64197794,345.67,9,7239.12,6239.12
816,19.04885406,536.17,11,7239.12,6239.12
817,23.54687572,362.71,13,7239.12,6239.12
818,16.63483803,377.17,10,7239.12,6239.12
819,27.58546506,586.11,11,7239.12,6239.12
820,19.4802444,587.52,11,7239.12,6239.12
821,14.764,368.87,8,7239.12,6239.12
822,25.42365101,389.9,8,7239.12,6239.12
823,12.65517687,390.12,10,7239.12,6239.12
824,26.6993675,477.2,8,7239.12,6239.12
825,19.31895876,419.91,8,7239.12,6239.12
826,15.51438577,524.56,9,7239.12,6239.12
827,23.08897613,664.57,19,7239.12,6239.12
828,31.8178531,659.95,7,7239.12,6239.12
829,15.916,358.29,10,7239.12,6239.12
830,27.19190978,560.36,10,7239.12,6239.12
831,22.16584184,431.31,13,7239.12,6239.12
832,18.61239845,492.78,8,7239.12,6239.12
833,17.23651387,340.41,8,7239.12,6239.12
834,17.144,314.32,9,7239.12,6239.12
835,21.74141839,377.92,11,7239.12,6239.12
836,13.53287082,463.55,10,7239.12,6239.12
837,17.98246716,405.1,8,7239.12,6239.12
838,16.8701576,402.37,9,7239.12,6239.12
839,8.54818028,501.32,8,7239.12,6239.12
840,12.09553712,594.98,12,7239.12,6239.12
841,8.8656528,436.17,9,7239.12,6239.12
842,18.0568451,672.08,11,7239.12,6239.12
843,19.51134063,478.03,8,7239.12,6239.12
844,20.37435724,386.14,11,7239.12,6239.12
845,12.07517883,289.31,8,7239.12,6239.12
846,31.913,329.81,13,7239.12,6239.12
847,29.50369294,575.96,10,7239.12,6239.12
848,11.50683779,683.65,8,7239.12,6239.12
849,39.71823022,421.47,9,7239.12,6239.12
850,18.73631759,409.1,9,7239.12,6239.12
851,47.09261896,568.86,14,7239.12,6239.12
852,17.02170018,397.8,10,7239.12,6239.12
853,11.70318442,503.65,11,7239.12,6239.12
854,22.73870633,529.53,8,7239.12,6239.12
855,13.47316825,589.32,11,7239.12,6239.12
856,13.49516513,515.86,9,7239.12,6239.12
857,16.00370738,604.34,8,7239.12,6239.12
858,18.78724082,319.72,9,7239.12,6239.12
859,19.20495388,308.01,10,7239.12,6239.12
860,11.479,682.25,14,7239.12,6239.12
861,16.36730011,308.72,9,7239.12,6239.12
862,17.019,472.08,8,7239.12,6239.12
863,6.041708187,427.79,9,7239.12,6239.12
864,10.88620929,543.58,8,7239.12,6239.12
865,6.330032734,403.77,7,7239.12,6239.12
866,35.00101495,775.92,10,7239.12,6239.12
867,17.72459667,356.76,12,7239.12,6239.12
868,20.46625973,460.31,10,7239.12,6239.12
869,14.23259058,289.73,11,7239.12,6239.12
870,12.91786228,268.76,8,7239.12,6239.12
871,9.996612021,528.04,10,7239.12,6239.12
872,13.10309471,477.11,13,7239.12,6239.12
873,15.81039461,487.26,8,7239.12,6239.12
874,17.08301689,522.44,16,7239.12,6239.12
875,29.62358817,526.66,8,7239.12,6239.12
876,11.04978538,277.51,9,7239.12,6239.12
877,20.13787888,680.9,8,7239.12,6239.12
878,15.66145976,515.83,8,7239.12,6239.12
879,20.679,457.36,14,7239.12,6239.12
880,12.31921488,400.72,11,7239.12,6239.12
881,11.6172652,257.88,10,7239.12,6239.12
882,23.79856752,415.24,10,7239.12,6239.12
883,10.89901439,363.23,7,7239.12,6239.12
884,36.56672958,521.16,8,7239.12,6239.12
885,29.22848665,648.13,12,7239.12,6239.12
886,27.360273,328.72,7,7239.12,6239.12
887,11.2029051,696.6,9,7239.12,6239.12
888,14.028,299.14,10,7239.12,6239.12
889,18.125,378.48,10,7239.12,6239.12
890,10.71683854,533.75,10,7239.12,6239.12
891,34.49410055,412.06,8,7239.12,6239.12
892,14.4745243,438.52,7,7239.12,6239.12
893,15.73669559,534.19,9,7239.12,6239.12
894,33.5992082,577.1,9,7239.12,6239.12
895,14.26617626,399.51,10,7239.12,6239.12
896,17.38891388,413.51,10,7239.12,6239.12
897,12.791,583.87,8,7239.12,6239.12
898,32.88877873,446.19,5,7239.12,6239.12
899,11.58980186,283.79,9,7239.12,6239.12
900,29.68823467,472.77,10,7239.12,6239.12
901,15.53379232,761.03,9,7239.12,6239.12
902,13.86867759,391.84,10,7239.12,6239.12
903,20.76712716,327.06,9,7239.12,6239.12
904,19.06441199,620.07,13,7239.12,6239.12
905,12.89273688,400.87,9,7239.12,6239.12
906,27.62974045,529.67,9,7239.12,6239.12
907,20.63986661,381.76,12,7239.12,6239.12
908,8.475273551,328.87,8,7239.12,6239.12
909,18.9410112,490.29,9,7239.12,6239.12
910,16.3779059,359.64,8,7239.12,6239.12
911,27.24701272,394.94,9,7239.12,6239.12
912,10.86952725,560.06,9,7239.12,6239.12
913,27.75691238,379.87,9,7239.12,6239.12
914,17.05783463,390.68,9,7239.12,6239.12
915,20.15698692,318.22,8,7239.12,6239.12
916,41.1777568,414.31,12,7239.12,6239.12
917,13.91455704,543.5,10,7239.12,6239.12
918,13.891,388.59,11,7239.12,6239.12
919,9.579518917,297.81,9,7239.12,6239.12
920,17.67244665,566.7,11,7239.12,6239.12
921,9.377110694,359.54,11,7239.12,6239.12
922,32.97093936,478.82,9,7239.12,6239.12
923,23.04076058,488.98,8,7239.12,6239.12
924,16.21484928,426.1,17,7239.12,6239.12
925,15.9317342,383.3,11,7239.12,6239.12
926,16.65135653,344.34,8,7239.12,6239.12
927,20.7974849,494.82,9,7239.12,6239.12
928,14.75986275,730.7,19,7239.12,6239.12
929,13.22768569,669.6,9,7239.12,6239.12
930,20.05280418,354.17,9,7239.12,6239.12
931,36.28282238,397.54,9,7239.12,6239.12
932,8.10065323,441.5,10,7239.12,6239.12
933,7.00738335,350.4,8,7239.12,6239.12
934,10.77791283,393.19,11,7239.12,6239.12
935,38.20412169,479.07,9,7239.12,6239.12
936,19.05698338,324.99,12,7239.12,6239.12
937,14.14978197,430,9,7239.12,6239.12
938,23.55243713,385.69,10,7239.12,6239.12
939,14.90761631,570.74,12,7239.12,6239.12
940,8.088972108,303.29,10,7239.12,6239.12
941,35.59890354,424.67,6,7239.12,6239.12
942,12.2231523,323.37,12,7239.12,6239.12
943,31.2536174,426.59,9,7239.12,6239.12
944,17.50753749,526.71,8,7239.12,6239.12
945,25.201934,556.66,11,7239.12,6239.12
946,34.56288635,526.69,9,7239.12,6239.12
947,28.69597882,473.63,9,7239.12,6239.12
948,13.8355035,528.62,14,7239.12,6239.12
949,25.30375692,384.65,12,7239.12,6239.12
950,22.56291857,316.2,11,7239.12,6239.12
951,16.8951577,233.54,10,7239.12,6239.12
952,21.29849893,358.55,9,7239.12,6239.12
953,15.95208706,300.17,12,7239.12,6239.12
954,22.13756678,583.44,10,7239.12,6239.12
955,8.166141279,398.68,7,7239.12,6239.12
956,26.09039802,330.54,14,7239.12,6239.12
957,29.42334286,383.16,15,7239.12,6239.12
958,22.46177408,454.66,7,7239.12,6239.12
959,7.235468424,520.83,11,7239.12,6239.12
960,93.86792924,939.74,18,7239.12,6239.12
961,13.07607731,521.94,8,7239.12,6239.12
962,13.8085376,384.71,8,7239.12,6239.12
963,16.175,390.91,11,7239.12,6239.12
964,12.18514279,591.86,10,7239.12,6239.12
965,18.29043577,373.22,8,7239.12,6239.12
966,28.236,338.42,8,7239.12,6239.12
967,35.6607329,533.67,14,7239.12,6239.12
968,17.64388822,356.73,9,7239.12,6239.12
969,17.40899619,422.3,8,7239.12,6239.12
970,19.07152925,393.85,9,7239.12,6239.12
971,35.59253485,484.03,9,7239.12,6239.12
972,15.73825736,544.55,10,7239.12,6239.12
973,31.18887114,400.2,15,7239.12,6239.12
974,15.99416331,364.36,8,7239.12,6239.12
975,27.523,458.31,7,7239.12,6239.12
976,19.15323646,460.44,12,7239.12,6239.12
977,9.111639397,379.77,10,7239.12,6239.12
978,21.98603654,479.92,7,7239.12,6239.12
979,42.34290371,530.04,10,7239.12,6239.12
980,14.04524391,600.38,10,7239.12,6239.12
981,18.1687946,414.14,10,7239.12,6239.12
982,23.8324841,459.74,8,7239.12,6239.12
983,12.289,388.62,14,7239.12,6239.12
984,8.66615058,446.14,7,7239.12,6239.12
985,28.07339152,346.1,11,7239.12,6239.12
986,28.74031444,344.77,15,7239.12,6239.12
987,18.65875399,315.04,9,7239.12,6239.12
988,16.26390115,681.43,8,7239.12,6239.12
989,60.16197455,624,13,7239.12,6239.12
990,17.58947025,571.65,11,7239.12,6239.12
991,13.68946381,506.93,8,7239.12,6239.12
992,22.42536989,567.77,11,7239.12,6239.12
993,12.52843044,459.43,10,7239.12,6239.12
994,7.583116632,387.13,9,7239.12,6239.12
995,48.7382793,663.25,9,7239.12,6239.12
996,15.45013103,388.56,11,7239.12,6239.12
997,17.595,394.74,13,7239.12,6239.12
998,16.76701077,635.24,9,7239.12,6239.12
999,14.95584662,502.72,8,7239.12,6239.12
1000,31.66227253,737.37,7,7239.12,6239.12
1001,15.84556299,343.67,11,7239.12,6239.12
1002,11.27072385,642.97,16,7239.12,6239.12
1003,18.39947498,520.22,9,7239.12,6239.12
1004,9.563609645,516.74,11,7239.12,6239.12
1005,34.14690283,682.46,8,7239.12,6239.12
1006,21.805,374.1,17,7239.12,6239.12
1007,16.50158584,415.07,10,7239.12,6239.12
1008,21.87012987,470.43,10,7239.12,6239.12
1009,24.58942027,330.48,8,7239.12,6239.12
1010,22.22146927,528.54,11,7239.12,6239.12
1011,16.01834896,409.7,11,7239.12,6239.12
1012,18.68195865,397.78,9,7239.12,6239.12
1013,16.37032352,361.16,6,7239.12,6239.12
1014,34.90897905,703.58,8,7239.12,6239.12
1015,18.31141034,382.59,9,7239.12,6239.12
1016,47.15484393,483.87,9,7239.12,6239.12
1017,22.75569251,266.47,8,7239.12,6239.12
1018,12.651,558.31,10,7239.12,6239.12
1019,25.50275819,384.84,7,7239.12,6239.12
1020,16.17833293,369.63,11,7239.12,6239.12
1021,9.537886819,472.34,11,7239.12,6239.12
1022,14.14850022,366.42,8,7239.12,6239.12
1023,25.00875625,563.7,13,7239.12,6239.12
1024,38.371,513.31,8,7239.12,6239.12
1025,10.37207729,662.84,10,7239.12,6239.12
1026,23.25475053,375.52,9,7239.12,6239.12
1027,16.89922777,576.7,9,7239.12,6239.12
1028,13.22029383,569.3,10,7239.12,6239.12
1029,7.076618349,366.02,10,7239.12,6239.12
1030,27.42233794,434.8,11,7239.12,6239.12
1031,30.714,440.1,10,7239.12,6239.12
1032,20.315,363.01,10,7239.12,6239.12
1033,30.57291357,394.65,7,7239.12,6239.12
1034,41.6705189,432.69,11,7239.12,6239.12
1035,20.96560034,358.43,10,7239.12,6239.12
1036,32.04324543,792.83,9,7239.12,6239.12
1037,13.27302048,369.94,8,7239.12,6239.12
1038,27.88496954,433.31,9,7239.12,6239.12
1039,25.15724903,775.52,8,7239.12,6239.12
1040,28.27377152,420.66,6,7239.12,6239.12
1041,35.17266563,589.73,10,7239.12,6239.12
1042,21.76492691,441.38,11,7239.12,6239.12
1043,23.07835593,396.47,10,7239.12,6239.12
1044,9.24325011,524.24,12,7239.12,6239.12
1045,13.03524713,305.76,9,7239.12,6239.12
1046,17.11036867,501.38,8,7239.12,6239.12
1047,11.59593703,607.54,8,7239.12,6239.12
1048,23.56234235,434.36,9,7239.12,6239.12
1049,20.04353936,309.82,12,7239.12,6239.12
1050,44.04229711,461.07,9,7239.12,6239.12
1051,23.78985541,410.67,8,7239.12,6239.12
1052,15.71243593,306.31,7,7239.12,6239.12
1053,20.01529669,471.05,9,7239.12,6239.12
1054,29.57519554,531.27,7,7239.12,6239.12
1055,22.56953384,257.98,10,7239.12,6239.12
1056,20.09213775,277.17,9,7239.12,6239.12
1057,15.55729421,397.8,12,7239.12,6239.12
1058,11.4257357,516.89,8,7239.12,6239.12
1059,50.672,506.72,11,7239.12,6239.12
1060,23.6146867,704.07,10,7239.12,6239.12
1061,14.25763858,409.89,10,7239.12,6239.12
1062,19.40307234,413.97,12,7239.12,6239.12
1063,21.22529034,572.24,10,7239.12,6239.12
1064,17.72069966,422.1,9,7239.12,6239.12
1065,16.87183923,456.39,12,7239.12,6239.12
1066,15.01252608,329.71,9,7239.12,6239.12
1067,24.8948671,494.9,15,7239.12,6239.12
1068,10.94784716,432.81,9,7239.12,6239.12
1069,31.21715413,422.34,9,7239.12,6239.12
1070,16.75827754,424.96,11,7239.12,6239.12
1071,22.07466818,543.35,10,7239.12,6239.12
1072,14.82340145,414.29,10,7239.12,6239.12
1073,22.5715293,425.39,13,7239.12,6239.12
1074,36.69882815,517.67,12,7239.12,6239.12
1075,13.6074874,524.57,11,7239.12,6239.12
1076,63.1198285,945.15,8,7239.12,6239.12
1077,53.819228,673.44,9,7239.12,6239.12
1078,15.39331972,647.44,10,7239.12,6239.12
1079,15.02546848,644.83,11,7239.12,6239.12
1080,21.15007305,506.65,9,7239.12,6239.12
1081,24.08604537,409.77,15,7239.12,6239.12
1082,36.09957686,672.23,10,7239.12,6239.12
1083,19.45470369,423.7,10,7239.12,6239.12
1084,36.194,361.94,8,7239.12,6239.12
1085,10.54029008,345.06,8,7239.12,6239.12
1086,13.88854187,667.05,13,7239.12,6239.12
1087,26.807,584.49,9,7239.12,6239.12
1088,23.90837102,588.44,16,7239.12,6239.12
1089,33.80854288,523.59,8,7239.12,6239.12
1090,42.78829025,432.35,13,7239.12,6239.12
1091,15.63204179,505.72,11,7239.12,6239.12
1092,18.73754618,347.93,12,7239.12,6239.12
1093,55.75354548,562.57,9,7239.12,6239.12
1094,25.28393878,316.34,8,7239.12,6239.12
1095,10.24022413,410.55,12,7239.12,6239.12
1096,22.72096629,529.73,11,7239.12,6239.12
1097,15.66534413,298.83,9,7239.12,6239.12
1098,10.81059309,462.76,9,7239.12,6239.12
1099,29.00883004,449.75,9,7239.12,6239.12
1100,19.3522665,364.22,9,7239.12,6239.12
1101,10.16593708,507.29,11,7239.12,6239.12
1102,20.24283798,596.02,8,7239.12,6239.12
1103,23.50661442,451.79,8,7239.12,6239.12
1104,16.72316909,307.56,13,7239.12,6239.12
1105,17.61177714,538.05,8,7239.12,6239.12
1106,31.8897758,454.17,9,7239.12,6239.12
1107,11.96247294,361.86,8,7239.12,6239.12
1108,42.57289438,429.85,7,7239.12,6239.12
1109,20.54985341,543.66,10,7239.12,6239.12
1110,21.96875279,417.76,9,7239.12,6239.12
1111,8.023105268,312.86,11,7239.12,6239.12
1112,20.81131115,372.1,8,7239.12,6239.12
1113,14.95543757,269.96,14,7239.12,6239.12
1114,16.44267985,473.86,13,7239.12,6239.12
1115,8.477961711,350.46,11,7239.12,6239.12
1116,7.821774164,531.47,8,7239.12,6239.12
1117,13.0496961,407.45,7,7239.12,6239.12
1118,15.21553137,245.61,9,7239.12,6239.12
1119,12.67650473,348.62,10,7239.12,6239.12
1120,11.53726314,401.51,8,7239.12,6239.12
1121,27.82595078,601.38,12,7239.12,6239.12
1122,20.37727588,388.98,12,7239.12,6239.12
1123,30.84679183,666.76,12,7239.12,6239.12
1124,10.08803236,288.74,10,7239.12,6239.12
1125,12.25951007,458.61,9,7239.12,6239.12
1126,9.660382745,645.94,8,7239.12,6239.12
1127,17.1087511,409.19,12,7239.12,6239.12
1128,30.25850066,541.14,11,7239.12,6239.12
1129,7.509,386.69,8,7239.12,6239.12
1130,6.849210946,450.55,11,7239.12,6239.12
1131,15.27184478,486.15,10,7239.12,6239.12
1132,11.11883118,293.01,7,7239.12,6239.12
1133,24.48493942,417.74,10,7239.12,6239.12
1134,20.66865682,680.28,11,7239.12,6239.12
1135,22.74976338,485.53,8,7239.12,6239.12
1136,17.81573683,461.31,12,7239.12,6239.12
1137,20.15129011,441.87,8,7239.12,6239.12
1138,15.58536093,269.87,10,7239.12,6239.12
1139,14.37214375,523.81,11,7239.12,6239.12
1140,16.40295592,261.78,9,7239.12,6239.12
1141,18.60109542,492.74,14,7239.12,6239.12
1142,18.18256987,527.76,11,7239.12,6239.12
1143,19.74021705,342.18,9,7239.12,6239.12
1144,20.27628366,438.93,10,7239.12,6239.12
1145,19.52592315,438.15,7,7239.12,6239.12
1146,21.15822555,391.15,10,7239.12,6239.12
1147,11.39,463.14,13,7239.12,6239.12
1148,48.23376498,500.98,8,7239.12,6239.12
1149,37.77579901,593.93,6,7239.12,6239.12
1150,13.29748396,408.17,7,7239.12,6239.12
1151,18.35646427,295.47,7,7239.12,6239.12
1152,15.107,556.9,11,7239.12,6239.12
1153,12.06259531,583.75,10,7239.12,6239.12
1154,10.7785557,382.92,10,7239.12,6239.12
1155,13.46834871,638.44,12,7239.12,6239.12
1156,11.70510038,389.98,10,7239.12,6239.12
1157,15.19995922,298.17,9,7239.12,6239.12
1158,25.76741826,390.07,8,7239.12,6239.12
1159,11.27847047,617.39,10,7239.12,6239.12
1160,17.24387775,521.21,7,7239.12,6239.12
1161,18.87321911,299.39,10,7239.12,6239.12
1162,20.85343228,282.36,9,7239.12,6239.12
1163,24.7184111,696.33,12,7239.12,6239.12
1164,18.36221903,503.77,12,7239.12,6239.12
1165,23.08692335,258.55,8,7239.12,6239.12
1166,18.36797487,556.64,8,7239.12,6239.12
1167,19.51534622,397.27,10,7239.12,6239.12
1168,12.61897617,584.5,9,7239.12,6239.12
1169,30.99337427,510.34,8,7239.12,6239.12
1170,17.424,321.74,11,7239.12,6239.12
1171,25.28183736,373.88,10,7239.12,6239.12
1172,42.173,421.73,8,7239.12,6239.12
1173,15.905,323.69,9,7239.12,6239.12
1174,18.53705729,501.61,11,7239.12,6239.12
1175,31.36459768,484.95,11,7239.12,6239.12
1176,31.75685299,427.13,9,7239.12,6239.12
1177,33.97665776,416.88,10,7239.12,6239.12
1178,19.38897214,317.93,12,7239.12,6239.12
1179,11.81347807,480.38,7,7239.12,6239.12
1180,21.72491415,396.66,12,7239.12,6239.12
1181,16.0107461,475.58,9,7239.12,6239.12
1182,22.1766526,399.24,7,7239.12,6239.12
1183,19.6374052,419.4,9,7239.12,6239.12
1184,18.84314221,276.02,10,7239.12,6239.12
1185,37.02544752,510.12,19,7239.12,6239.12
1186,17.29350078,463.56,11,7239.12,6239.12
1187,23.15,408.63,9,7239.12,6239.12
1188,27.17866154,466.04,7,7239.12,6239.12
1189,34.854,348.54,9,7239.12,6239.12
1190,28.26687872,425.2,11,7239.12,6239.12
1191,15.50058407,630.8,8,7239.12,6239.12
1192,29.03573262,401.66,10,7239.12,6239.12
1193,34.9922088,604.53,11,7239.12,6239.12
1194,18.561,323.78,12,7239.12,6239.12
1195,9.092890329,634.5,11,7239.12,6239.12
1196,11.61132965,491.98,11,7239.12,6239.12
1197,23.09502206,369.07,8,7239.12,6239.12
1198,30.28592983,409.49,12,7239.12,6239.12
1199,18.796,357.65,7,7239.12,6239.12
1200,33.18774241,474.9,9,7239.12,6239.12
1201,37.32,373.2,17,7239.12,6239.12
1202,21.07355865,457.92,13,7239.12,6239.12
1203,22.5632447,516.59,13,7239.12,6239.12
1204,12.20024999,570.99,8,7239.12,6239.12
1205,25.67589636,330.9,10,7239.12,6239.12
1206,20.48812521,330.02,8,7239.12,6239.12
1207,8.242,322.44,8,7239.12,6239.12
1208,11.65679895,310.29,6,7239.12,6239.12
1209,15.53201329,371.63,10,7239.12,6239.12
1210,18.65273508,352.53,12,7239.12,6239.12
1211,26.79814729,701.54,7,7239.12,6239.12
1212,14.45260854,438.3,7,7239.12,6239.12
1213,14.89428438,465.36,12,7239.12,6239.12
1214,27.39919669,379.3,10,7239.12,6239.12
1215,24.60184242,515.9,8,7239.12,6239.12
1216,15.50810324,388.73,14,7239.12,6239.12
1217,29.07009006,660.08,10,7239.12,6239.12
1218,15.70319881,359.38,10,7239.12,6239.12
1219,30.69378335,425.6,9,7239.12,6239.12
1220,14.92621258,350.14,8,7239.12,6239.12
1221,24.3413631,450.97,9,7239.12,6239.12
1222,19.04516881,362.5,10,7239.12,6239.12
1223,16.56415248,462.85,11,7239.12,6239.12
1224,11.93028941,346.21,10,7239.12,6239.12
1225,16.98782024,401.92,8,7239.12,6239.12
1226,23.13667519,417.89,10,7239.12,6239.12
1227,14.74618878,327.33,12,7239.12,6239.12
1228,17.5561251,547.05,9,7239.12,6239.12
1229,17.32755384,393.75,10,7239.12,6239.12
1230,32.78131898,369.77,9,7239.12,6239.12
1231,16.52780411,347.66,9,7239.12,6239.12
1232,11.92867416,391.48,9,7239.12,6239.12
1233,14.45764002,392.55,11,7239.12,6239.12
1234,29.17943212,385.47,8,7239.12,6239.12
1235,12.6294156,548.1,9,7239.12,6239.12
1236,30.97479243,435.36,10,7239.12,6239.12
1237,10.11639686,436.54,7,7239.12,6239.12
1238,26.77529341,699.7,14,7239.12,6239.12
1239,20.64080193,342.56,11,7239.12,6239.12
1240,11.23695761,403.52,9,7239.12,6239.12
1241,12.71516805,446.41,13,7239.12,6239.12
1242,24.11673465,388.3,9,7239.12,6239.12
1243,11.6934138,564.04,12,7239.12,6239.12
1244,35.72675565,397.58,7,7239.12,6239.12
1245,13.59898744,448.02,12,7239.12,6239.12
1246,12.2764967,363.14,9,7239.12,6239.12
1247,16.28917414,442.86,17,7239.12,6239.12
1248,11.69329911,410.45,7,7239.12,6239.12
1249,29.19851437,325.47,11,7239.12,6239.12
1250,24.38895587,378.27,9,7239.12,6239.12
1251,45.5245395,920.62,9,7239.12,6239.12
1252,7.693592415,430.14,7,7239.12,6239.12
1253,28.359,311.57,8,7239.12,6239.12
1254,55.39913017,564.29,17,7239.12,6239.12
1255,22.81509326,344.09,11,7239.12,6239.12
1256,55.11156998,592.51,9,7239.12,6239.12
1257,7.775607293,434.27,9,7239.12,6239.12
1258,17.13149329,358.01,11,7239.12,6239.12
1259,30.1864766,1274.79,11,7239.12,6239.12
1260,10.11458079,518.37,8,7239.12,6239.12
1261,19.49634781,406.84,9,7239.12,6239.12
1262,16.80725639,394.31,9,7239.12,6239.12
1263,10.75530136,403.6,8,7239.12,6239.12
1264,22.4548855,475.04,10,7239.12,6239.12
1265,17.15318321,459.86,9,7239.12,6239.12
1266,44.72207384,745.11,8,7239.12,6239.12
1267,14.31329163,617.96,9,7239.12,6239.12
1268,11.1105553,370.98,18,7239.12,6239.12
1269,15.73814357,522.04,7,7239.12,6239.12
1270,36.48417184,468.61,9,7239.12,6239.12
1271,20.02059492,326.63,13,7239.12,6239.12
1272,27.726,321.98,11,7239.12,6239.12
1273,12.77684945,535.3,10,7239.12,6239.12
1274,11.11586647,471.76,10,7239.12,6239.12
1275,10.07380937,588.07,11,7239.12,6239.12
1276,12.99985313,275.36,8,7239.12,6239.12
1277,24.73996852,418.15,7,7239.12,6239.12
1278,12.85510827,496.14,11,7239.12,6239.12
1279,11.95136267,360.67,8,7239.12,6239.12
1280,18.72420947,410.65,10,7239.12,6239.12
1281,18.46021295,370.67,10,7239.12,6239.12
1282,30.953,457.65,13,7239.12,6239.12
1283,13.75561325,431.95,10,7239.12,6239.12
1284,26.631,472.09,11,7239.12,6239.12
1285,12.3295878,373.16,9,7239.12,6239.12
1286,13.76549102,405.1,8,7239.12,6239.12
1287,12.49824647,400.92,8,7239.12,6239.12
1288,13.85940127,302.62,10,7239.12,6239.12
1289,17.25936255,314.4,9,7239.12,6239.12
1290,23.664,518.67,11,7239.12,6239.12
1291,16.09632241,389.37,8,7239.12,6239.12
1292,12.17151893,461.09,13,7239.12,6239.12
1293,15.983,348.01,11,7239.12,6239.12
1294,11.25356237,543.03,13,7239.12,6239.12
1295,23.40858211,309.3,10,7239.12,6239.12
1296,42.94607688,569.13,7,7239.12,6239.12
1297,32.35029164,555.58,8,7239.12,6239.12
1298,12.64024483,332.99,8,7239.12,6239.12
1299,16.01435584,445.44,14,7239.12,6239.12
1300,24.13527427,413.5,10,7239.12,6239.12
1301,33.2991864,425.68,9,7239.12,6239.12
1302,10.48202983,564.35,10,7239.12,6239.12
1303,31.67529148,508.04,15,7239.12,6239.12
1304,26.10700689,486.63,11,7239.12,6239.12
1305,21.34343126,462.69,10,7239.12,6239.12
1306,11.47242045,491.77,8,7239.12,6239.12
1307,12.15015349,695.2,19,7239.12,6239.12
1308,32.16385378,321.69,9,7239.12,6239.12
1309,11.18234955,357.37,8,7239.12,6239.12
1310,15.16453699,365.81,9,7239.12,6239.12
1311,18.41812423,371.17,8,7239.12,6239.12
1312,11.88854722,361.2,9,7239.12,6239.12
1313,27.12237393,384.18,7,7239.12,6239.12
1314,9.980126294,475.61,12,7239.12,6239.12
1315,14.98200473,303.88,8,7239.12,6239.12
1316,28.39154475,401.3,13,7239.12,6239.12
1317,11.46166186,354.39,9,7239.12,6239.12
1318,31.27232698,452.93,10,7239.12,6239.12
1319,9.275193965,295.6,9,7239.12,6239.12
1320,36.51704163,644.88,17,7239.12,6239.12
1321,17.56444434,297.15,14,7239.12,6239.12
1322,10.23894746,397.05,9,7239.12,6239.12
1323,13.62479297,422.84,8,7239.12,6239.12
1324,17.28857176,428.62,9,7239.12,6239.12
1325,18.49605747,451.08,11,7239.12,6239.12
1326,35.90243178,431.48,10,7239.12,6239.12
1327,65.489,654.89,11,7239.12,6239.12
1328,16.40511812,365.66,12,7239.12,6239.12
1329,22.41977385,298.6,9,7239.12,6239.12
1330,21.407,564.45,13,7239.12,6239.12
1331,16.83509961,437.15,6,7239.12,6239.12
1332,16.82803301,353.1,10,7239.12,6239.12
1333,20.70555131,425.13,9,7239.12,6239.12
1334,17.80644889,524.9,7,7239.12,6239.12
1335,16.10678475,443.03,11,7239.12,6239.12
1336,21.70067962,369.82,11,7239.12,6239.12
1337,17.44529658,350.08,8,7239.12,6239.12
1338,34.056,340.56,8,7239.12,6239.12
1339,27.19184998,392.78,13,7239.12,6239.12
1340,21.07544203,414.3,11,7239.12,6239.12
1341,21.72478275,407.44,10,7239.12,6239.12
1342,16.11869391,392.61,11,7239.12,6239.12
1343,69.09,690.9,13,7239.12,6239.12
1344,19.87212065,391.94,9,7239.12,6239.12
1345,11.13691388,277.5,8,7239.12,6239.12
1346,55.53,555.3,7,7239.12,6239.12
1347,13.32376618,487.43,13,7239.12,6239.12
1348,23.36725382,463.28,11,7239.12,6239.12
1349,18.80919643,497.95,12,7239.12,6239.12
1350,23.70844564,430.41,12,7239.12,6239.12
1351,28.45185319,614.13,14,7239.12,6239.12
1352,21.57769094,583.78,11,7239.12,6239.12
1353,17.92115764,398.73,10,7239.12,6239.12
1354,11.18900798,404.26,6,7239.12,6239.12
1355,19.04734417,286.39,6,7239.12,6239.12
1356,13.38445173,280.22,10,7239.12,6239.12
1357,17.48894001,501.42,8,7239.12,6239.12
1358,8.886481727,411.84,10,7239.12,6239.12
1359,13.92675704,371.98,10,7239.12,6239.12
1360,16.41699337,301.92,10,7239.12,6239.12
1361,17.99400635,482.29,12,7239.12,6239.12
1362,9.941866854,533.75,10,7239.12,6239.12
1363,36.55075369,397.42,13,7239.12,6239.12
1364,21.76381504,326.22,9,7239.12,6239.12
1365,13.02186978,498.25,8,7239.12,6239.12
1366,16.09628009,368.3,8,7239.12,6239.12
1367,34.42363909,522.84,11,7239.12,6239.12
1368,21.94745533,548.46,8,7239.12,6239.12
1369,12.20327128,390.8,10,7239.12,6239.12
1370,12.94921924,426.52,9,7239.12,6239.12
1371,16.03929679,599.34,9,7239.12,6239.12
1372,20.01652027,370.76,12,7239.12,6239.12
1373,9.559069146,415.89,8,7239.12,6239.12
1374,8.045595961,409.3,7,7239.12,6239.12
1375,16.42153265,326.56,9,7239.12,6239.12
1376,19.41831139,414.59,12,7239.12,6239.12
1377,10.06148991,339.24,8,7239.12,6239.12
1378,20.34370452,549.14,7,7239.12,6239.12
1379,34.44234226,438.73,8,7239.12,6239.12
1380,20.7206621,374.3,7,7239.12,6239.12
1381,14.89161751,361.29,10,7239.12,6239.12
1382,17.112,514.06,9,7239.12,6239.12
1383,22.77126893,491.85,8,7239.12,6239.12
1384,10.21925643,434.61,13,7239.12,6239.12
1385,9.871964909,310.89,10,7239.12,6239.12
1386,27.96265611,364.51,15,7239.12,6239.12
1387,22.02466667,590.38,12,7239.12,6239.12
1388,19.32101688,356,12,7239.12,6239.12
1389,18.53114225,296.4,8,7239.12,6239.12
1390,15.45066458,407.76,10,7239.12,6239.12
1391,25.82913886,419.96,10,7239.12,6239.12
1392,26.52560108,548.94,10,7239.12,6239.12
1393,25.58899132,491.97,12,7239.12,6239.12
1394,27.42899084,439.9,14,7239.12,6239.12
1395,13.31929165,607.79,11,7239.12,6239.12
1396,13.14823572,443.87,8,7239.12,6239.12
1397,28.21585629,412.91,10,7239.12,6239.12
1398,14.93342848,791.07,10,7239.12,6239.12
1399,17.88214547,345.4,9,7239.12,6239.12
1400,15.12304579,288.46,9,7239.12,6239.12
1401,22.46,338.49,9,7239.12,6239.12
1402,18.30261087,538.45,11,7239.12,6239.12
1403,20.15926236,507.18,9,7239.12,6239.12
1404,22.25042983,331.3,11,7239.12,6239.12
1405,43.7212164,483.22,9,7239.12,6239.12
1406,16.36567218,386.02,12,7239.12,6239.12
1407,10.61650889,309.37,8,7239.12,6239.12
1408,11.82247396,650.8,12,7239.12,6239.12
1409,16.67757655,277.85,9,7239.12,6239.12
1410,18.7681657,808.87,9,7239.12,6239.12
1411,10.37114963,405.3,16,7239.12,6239.12
1412,14.54587214,331.55,12,7239.12,6239.12
1413,11.56188031,273.5,10,7239.12,6239.12
1414,26.64479035,376.76,9,7239.12,6239.12
1415,30.52962926,349.28,9,7239.12,6239.12
1416,10.84878252,354.74,10,7239.12,6239.12
1417,19.64815853,361.86,9,7239.12,6239.12
1418,14.10227941,436.21,8,7239.12,6239.12
1419,30.39609406,403.42,10,7239.12,6239.12
1420,17.61406178,295.86,8,7239.12,6239.12
1421,12.13507212,331.1,8,7239.12,6239.12
1422,13.76519738,389.83,9,7239.12,6239.12
1423,15.96825486,397.18,7,7239.12,6239.12
1424,14.55722391,573.46,9,7239.12,6239.12
1425,14.04430348,514.7,9,7239.12,6239.12
1426,20.77094407,318.51,9,7239.12,6239.12
1427,15.15840427,499.4,8,7239.12,6239.12
1428,18.30031442,307.1,10,7239.12,6239.12
1429,23.57913194,311.81,7,7239.12,6239.12
1430,25.30255111,374.92,11,7239.12,6239.12
1431,19.91398884,434.5,9,7239.12,6239.12
1432,42.98887932,439.14,13,7239.12,6239.12
1433,11.84696043,574.82,12,7239.12,6239.12
1434,24.185394,324.41,11,7239.12,6239.12
1435,20.91528849,651.94,9,7239.12,6239.12
1436,30.28551048,322.68,8,7239.12,6239.12
1437,21.53579436,423.08,8,7239.12,6239.12
1438,8.968128885,457.01,8,7239.12,6239.12
1439,17.99014038,416.38,9,7239.12,6239.12
1440,15.82199942,395.3,9,7239.12,6239.12
1441,16.55286014,386.89,8,7239.12,6239.12
1442,19.82717872,507.55,10,7239.12,6239.12
1443,40.20691764,788.1,8,7239.12,6239.12
1444,8.840439999,352.54,8,7239.12,6239.12
1445,9.981106067,497.69,12,7239.12,6239.12
1446,20.366,618.49,9,7239.12,6239.12
1447,16.78137677,369.06,11,7239.12,6239.12
1448,28.09710797,490.14,7,7239.12,6239.12
1449,23.43911266,842.82,8,7239.12,6239.12
1450,12.64956462,413.19,10,7239.12,6239.12
1451,25.58363866,444.83,9,7239.12,6239.12
1452,17.74430214,703.81,10,7239.12,6239.12
1453,31.36817317,458.22,10,7239.12,6239.12
1454,21.08718185,421.13,10,7239.12,6239.12
1455,15.352,374.35,18,7239.12,6239.12
1456,23.39958045,447.83,10,7239.12,6239.12
1457,21.84489627,655.81,12,7239.12,6239.12
1458,20.71627165,355.71,14,7239.12,6239.12
1459,18.45198359,576.78,9,7239.12,6239.12
1460,21.04863526,451.06,11,7239.12,6239.12
1461,13.65238027,506.07,10,7239.12,6239.12
1462,22.28552447,531.64,8,7239.12,6239.12
1463,10.64450078,607.19,9,7239.12,6239.12
1464,16.08854096,357.6,11,7239.12,6239.12
1465,25.70646866,474.21,10,7239.12,6239.12
1466,13.80504788,367.39,8,7239.12,6239.12
1467,44.89538105,479.77,13,7239.12,6239.12
1468,11.36084394,564.96,9,7239.12,6239.12
1469,25.05,316.68,9,7239.12,6239.12
1470,9.692700282,341.09,12,7239.12,6239.12
1471,20.4125099,568.47,9,7239.12,6239.12
1472,23.3276205,347.22,11,7239.12,6239.12
1473,13.69293473,409.86,9,7239.12,6239.12
1474,15.05116349,533.46,12,7239.12,6239.12
1475,27.28498212,1042.39,11,7239.12,6239.12
1476,17.61387951,341.63,9,7239.12,6239.12
1477,16.16649096,379.55,11,7239.12,6239.12
1478,17.41555038,538.54,11,7239.12,6239.12
1479,18.83708865,409.98,14,7239.12,6239.12
1480,19.58963936,356.6,8,7239.12,6239.12
1481,11.369,316.43,9,7239.12,6239.12
1482,22.78717125,504.26,8,7239.12,6239.12
1483,23.59088278,397.32,7,7239.12,6239.12
1484,24.4432181,269.23,11,7239.12,6239.12
1485,15.83347108,607.24,9,7239.12,6239.12
1486,12.68839507,402.94,14,7239.12,6239.12
1487,12.40002734,318.19,10,7239.12,6239.12
1488,8.877946979,419.68,12,7239.12,6239.12
1489,12.58432641,324.69,8,7239.12,6239.12
1490,41.08083312,465.68,10,7239.12,6239.12
1491,18.6741537,581.98,9,7239.12,6239.12
1492,13.04649015,372.49,9,7239.12,6239.12
1493,32.47976705,455.1,10,7239.12,6239.12
1494,23.33935648,483.58,8,7239.12,6239.12
1495,31.96161324,358.36,7,7239.12,6239.12
1496,15.20067173,555.77,8,7239.12,6239.12
1497,14.62465949,321.47,9,7239.12,6239.12
1498,26.92732664,523.96,10,7239.12,6239.12
1499,35.28938616,390.47,9,7239.12,6239.12
1500,13.74272663,366.2,10,7239.12,6239.12
1501,29.17273497,694.33,12,7239.12,6239.12
1502,15.30508649,405.64,10,7239.12,6239.12
1503,18.42528736,629.34,7,7239.12,6239.12
1504,19.49498251,435.36,13,7239.12,6239.12
1505,36.08134533,369.04,10,7239.12,6239.12
1506,17.94055686,511.42,9,7239.12,6239.12
1507,16.7454017,342.77,8,7239.12,6239.12
1508,31.02647523,533.1,8,7239.12,6239.12
1509,29.93,301.27,9,7239.12,6239.12
1510,23.4623756,438.73,11,7239.12,6239.12
1511,13.37263752,498.33,7,7239.12,6239.12
1512,13.88755289,343.11,9,7239.12,6239.12
1513,11.73375187,597.75,8,7239.12,6239.12
1514,10.14246115,272.96,8,7239.12,6239.12
1515,36.28139843,423.93,10,7239.12,6239.12
1516,16.59095195,949.23,10,7239.12,6239.12
1517,17.78684227,401.93,8,7239.12,6239.12
1518,13.56890459,624.8,11,7239.12,6239.12
1519,41.809,418.09,11,7239.12,6239.12
1520,21.86032419,343.31,9,7239.12,6239.12
1521,11.43618259,526.09,11,7239.12,6239.12
1522,28.36323899,384.93,10,7239.12,6239.12
1523,14.96652541,493.05,8,7239.12,6239.12
1524,17.326,376.02,9,7239.12,6239.12
1525,11.63035897,510.02,10,7239.12,6239.12
1526,54.0258494,540.48,7,7239.12,6239.12
1527,25.22632607,282.83,10,7239.12,6239.12
1528,11.75168241,402.57,13,7239.12,6239.12
1529,10.64951189,354.4,8,7239.12,6239.12
1530,18.14135692,386.03,10,7239.12,6239.12
1531,15.46443633,541.18,8,7239.12,6239.12
1532,26.31639084,437.61,8,7239.12,6239.12
1533,23.27061681,406.17,9,7239.12,6239.12
1534,17.53064669,376.37,9,7239.12,6239.12
1535,20.35276955,526.11,11,7239.12,6239.12
1536,15.87616624,517.53,9,7239.12,6239.12
1537,13.59955178,340.16,11,7239.12,6239.12
1538,9.478490044,308.35,13,7239.12,6239.12
1539,26.49806653,363.52,7,7239.12,6239.12
1540,22.13410535,483.96,10,7239.12,6239.12
1541,23.57014903,460.75,8,7239.12,6239.12
1542,22.96403591,365.31,12,7239.12,6239.12
1543,13.56455205,284.86,7,7239.12,6239.12
1544,61.846,618.46,10,7239.12,6239.12
1545,10.94204564,552.14,9,7239.12,6239.12
1546,11.39657064,407.84,10,7239.12,6239.12
1547,16.2891377,383.71,9,7239.12,6239.12
1548,32.18368407,393.16,11,7239.12,6239.12
1549,13.49806509,364.82,7,7239.12,6239.12
1550,33.69886017,397.35,17,7239.12,6239.12
1551,15.69737993,973.09,8,7239.12,6239.12
1552,18.637,210,8,7239.12,6239.12
1553,30.806,411.62,9,7239.12,6239.12
1554,19.1001041,433.9,8,7239.12,6239.12
1555,19.55684889,381.09,7,7239.12,6239.12
1556,13.7879724,420.45,12,7239.12,6239.12
1557,13.83031058,290.85,9,7239.12,6239.12
1558,19.46182312,555.89,8,7239.12,6239.12
1559,37.728,423.87,9,7239.12,6239.12
1560,10.14183692,401.53,8,7239.12,6239.12
1561,14.718,433.61,10,7239.12,6239.12
1562,10.7904625,336.93,7,7239.12,6239.12
1563,9.050441804,325.51,7,7239.12,6239.12
1564,26.53370865,518.47,14,7239.12,6239.12
1565,10.7710846,313.96,13,7239.12,6239.12
1566,17.53542849,256.04,9,7239.12,6239.12
1567,16.19320535,508.92,8,7239.12,6239.12
1568,9.13679994,417.37,9,7239.12,6239.12
1569,13.58811319,518.43,8,7239.12,6239.12
1570,27.12150661,297.51,11,7239.12,6239.12
1571,20.824,367.76,12,7239.12,6239.12
1572,20.68962238,495.7,11,7239.12,6239.12
1573,10.14682523,443.21,10,7239.12,6239.12
1574,16.12592228,368.56,11,7239.12,6239.12
1575,17.53421136,445.21,10,7239.12,6239.12
1576,14.30928265,398.11,7,7239.12,6239.12
1577,10.73189722,313.05,9,7239.12,6239.12
1578,19.72731034,479.47,11,7239.12,6239.12
1579,33.01208746,587.46,11,7239.12,6239.12
1580,11.81312816,518.54,10,7239.12,6239.12
1581,50.55821057,513.09,16,7239.12,6239.12
1582,37.035,370.35,12,7239.12,6239.12
1583,27.492,433.14,20,7239.12,6239.12
1584,10.60123673,686.99,13,7239.12,6239.12
1585,19.37776502,459.54,14,7239.12,6239.12
1586,9.53571954,499.07,9,7239.12,6239.12
1587,15.27905822,637.92,8,7239.12,6239.12
1588,35.49206732,412.07,12,7239.12,6239.12
1589,11.27855729,501.58,8,7239.12,6239.12
1590,21.12244129,433.42,8,7239.12,6239.12
1591,44.34760906,444.23,10,7239.12,6239.12
1592,31.45901263,460.68,8,7239.12,6239.12
1593,22.99381004,359.54,7,7239.12,6239.12
1594,12.733201,276.4,10,7239.12,6239.12
1595,26.81471416,511.16,6,7239.12,6239.12
1596,16.66870332,459.44,10,7239.12,6239.12
1597,11.40917086,836.76,12,7239.12,6239.12
1598,16.58975484,393.29,9,7239.12,6239.12
1599,16.72244463,459.38,7,7239.12,6239.12
1600,13.49139176,317.43,9,7239.12,6239.12
1601,26.08046299,417.82,10,7239.12,6239.12
1602,21.83927994,302.69,8,7239.12,6239.12
1603,53.90153371,649.12,8,7239.12,6239.12
1604,8.213653886,508.32,11,7239.12,6239.12
1605,24.489,341.98,10,7239.12,6239.12
1606,29.63653126,391,12,7239.12,6239.12
1607,18.19199703,419.06,13,7239.12,6239.12
1608,18.02274918,312.3,8,7239.12,6239.12
1609,20.56993989,619.55,10,7239.12,6239.12
1610,9.474184537,586.02,9,7239.12,6239.12
1611,18.14168573,559.52,8,7239.12,6239.12
1612,9.784657049,336.8,7,7239.12,6239.12
1613,12.64500939,329.67,9,7239.12,6239.12
1614,21.13455302,430.18,7,7239.12,6239.12
1615,19.57149069,445.59,11,7239.12,6239.12
1616,15.96957832,286.91,8,7239.12,6239.12
1617,20.988,421.5,7,7239.12,6239.12
1618,16.43992743,421.38,10,7239.12,6239.12
1619,16.50485437,336.62,8,7239.12,6239.12
1620,15.51209276,446.06,12,7239.12,6239.12
1621,25.79901275,428.87,8,7239.12,6239.12
1622,38.7961289,401.28,14,7239.12,6239.12
1623,10.70974666,278.18,8,7239.12,6239.12
1624,14.8600562,515.76,8,7239.12,6239.12
1625,17.27042802,414.73,11,7239.12,6239.12
1626,21.72207093,491.04,9,7239.12,6239.12
1627,14.77884624,557.1,15,7239.12,6239.12
1628,17.00134326,401.67,9,7239.12,6239.12
1629,20.786,566.95,9,7239.12,6239.12
1630,11.31466847,337.61,9,7239.12,6239.12
1631,17.49078454,616.37,8,7239.12,6239.12
1632,19.96560069,374.75,9,7239.12,6239.12
1633,24.22,512.42,8,7239.12,6239.12
1634,23.91677839,336.58,13,7239.12,6239.12
1635,6.936341452,314.13,7,7239.12,6239.12
1636,11.58585822,345.21,15,7239.12,6239.12
1637,14.22378233,436.53,13,7239.12,6239.12
1638,16.28463321,358.3,10,7239.12,6239.12
1639,16.36186584,347.3,8,7239.12,6239.12
1640,11.3945881,334.96,10,7239.12,6239.12
1641,15.11054266,334.89,11,7239.12,6239.12
1642,15.5270601,407.34,9,7239.12,6239.12
1643,25.59525692,485.67,10,7239.12,6239.12
1644,11.05029636,340.9,12,7239.12,6239.12
1645,18.09698271,371.14,9,7239.12,6239.12
1646,34.80150364,467.75,9,7239.12,6239.12
1647,12.28864378,377.63,7,7239.12,6239.12
1648,15.56665702,436.8,12,7239.12,6239.12
1649,18.64765009,440.68,10,7239.12,6239.12
1650,17.57066674,331.85,12,7239.12,6239.12
1651,25.103,483.96,10,7239.12,6239.12
1652,11.44960855,410.37,7,7239.12,6239.12
1653,15.71126679,503.34,11,7239.12,6239.12
1654,7.733690384,333.95,7,7239.12,6239.12
1655,16.99783945,284.51,11,7239.12,6239.12
1656,17.97247325,331.82,10,7239.12,6239.12
1657,60.347,603.47,13,7239.12,6239.12
1658,11.87178991,453.1,9,7239.12,6239.12
1659,17.16051352,445.32,10,7239.12,6239.12
1660,9.442833365,408.59,9,7239.12,6239.12
1661,16.13755305,449.52,9,7239.12,6239.12
1662,26.21357396,451.39,8,7239.12,6239.12
1663,18.31470212,580.24,10,7239.12,6239.12
1664,8.898841311,633.53,11,7239.12,6239.12
1665,19.5022847,341.55,13,7239.12,6239.12
1666,17.81988111,361.09,8,7239.12,6239.12
1667,21.20761123,421.94,8,7239.12,6239.12
1668,31.85881229,320.06,10,7239.12,6239.12
1669,35.42134119,394.47,11,7239.12,6239.12
1670,25.14987826,386.79,8,7239.12,6239.12
1671,22.13911929,621.91,8,7239.12,6239.12
1672,26.34281795,314.96,7,7239.12,6239.12
1673,26.00657828,477.58,10,7239.12,6239.12
1674,14.26528459,387.31,8,7239.12,6239.12
1675,20.89169757,471.86,12,7239.12,6239.12
1676,12.50280209,323.59,10,7239.12,6239.12
1677,10.60478168,511.06,9,7239.12,6239.12
1678,21.29216588,445.14,9,7239.12,6239.12
1679,21.53736032,339.68,8,7239.12,6239.12
1680,22.37320326,562.28,13,7239.12,6239.12
1681,14.8354709,347.2,10,7239.12,6239.12
1682,17.77631108,665.25,11,7239.12,6239.12
1683,10.62930145,526.47,9,7239.12,6239.12
1684,11.39221791,416.07,8,7239.12,6239.12
1685,11.189,294.05,10,7239.12,6239.12
1686,17.85236685,319.69,8,7239.12,6239.12
1687,11.4538429,368.44,10,7239.12,6239.12
1688,10.66707325,588.54,11,7239.12,6239.12
1689,17.7571954,632.49,15,7239.12,6239.12
1690,15.71803178,346.66,8,7239.12,6239.12
1691,6.917754804,323.89,9,7239.12,6239.12
1692,14.48101537,349.32,10,7239.12,6239.12
1693,17.15382622,256.71,7,7239.12,6239.12
1694,19.979,454.1,13,7239.12,6239.12
1695,20.10411762,380.15,6,7239.12,6239.12
1696,21.65757557,458.72,9,7239.12,6239.12
1697,14.00962161,492.07,11,7239.12,6239.12
1698,37.48918466,407.29,8,7239.12,6239.12
1699,16.39864433,294.4,9,7239.12,6239.12
1700,24.99,398.1,9,7239.12,6239.12
1701,34.42735656,691.05,10,7239.12,6239.12
1702,12.81392405,506.15,13,7239.12,6239.12
1703,27.18811958,699.36,11,7239.12,6239.12
1704,46.884,468.84,12,7239.12,6239.12
1705,20.59413482,347.85,8,7239.12,6239.12
1706,18.21599178,361.5,9,7239.12,6239.12
1707,14.0933501,350.93,8,7239.12,6239.12
1708,9.339119165,476.53,10,7239.12,6239.12
1709,22.16405685,370.02,14,7239.12,6239.12
1710,15.03770179,587.32,11,7239.12,6239.12
1711,13.17982325,383.25,9,7239.12,6239.12
1712,17.99389022,366.37,8,7239.12,6239.12
1713,10.68630477,306.32,7,7239.12,6239.12
1714,13.75701646,563.94,9,7239.12,6239.12
1715,29.522,411.34,10,7239.12,6239.12
1716,9.163634146,368.25,11,7239.12,6239.12
1717,18.62974408,654.72,7,7239.12,6239.12
1718,36.77218455,399.14,8,7239.12,6239.12
1719,13.02733836,401.47,10,7239.12,6239.12
1720,7.943547384,447.96,8,7239.12,6239.12
1721,35.51284104,510.11,9,7239.12,6239.12
1722,21.62034348,503.94,9,7239.12,6239.12
1723,23.87878696,401.1,9,7239.12,6239.12
1724,19.00644271,290.73,12,7239.12,6239.12
1725,11.91647879,381.63,9,7239.12,6239.12
1726,30.17145688,657.78,12,7239.12,6239.12
1727,18.95707304,371.94,12,7239.12,6239.12
1728,40.64547461,460.31,15,7239.12,6239.12
1729,44.51462861,465.12,8,7239.12,6239.12
1730,20.77659668,297.36,11,7239.12,6239.12
1731,10.99702939,495.69,11,7239.12,6239.12
1732,29.61188582,471.17,10,7239.12,6239.12
1733,51.14267135,542.68,10,7239.12,6239.12
1734,29.78347955,631.29,9,7239.12,6239.12
1735,15.14674365,418.21,10,7239.12,6239.12
1736,23.75056432,455.76,9,7239.12,6239.12
1737,16.32987902,587.3,8,7239.12,6239.12
1738,8.638433331,489.28,11,7239.12,6239.12
1739,12.47104136,361.16,11,7239.12,6239.12
1740,28.47340192,316.71,12,7239.12,6239.12
1741,15.86175326,364.77,9,7239.12,6239.12
1742,15.43977315,313.08,9,7239.12,6239.12
1743,19.66723969,415.96,10,7239.12,6239.12
1744,33.14023182,710.51,7,7239.12,6239.12
1745,10.0036961,458.6,9,7239.12,6239.12
1746,23.76476704,436.92,11,7239.12,6239.12
1747,25.33751984,368.78,9,7239.12,6239.12
1748,14.77315773,424.64,8,7239.12,6239.12
1749,11.28222102,446.53,9,7239.12,6239.12
1750,16.90410308,370.21,9,7239.12,6239.12
1751,13.94088408,288.6,12,7239.12,6239.12
1752,27.37619446,347.69,9,7239.12,6239.12
1753,18.78260553,309.99,9,7239.12,6239.12
1754,19.05603009,292.17,8,7239.12,6239.12
1755,33.75385534,374.89,10,7239.12,6239.12
1756,15.294,430.59,7,7239.12,6239.12
1757,24.99306057,450.2,10,7239.12,6239.12
1758,51.96,519.6,8,7239.12,6239.12
1759,35.031,355.73,8,7239.12,6239.12
1760,24.37752179,466.42,11,7239.12,6239.12
1761,12.93835725,678.65,9,7239.12,6239.12
1762,14.88019185,413.88,9,7239.12,6239.12
1763,15.357,556.98,9,7239.12,6239.12
1764,23.35430306,433.73,9,7239.12,6239.12
1765,18.17978159,608.63,9,7239.12,6239.12
1766,9.314544189,398.02,12,7239.12,6239.12
1767,18.80689904,341.03,10,7239.12,6239.12
1768,24.93936695,350.12,9,7239.12,6239.12
1769,11.83042171,380.38,17,7239.12,6239.12
1770,17.71803316,333.12,11,7239.12,6239.12
1771,11.35211733,571.08,10,7239.12,6239.12
1772,23.925,439.27,10,7239.12,6239.12
1773,36.934,369.34,12,7239.12,6239.12
1774,28.50094109,382.13,9,7239.12,6239.12
1775,42.9231948,487.38,8,7239.12,6239.12
1776,23.74099101,404.55,9,7239.12,6239.12
1777,13.39227196,402.95,12,7239.12,6239.12
1778,11.801152,389.89,9,7239.12,6239.12
1779,8.485133388,275.86,7,7239.12,6239.12
1780,12.58194733,416.76,8,7239.12,6239.12
1781,32.90430361,453.01,15,7239.12,6239.12
1782,19.74663797,461.79,9,7239.12,6239.12
1783,17.77745967,360.15,10,7239.12,6239.12
1784,26.25454853,648.94,10,7239.12,6239.12
1785,24.84631061,295.04,11,7239.12,6239.12
1786,22.95289929,448.72,9,7239.12,6239.12
1787,12.29820019,494.48,9,7239.12,6239.12
1788,15.36950651,339.43,9,7239.12,6239.12
1789,11.82782372,332.6,10,7239.12,6239.12
1790,19.66659191,703.73,11,7239.12,6239.12
1791,11.69664097,330.86,9,7239.12,6239.12
1792,12.60232214,384.35,9,7239.12,6239.12
1793,15.69317112,355.68,7,7239.12,6239.12
1794,11.02594969,387.18,14,7239.12,6239.12
1795,10.86775686,428.52,10,7239.12,6239.12
1796,15.62852131,339.91,12,7239.12,6239.12
1797,10.408808,339.07,7,7239.12,6239.12
1798,18.50256281,411.88,13,7239.12,6239.12
1799,53.473,534.73,9,7239.12,6239.12
1800,17.0396718,423.29,8,7239.12,6239.12
1801,17.08459792,495.93,11,7239.12,6239.12
1802,18.0666403,465.33,13,7239.12,6239.12
1803,9.631646086,645.75,10,7239.12,6239.12
1804,37.83445977,572.11,10,7239.12,6239.12
1805,15.27128839,399.79,10,7239.12,6239.12
1806,21.91072787,483.11,11,7239.12,6239.12
1807,20.83675431,336,10,7239.12,6239.12
1808,8.271867448,567.84,12,7239.12,6239.12
1809,57.34986984,579.4,7,7239.12,6239.12
1810,29.16949143,503.41,13,7239.12,6239.12
1811,9.331538174,394.94,13,7239.12,6239.12
1812,13.19569547,717.27,10,7239.12,6239.12
1813,18.91346762,430.41,9,7239.12,6239.12
1814,12.91013988,424.52,10,7239.12,6239.12
1815,13.536,380.48,10,7239.12,6239.12
1816,11.64179844,336.77,8,7239.12,6239.12
1817,22.734,691.99,12,7239.12,6239.12
1818,26.342,443.14,10,7239.12,6239.12
1819,20.03499629,366.67,10,7239.12,6239.12
1820,18.85504677,354.16,9,7239.12,6239.12
1821,28.80962705,511.61,15,7239.12,6239.12
1822,24.46473954,421.64,8,7239.12,6239.12
1823,34.01190434,386.3,7,7239.12,6239.12
1824,23.44030224,477.17,10,7239.12,6239.12
1825,17.902249,508.73,15,7239.12,6239.12
1826,15.78332133,427.43,9,7239.12,6239.12
1827,17.24218356,437.22,9,7239.12,6239.12
1828,15.52030848,420.3,9,7239.12,6239.12
1829,53.72104323,652.34,10,7239.12,6239.12
1830,19.42183865,785.55,9,7239.12,6239.12
1831,32.93394248,573.1,11,7239.12,6239.12
1832,27.23391327,851.55,10,7239.12,6239.12
1833,20.175,503.88,12,7239.12,6239.12
1834,23.27631306,336.81,9,7239.12,6239.12
1835,20.18280304,348.37,15,7239.12,6239.12
1836,13.4420316,513.72,13,7239.12,6239.12
1837,16.6485073,313.16,7,7239.12,6239.12
1838,40.679,492.81,11,7239.12,6239.12
1839,12.20801077,359.43,10,7239.12,6239.12
1840,17.82577563,342.97,9,7239.12,6239.12
1841,26.9389352,447.55,11,7239.12,6239.12
1842,41.28813673,491.11,9,7239.12,6239.12
1843,10.2040441,355.92,10,7239.12,6239.12
1844,45.12738468,485.16,11,7239.12,6239.12
1845,18.45695583,853.23,9,7239.12,6239.12
1846,23.033,427.93,12,7239.12,6239.12
1847,23.57782409,371.92,9,7239.12,6239.12
1848,25.09842953,456.43,14,7239.12,6239.12
1849,15.805,300.3,13,7239.12,6239.12
1850,17.54799635,343.35,11,7239.12,6239.12
1851,19.42514732,331.63,12,7239.12,6239.12
1852,16.04016872,460.07,10,7239.12,6239.12
1853,10.58826693,521.04,11,7239.12,6239.12
1854,8.615330279,453.71,8,7239.12,6239.12
1855,25.39325746,590.83,13,7239.12,6239.12
1856,14.79858427,447.99,10,7239.12,6239.12
1857,27.87,278.7,7,7239.12,6239.12
1858,15.09761527,425.25,8,7239.12,6239.12
1859,22.429,347.03,11,7239.12,6239.12
1860,35.58459954,509.47,17,7239.12,6239.12
1861,15.89370853,378.9,9,7239.12,6239.12
1862,17.17910093,390.37,8,7239.12,6239.12
1863,20.10897624,363.58,10,7239.12,6239.12
1864,21.649,324.62,9,7239.12,6239.12
1865,23.67590987,642.69,6,7239.12,6239.12
1866,20.50209725,494.65,7,7239.12,6239.12
1867,26.22301089,335.66,8,7239.12,6239.12
1868,25.04075284,333.6,7,7239.12,6239.12
1869,18.80435444,372.79,12,7239.12,6239.12
1870,16.02881303,488.32,19,7239.12,6239.12
1871,12.775,551.78,11,7239.12,6239.12
1872,24.64647787,311.42,10,7239.12,6239.12
1873,20.032,404.62,9,7239.12,6239.12
1874,16.00559496,544.68,10,7239.12,6239.12
1875,10.32082177,466.84,10,7239.12,6239.12
1876,16.71599834,426.95,9,7239.12,6239.12
1877,13.92026137,299.69,8,7239.12,6239.12
1878,12.58055512,617.47,10,7239.12,6239.12
1879,10.13991703,345.88,9,7239.12,6239.12
1880,28.40042189,670.48,12,7239.12,6239.12
1881,14.81325098,575.36,10,7239.12,6239.12
1882,28.29260499,761.47,9,7239.12,6239.12
1883,10.97265325,396.44,11,7239.12,6239.12
1884,9.734988347,326.9,14,7239.12,6239.12
1885,13.50103064,365.77,10,7239.12,6239.12
1886,5.90451257,297.62,9,7239.12,6239.12
1887,10.7439434,380.97,10,7239.12,6239.12
1888,28.02654959,625.59,10,7239.12,6239.12
1889,16.293,369.5,8,7239.12,6239.12
1890,17.676,601.84,10,7239.12,6239.12
1891,16.15839023,446.17,11,7239.12,6239.12
1892,25.35868755,340.06,9,7239.12,6239.12
1893,18.86368824,382.43,9,7239.12,6239.12
1894,13.31274463,669.02,16,7239.12,6239.12
1895,15.4016327,432.31,11,7239.12,6239.12
1896,24.43684579,739.91,6,7239.12,6239.12
1897,29.55352089,443.82,11,7239.12,6239.12
1898,24.45052366,637.53,9,7239.12,6239.12
1899,19.8792667,313.13,10,7239.12,6239.12
1900,12.74498603,427.67,12,7239.12,6239.12
1901,16.23176276,540.26,10,7239.12,6239.12
1902,15.51966951,471.15,15,7239.12,6239.12
1903,11.00571433,362.02,8,7239.12,6239.12
1904,34.0407279,468.22,8,7239.12,6239.12
1905,44.35873417,544.57,9,7239.12,6239.12
1906,14.305,312.51,11,7239.12,6239.12
1907,16.7707736,390.94,8,7239.12,6239.12
1908,36.53680361,454.65,8,7239.12,6239.12
1909,10.08954574,296.04,7,7239.12,6239.12
1910,9.659494842,406.26,9,7239.12,6239.12
1911,9.187046446,492.67,9,7239.12,6239.12
1912,17.47270435,400.56,10,7239.12,6239.12
1913,32.64704775,579.87,10,7239.12,6239.12
1914,19.84652637,650.08,9,7239.12,6239.12
1915,10.50433539,418.45,7,7239.12,6239.12
1916,19.16795417,298.82,10,7239.12,6239.12
1917,14.19997356,293.81,9,7239.12,6239.12
1918,24.902,335.15,11,7239.12,6239.12
1919,43.3,546.9,10,7239.12,6239.12
1920,48.50679719,489.55,14,7239.12,6239.12
1921,12.26364509,419.82,9,7239.12,6239.12
1922,45.11163239,646.17,9,7239.12,6239.12
1923,11.63746133,419.64,8,7239.12,6239.12
1924,7.704183645,293.37,12,7239.12,6239.12
1925,8.866879079,404.7,9,7239.12,6239.12
1926,18.80575144,511.5,7,7239.12,6239.12
1927,42.322,423.22,10,7239.12,6239.12
1928,14.48613868,365.2,8,7239.12,6239.12
1929,9.090312575,430,8,7239.12,6239.12
1930,41.8049437,500.1,10,7239.12,6239.12
1931,39.55466191,556.72,9,7239.12,6239.12
1932,14.2818271,398.9,9,7239.12,6239.12
1933,8.343854574,411.06,14,7239.12,6239.12
1934,19.48437157,385.2,9,7239.12,6239.12
1935,13.20491257,396.76,12,7239.12,6239.12
1936,21.16284421,614.02,10,7239.12,6239.12
1937,9.722160986,529.22,9,7239.12,6239.12
1938,14.5672902,318,10,7239.12,6239.12
1939,13.93392661,348.16,8,7239.12,6239.12
1940,15.92255214,651.64,9,7239.12,6239.12
1941,39.91166504,446.4,8,7239.12,6239.12
1942,10.84517284,498.16,9,7239.12,6239.12
1943,23.85722013,392.53,10,7239.12,6239.12
1944,25.42827929,445.15,10,7239.12,6239.12
1945,11.57740961,455.93,9,7239.12,6239.12
1946,27.392,333.48,9,7239.12,6239.12
1947,17.81218134,435.75,8,7239.12,6239.12
1948,15.88423678,323.95,10,7239.12,6239.12
1949,34.9773674,445.86,16,7239.12,6239.12
1950,11.06821996,531.44,8,7239.12,6239.12
1951,39.67423612,500.55,9,7239.12,6239.12
1952,50.42,504.2,9,7239.12,6239.12
1953,9.803384922,515.67,6,7239.12,6239.12
1954,22.58599993,329.27,8,7239.12,6239.12
1955,11.22693271,276.28,11,7239.12,6239.12
1956,29.13908552,455.04,8,7239.12,6239.12
1957,37.26826986,485.41,11,7239.12,6239.12
1958,32.62403098,392.64,9,7239.12,6239.12
1959,13.18753296,456.67,7,7239.12,6239.12
1960,17.74277931,491.6,8,7239.12,6239.12
1961,36.379664,744.91,9,7239.12,6239.12
1962,17.61630946,335.26,9,7239.12,6239.12
1963,17.70907811,510.76,11,7239.12,6239.12
1964,13.50673296,330.35,8,7239.12,6239.12
1965,28.25386312,349.78,10,7239.12,6239.12
1966,17.12119892,509.72,8,7239.12,6239.12
1967,31.60820506,381.53,10,7239.12,6239.12
1968,22.32180124,292.01,6,7239.12,6239.12
1969,23.8014737,388.59,11,7239.12,6239.12
1970,36.86438662,549.8,9,7239.12,6239.12
1971,34.92886544,366.39,16,7239.12,6239.12
1972,16.54392385,436.24,10,7239.12,6239.12
1973,13.62055041,482.35,11,7239.12,6239.12
1974,14.45664338,301.21,8,7239.12,6239.12
1975,15.26673603,535.58,14,7239.12,6239.12
1976,46.61555833,470.64,9,7239.12,6239.12
1977,32.55568926,587.08,15,7239.12,6239.12
1978,12.46988193,417.13,8,7239.12,6239.12
1979,11.57705664,465.54,9,7239.12,6239.12
1980,25.01459759,574.06,11,7239.12,6239.12
1981,13.268,377.54,7,7239.12,6239.12
1982,36.77091899,488.16,8,7239.12,6239.12
1983,47.822,478.22,13,7239.12,6239.12
1984,9.810163568,352.54,11,7239.12,6239.12
1985,16.39513959,375.37,8,7239.12,6239.12
1986,17.44008377,473.68,13,7239.12,6239.12
1987,8.313452147,507.94,9,7239.12,6239.12
1988,26.623,476.6,10,7239.12,6239.12
1989,10.11953814,520.54,14,7239.12,6239.12
1990,19.97077111,375.79,10,7239.12,6239.12
1991,19.25531269,539.22,10,7239.12,6239.12
1992,20.83510434,308.82,8,7239.12,6239.12
1993,23.0464434,423.43,9,7239.12,6239.12
1994,31.24049611,696.46,9,7239.12,6239.12
1995,20.40399063,472.03,9,7239.12,6239.12
1996,15.52198945,391.73,9,7239.12,6239.12
1997,16.79420904,462.62,15,7239.12,6239.12
1998,15.29346245,448.79,9,7239.12,6239.12
1999,18.67526544,536.25,16,7239.12,6239.12
2000,16.49256522,255.77,8,7239.12,6239.12
2001,20.03362609,486.49,10,7239.12,6239.12
2002,21.09618197,490.31,10,7239.12,6239.12
2003,13.44740605,306.98,9,7239.12,6239.12
2004,43.49717195,516.02,7,7239.12,6239.12
2005,27.64499323,553.45,12,7239.12,6239.12
2006,60.651235,609.46,13,7239.12,6239.12
2007,14.50234635,448.61,7,7239.12,6239.12
2008,28.88665998,326.11,13,7239.12,6239.12
2009,19.165,371.68,10,7239.12,6239.12
2010,11.77726218,432.81,11,7239.12,6239.12
2011,15.02187671,390.71,14,7239.12,6239.12
2012,11.26002864,530.26,11,7239.12,6239.12
2013,12.04902744,643.62,12,7239.12,6239.12
2014,25.37958578,602.42,10,7239.12,6239.12
2015,25.53167584,427.53,7,7239.12,6239.12
2016,10.93895413,325.56,8,7239.12,6239.12
2017,11.78411687,411.5,8,7239.12,6239.12
2018,19.86128204,538.71,14,7239.12,6239.12
2019,28.25713051,447.57,9,7239.12,6239.12
2020,22.27470371,400.1,11,7239.12,6239.12
2021,19.37231332,356.65,13,7239.12,6239.12
2022,23.01249054,387.32,12,7239.12,6239.12
2023,23.90080762,379.53,13,7239.12,6239.12
2024,58.221,582.21,12,7239.12,6239.12
2025,10.86399623,397.06,9,7239.12,6239.12
2026,26.69287797,456.91,10,7239.12,6239.12
2027,28.11971482,424.19,8,7239.12,6239.12
2028,14.68083061,571.06,13,7239.12,6239.12
2029,30.35611165,457.33,13,7239.12,6239.12
2030,32.59993958,426.42,9,7239.12,6239.12
2031,14.22063761,318.12,9,7239.12,6239.12
2032,14.40939917,483.84,7,7239.12,6239.12
2033,16.90262905,481.87,9,7239.12,6239.12
2034,34.98521894,655.63,16,7239.12,6239.12
2035,15.82175229,407.92,8,7239.12,6239.12
2036,20.08157245,397.5,9,7239.12,6239.12
2037,15.99522469,401.38,12,7239.12,6239.12
2038,18.21758523,446.83,9,7239.12,6239.12
2039,18.22289807,346.87,9,7239.12,6239.12
2040,17.70720894,367.46,10,7239.12,6239.12
2041,23.48624656,380.08,10,7239.12,6239.12
2042,53.26895748,603.5,13,7239.12,6239.12
2043,12.40407458,490.76,8,7239.12,6239.12
2044,27.15912418,528.78,10,7239.12,6239.12
2045,42.774976,458.86,8,7239.12,6239.12
2046,17.08296699,355.47,16,7239.12,6239.12
2047,11.03881524,347.1,11,7239.12,6239.12
2048,14.68388657,415.26,10,7239.12,6239.12
2049,12.72100313,502.73,9,7239.12,6239.12
2050,16.35317407,434.53,11,7239.12,6239.12
2051,28.16551954,507.43,9,7239.12,6239.12
2052,17.81644611,486.23,12,7239.12,6239.12
2053,9.349422702,509.58,11,7239.12,6239.12
2054,28.78897644,385.47,8,7239.12,6239.12
2055,40.03010591,446.76,10,7239.12,6239.12
2056,12.65326541,371.82,11,7239.12,6239.12
2057,12.10531395,476.7,12,7239.12,6239.12
2058,24.11384928,438.86,6,7239.12,6239.12
2059,28.8303467,352.5,10,7239.12,6239.12
2060,31.91454772,530.04,8,7239.12,6239.12
2061,11.97542549,301.81,12,7239.12,6239.12
2062,11.14683271,438.6,11,7239.12,6239.12
2063,40.70860331,501.99,8,7239.12,6239.12
2064,19.435,417.49,13,7239.12,6239.12
2065,12.44701136,406.67,9,7239.12,6239.12
2066,12.51996074,407.07,10,7239.12,6239.12
2067,17.80652157,296.18,10,7239.12,6239.12
2068,36.51350901,467.24,9,7239.12,6239.12
2069,15.44736501,342.01,12,7239.12,6239.12
2070,24.73692311,403.47,12,7239.12,6239.12
2071,13.71672583,508.49,10,7239.12,6239.12
2072,17.00542471,693.42,9,7239.12,6239.12
2073,7.007713038,273.27,9,7239.12,6239.12
2074,10.3619141,392.93,9,7239.12,6239.12
2075,20.51864321,584.73,8,7239.12,6239.12
2076,11.05686897,607.34,9,7239.12,6239.12
2077,22.89997788,460.4,8,7239.12,6239.12
2078,21.43333623,575.25,11,7239.12,6239.12
2079,9.166069328,304.27,8,7239.12,6239.12
2080,21.27962206,485.92,9,7239.12,6239.12
2081,33.66025641,374.21,9,7239.12,6239.12
2082,18.7713921,415.19,9,7239.12,6239.12
2083,25.74336569,566.82,8,7239.12,6239.12
2084,14.83676691,414.57,8,7239.12,6239.12
2085,23.08822295,383,8,7239.12,6239.12
2086,13.27380219,405.23,7,7239.12,6239.12
2087,15.96147454,369.73,8,7239.12,6239.12
2088,24.03197667,485.66,12,7239.12,6239.12
2089,14.20030532,445.42,8,7239.12,6239.12
2090,14.95653736,816.09,9,7239.12,6239.12
2091,15.22476264,475,11,7239.12,6239.12
2092,11.93759669,443.91,8,7239.12,6239.12
2093,17.03293729,426.55,10,7239.12,6239.12
2094,14.08620303,437.58,9,7239.12,6239.12
2095,8.906200149,669.96,12,7239.12,6239.12
2096,14.94715294,398.3,10,7239.12,6239.12
2097,11.81668617,384.2,8,7239.12,6239.12
2098,17.294,568.88,9,7239.12,6239.12
2099,21.11284322,530.72,12,7239.12,6239.12
2100,11.5283526,423.94,11,7239.12,6239.12
2101,14.18779202,356.39,12,7239.12,6239.12
2102,32.722,511.11,13,7239.12,6239.12
2103,9.089044805,394.46,11,7239.12,6239.12
2104,12.11180386,440.77,8,7239.12,6239.12
2105,7.759426873,423.69,9,7239.12,6239.12
2106,17.5053921,327.06,9,7239.12,6239.12
2107,13.16743938,386.81,10,7239.12,6239.12
2108,22.98115813,465.92,9,7239.12,6239.12
2109,26.71596233,818.35,11,7239.12,6239.12
2110,24.64185345,279.5,9,7239.12,6239.12
2111,38.76498244,508.74,8,7239.12,6239.12
2112,13.145,388.09,13,7239.12,6239.12
2113,35.75296719,546.81,12,7239.12,6239.12
2114,10.83180987,339.96,13,7239.12,6239.12
2115,10.52308976,391.5,8,7239.12,6239.12
2116,20.1906054,460.82,9,7239.12,6239.12
2117,16.22671356,597.01,16,7239.12,6239.12
2118,28.189,442.19,10,7239.12,6239.12
2119,9.659113121,258.13,8,7239.12,6239.12
2120,21.17325682,306.06,11,7239.12,6239.12
2121,18.25218726,554.98,8,7239.12,6239.12
2122,27.99184651,313.74,11,7239.12,6239.12
2123,14.2278865,567.48,8,7239.12,6239.12
2124,14.144,284.69,12,7239.12,6239.12
2125,34.07660932,628.25,10,7239.12,6239.12
2126,16.99967441,389.22,10,7239.12,6239.12
2127,38.81638147,504.71,10,7239.12,6239.12
2128,38.32502625,635.13,15,7239.12,6239.12
2129,13.57392803,363.86,8,7239.12,6239.12
2130,17.4675228,551.42,11,7239.12,6239.12
2131,16.06147767,447.71,12,7239.12,6239.12
2132,11.29555542,779.53,10,7239.12,6239.12
2133,18.58078603,416.99,11,7239.12,6239.12
2134,10.08613014,508.51,9,7239.12,6239.12
2135,18.707,295.56,8,7239.12,6239.12
2136,21.41132837,412.68,12,7239.12,6239.12
2137,24.8057562,392.41,8,7239.12,6239.12
2138,18.38976081,314.6,12,7239.12,6239.12
2139,29.17845124,360.06,7,7239.12,6239.12
2140,23.74863774,806.29,9,7239.12,6239.12
2141,12.37525881,310.74,9,7239.12,6239.12
2142,14.37513618,437.77,10,7239.12,6239.12
2143,9.573521891,493.99,9,7239.12,6239.12
2144,39.57992483,626.57,9,7239.12,6239.12
2145,15.26287738,425.57,10,7239.12,6239.12
2146,30.27492502,447.2,8,7239.12,6239.12
2147,40.17808021,555.02,9,7239.12,6239.12
2148,7.387855144,560.34,10,7239.12,6239.12
2149,23.62158709,440.82,14,7239.12,6239.12
2150,24.95760911,557.84,11,7239.12,6239.12
2151,23.29191978,509.18,7,7239.12,6239.12
2152,17.996,361.1,12,7239.12,6239.12
2153,23.79768481,392.45,8,7239.12,6239.12
2154,18.34100238,470.45,10,7239.12,6239.12
2155,16.84611336,524.49,8,7239.12,6239.12
2156,9.034551165,393.66,10,7239.12,6239.12
2157,16.58428886,371.76,10,7239.12,6239.12
2158,15.40248314,420.71,11,7239.12,6239.12
2159,16.87754007,378.58,9,7239.12,6239.12
2160,25.66384217,398.58,11,7239.12,6239.12
2161,12.78308278,411.49,8,7239.12,6239.12
2162,30.56491382,563.4,9,7239.12,6239.12
2163,22.80996516,369.97,9,7239.12,6239.12
2164,15.70158075,579.4,9,7239.12,6239.12
2165,12.9303996,468.78,8,7239.12,6239.12
2166,23.00901696,620.33,9,7239.12,6239.12
2167,24.04591573,450.33,9,7239.12,6239.12
2168,10.95902047,361.24,10,7239.12,6239.12
2169,18.7846016,518.97,9,7239.12,6239.12
2170,25.02748039,541.89,9,7239.12,6239.12
2171,11.81688412,563.51,10,7239.12,6239.12
2172,11.74691784,635.91,7,7239.12,6239.12
2173,10.59006516,291.87,9,7239.12,6239.12
2174,19.63237375,417.76,8,7239.12,6239.12
2175,57.68825121,579.79,9,7239.12,6239.12
2176,16.05865614,514.77,10,7239.12,6239.12
2177,13.05373003,444.66,10,7239.12,6239.12
2178,13.47756273,387.37,10,7239.12,6239.12
2179,13.21592156,287.61,11,7239.12,6239.12
2180,16.28850353,451.33,10,7239.12,6239.12
2181,13.39196196,467.52,10,7239.12,6239.12
2182,10.37459159,422,8,7239.12,6239.12
2183,21.007,570.09,9,7239.12,6239.12
2184,10.93693683,370.2,9,7239.12,6239.12
2185,13.83345411,439.06,8,7239.12,6239.12
2186,21.59857066,432.19,13,7239.12,6239.12
2187,39.34498892,639.12,7,7239.12,6239.12
2188,10.20428951,450.32,12,7239.12,6239.12
2189,17.91737528,323.25,11,7239.12,6239.12
2190,9.864140232,736,18,7239.12,6239.12
2191,34.68793791,433.58,13,7239.12,6239.12
2192,11.47333403,605.27,10,7239.12,6239.12
2193,10.29237512,363.09,11,7239.12,6239.12
2194,12.28023106,295.74,13,7239.12,6239.12
2195,20.96079742,325.45,8,7239.12,6239.12
2196,13.88043193,506.98,8,7239.12,6239.12
2197,55.628,556.28,12,7239.12,6239.12
2198,10.19730732,384.42,11,7239.12,6239.12
2199,18.23583744,367.05,12,7239.12,6239.12
2200,11.154,348.02,12,7239.12,6239.12
2201,11.731,352.87,7,7239.12,6239.12
2202,14.28172759,288.72,10,7239.12,6239.12
2203,12.141,333.15,15,7239.12,6239.12
2204,16.94372012,436.66,13,7239.12,6239.12
2205,24.36743714,338.51,8,7239.12,6239.12
2206,29.74671136,318.62,10,7239.12,6239.12
2207,19.68834745,421.8,13,7239.12,6239.12
2208,23.48563446,489.46,10,7239.12,6239.12
2209,12.53530065,495.81,8,7239.12,6239.12
2210,18.555,396.92,8,7239.12,6239.12
2211,11.41362244,368.05,10,7239.12,6239.12
2212,15.53049344,329.89,9,7239.12,6239.12
2213,36.0651642,724.55,9,7239.12,6239.12
2214,20.84629236,509.4,18,7239.12,6239.12
2215,22.94461213,605.22,9,7239.12,6239.12
2216,9.117672001,511.81,14,7239.12,6239.12
2217,30.89681491,399.95,9,7239.12,6239.12
2218,18.05600395,296.42,11,7239.12,6239.12
2219,22.69160679,250.47,10,7239.12,6239.12
2220,18.109,499.3,13,7239.12,6239.12
2221,11.14767956,440.26,12,7239.12,6239.12
2222,16.73439816,757.86,14,7239.12,6239.12
2223,17.6169316,486.18,12,7239.12,6239.12
2224,22.06772569,432.95,9,7239.12,6239.12
2225,8.08120353,255.96,7,7239.12,6239.12
2226,33.16425272,637.47,8,7239.12,6239.12
2227,15.31525494,353.84,13,7239.12,6239.12
2228,18.878348,320.93,8,7239.12,6239.12
2229,15.35512809,445.03,8,7239.12,6239.12
2230,16.38927739,678.83,9,7239.12,6239.12
2231,10.24273481,568.27,10,7239.12,6239.12
2232,17.02451028,423.42,9,7239.12,6239.12
2233,27.00762084,534.09,11,7239.12,6239.12
2234,24.01782979,702.73,13,7239.12,6239.12
2235,20.3133837,545.17,10,7239.12,6239.12
2236,9.768400255,413.37,13,7239.12,6239.12
2237,16.549,547.78,8,7239.12,6239.12
2238,25.85757902,403.13,8,7239.12,6239.12
2239,18.92,340.49,9,7239.12,6239.12
2240,17.46,537.93,9,7239.12,6239.12
2241,8.431656053,290.63,8,7239.12,6239.12
2242,12.62663257,450.29,10,7239.12,6239.12
2243,18.49023558,603.88,10,7239.12,6239.12
2244,17.15653367,311.05,11,7239.12,6239.12
2245,16.25700607,360.18,8,7239.12,6239.12
2246,25.71380361,426.91,9,7239.12,6239.12
2247,16.22638872,438.29,11,7239.12,6239.12
2248,22.38677191,418.82,9,7239.12,6239.12
2249,27.39089809,595.07,8,7239.12,6239.12
2250,27.41938865,784.88,9,7239.12,6239.12
2251,30.04303051,455.16,12,7239.12,6239.12
2252,24.50721852,400.84,11,7239.12,6239.12
2253,35.44235177,457.66,10,7239.12,6239.12
2254,15.86316207,480.92,10,7239.12,6239.12
2255,15.05345786,716.58,13,7239.12,6239.12
2256,28.11872821,346.06,8,7239.12,6239.12
2257,16.7659833,398.67,9,7239.12,6239.12
2258,13.09402135,589.32,10,7239.12,6239.12
2259,19.47586427,394.93,10,7239.12,6239.12
2260,17.31765125,505.62,8,7239.12,6239.12
2261,16.65856929,401.47,9,7239.12,6239.12
2262,14.39516806,350.92,8,7239.12,6239.12
2263,16.006,331.13,7,7239.12,6239.12
2264,14.575358,362.09,10,7239.12,6239.12
2265,18.10642101,366.64,8,7239.12,6239.12
2266,9.817668453,492.36,12,7239.12,6239.12
2267,32.667,460.36,7,7239.12,6239.12
2268,37.53837408,396.18,12,7239.12,6239.12
2269,15.82807787,397.82,12,7239.12,6239.12
2270,11.47001637,448.34,12,7239.12,6239.12
2271,11.15566262,646.03,9,7239.12,6239.12
2272,15.51878433,353.76,7,7239.12,6239.12
2273,11.77378531,289.71,10,7239.12,6239.12
2274,15.85677546,512.34,11,7239.12,6239.12
2275,13.00497394,806.35,10,7239.12,6239.12
2276,18.8062433,396.65,7,7239.12,6239.12
2277,12.24446352,439.83,10,7239.12,6239.12
2278,25.62280914,328.2,8,7239.12,6239.12
2279,30.602,441.79,10,7239.12,6239.12
2280,16.5010289,423.39,8,7239.12,6239.12
2281,14.7918165,303.44,7,7239.12,6239.12
2282,14.75504183,388,9,7239.12,6239.12
2283,10.30172731,481.7,11,7239.12,6239.12
2284,31.11216522,426.33,10,7239.12,6239.12
2285,15.06324481,448.6,11,7239.12,6239.12
2286,12.47227654,391.3,10,7239.12,6239.12
2287,14.75172968,352.23,10,7239.12,6239.12
2288,34.44474364,434.92,7,7239.12,6239.12
2289,19.62982011,422.75,13,7239.12,6239.12
2290,18.18877323,425.74,10,7239.12,6239.12
2291,25.33726159,343.14,14,7239.12,6239.12
2292,28.46385176,391.82,10,7239.12,6239.12
2293,17.44542047,304.85,9,7239.12,6239.12
2294,10.7982815,426.22,15,7239.12,6239.12
2295,21.15160336,427.97,9,7239.12,6239.12
2296,17.18240446,463.59,10,7239.12,6239.12
2297,23.41709123,324.5,9,7239.12,6239.12
2298,11.16238823,378.31,9,7239.12,6239.12
2299,12.98175852,336.26,9,7239.12,6239.12
2300,18.59770829,447.33,10,7239.12,6239.12
2301,13.21751017,295.87,7,7239.12,6239.12
2302,24.75872708,1057.2,10,7239.12,6239.12
2303,19.54857276,814.2,10,7239.12,6239.12
2304,15.43075654,605.17,9,7239.12,6239.12
2305,16.83222266,517.57,15,7239.12,6239.12
2306,10.41822828,343.3,7,7239.12,6239.12
2307,18.49263236,300.57,14,7239.12,6239.12
2308,19.95152807,363.04,8,7239.12,6239.12
2309,15.346,458.51,9,7239.12,6239.12
2310,13.218,559.92,8,7239.12,6239.12
2311,21.08377301,519.89,11,7239.12,6239.12
2312,14.73437392,373.36,10,7239.12,6239.12
2313,12.59538757,431.95,15,7239.12,6239.12
2314,14.90657341,402.51,9,7239.12,6239.12
2315,10.98870236,377.49,9,7239.12,6239.12
2316,17.012,352.7,10,7239.12,6239.12
2317,20.04949361,427.82,10,7239.12,6239.12
2318,14.74625218,382.21,13,7239.12,6239.12
2319,18.50737662,420.17,10,7239.12,6239.12
2320,16.66466563,318,11,7239.12,6239.12
2321,15.67324416,438.22,7,7239.12,6239.12
2322,36.077,415.18,9,7239.12,6239.12
2323,16.58677479,375.56,14,7239.12,6239.12
2324,20.95974605,355.45,7,7239.12,6239.12
2325,21.323,318.49,9,7239.12,6239.12
2326,29.44811292,340.27,7,7239.12,6239.12
2327,22.28428776,354.09,6,7239.12,6239.12
2328,12.84692488,268.91,9,7239.12,6239.12
2329,18.34277259,372.94,13,7239.12,6239.12
2330,21.84178158,492.57,14,7239.12,6239.12
2331,12.23502516,698.46,9,7239.12,6239.12
2332,18.73374236,392.77,7,7239.12,6239.12
2333,11.79661031,589.02,9,7239.12,6239.12
2334,11.99847399,309.6,10,7239.12,6239.12
2335,17.96585669,457.88,9,7239.12,6239.12
2336,19.097,477.2,8,7239.12,6239.12
2337,22.7657102,315.4,8,7239.12,6239.12
2338,13.13870791,396.76,8,7239.12,6239.12
2339,21.67788853,675.47,20,7239.12,6239.12
2340,24.14238299,574.72,8,7239.12,6239.12
2341,13.95592133,461.99,10,7239.12,6239.12
2342,17.66461791,600.67,11,7239.12,6239.12
2343,16.38923457,399.05,7,7239.12,6239.12
2344,28.10384988,283.72,14,7239.12,6239.12
2345,22.35744011,900.94,10,7239.12,6239.12
2346,11.74754523,434.74,9,7239.12,6239.12
2347,8.578481759,500.75,10,7239.12,6239.12
2348,47.60009435,562.64,10,7239.12,6239.12
2349,17.40016633,510.5,9,7239.12,6239.12
2350,15.84606534,389.3,14,7239.12,6239.12
2351,28.25448989,441.92,13,7239.12,6239.12
2352,19.77707604,649.43,8,7239.12,6239.12
2353,75.576,755.76,8,7239.12,6239.12
2354,20.30201551,326.16,9,7239.12,6239.12
2355,12.04510644,588.23,12,7239.12,6239.12
2356,9.314515445,398.26,12,7239.12,6239.12
2357,10.34408129,338.67,10,7239.12,6239.12
2358,13.96567714,462.31,11,7239.12,6239.12
2359,27.92909696,436.92,12,7239.12,6239.12
2360,13.41313244,424.81,9,7239.12,6239.12
2361,15.24064545,327.27,7,7239.12,6239.12
2362,33.33012405,451.75,11,7239.12,6239.12
2363,16.19356958,445.1,10,7239.12,6239.12
2364,15.20521308,323.33,9,7239.12,6239.12
2365,19.64171952,378.13,9,7239.12,6239.12
2366,27.56057838,333.37,8,7239.12,6239.12
2367,24.93815313,634.07,10,7239.12,6239.12
2368,7.174364439,522.42,9,7239.12,6239.12
2369,18.49966086,442.18,9,7239.12,6239.12
2370,19.59521721,710.26,7,7239.12,6239.12
2371,11.35555852,316.61,11,7239.12,6239.12
2372,19.27089473,392.34,11,7239.12,6239.12
2373,16.56984602,400.82,9,7239.12,6239.12
2374,8.04842847,253.27,9,7239.12,6239.12
2375,27.60215139,470.7,8,7239.12,6239.12
2376,40.129,428.87,11,7239.12,6239.12
2377,10.66472164,383.64,8,7239.12,6239.12
2378,14.0884817,355.59,11,7239.12,6239.12
2379,21.11772034,345.79,7,7239.12,6239.12
2380,10.30085289,506.05,9,7239.12,6239.12
2381,9.696764133,483.15,9,7239.12,6239.12
2382,16.3488642,275.8,9,7239.12,6239.12
2383,6.914268937,427.22,10,7239.12,6239.12
2384,19.7659089,291.2,7,7239.12,6239.12
2385,11.4271343,416.28,18,7239.12,6239.12
2386,12.35656579,661.54,11,7239.12,6239.12
2387,18.26897251,346.32,10,7239.12,6239.12
2388,19.64933357,429.16,11,7239.12,6239.12
2389,22.9109181,413.78,11,7239.12,6239.12
2390,38.81669151,390.69,9,7239.12,6239.12
2391,21.51653878,533.92,8,7239.12,6239.12
2392,26.20390904,456.1,11,7239.12,6239.12
2393,14.52320638,659.31,8,7239.12,6239.12
2394,16.35722712,822.25,10,7239.12,6239.12
2395,34.81016567,532.65,14,7239.12,6239.12
2396,14.42782471,327.16,10,7239.12,6239.12
2397,21.10729979,380.18,8,7239.12,6239.12
2398,21.34595349,368.2,11,7239.12,6239.12
2399,10.16991034,391.06,7,7239.12,6239.12
2400,21.46004446,336.63,11,7239.12,6239.12
2401,35.73136876,761.95,8,7239.12,6239.12
2402,7.617849794,371.18,13,7239.12,6239.12
2403,36.56355359,383.91,11,7239.12,6239.12
2404,20.66323928,401.97,12,7239.12,6239.12
2405,30.654,513.9,12,7239.12,6239.12
2406,14.96149773,475.12,8,7239.12,6239.12
2407,11.85912282,550.44,10,7239.12,6239.12
2408,21.02051479,359.89,10,7239.12,6239.12
2409,15.90402082,570.84,8,7239.12,6239.12
2410,22.77420745,290.74,7,7239.12,6239.12
2411,29.65577193,399.14,9,7239.12,6239.12
2412,43.124,431.24,7,7239.12,6239.12
2413,18.43693736,371.72,10,7239.12,6239.12
2414,20.55001788,434.06,10,7239.12,6239.12
2415,22.7358999,388.12,8,7239.12,6239.12
2416,22.00944683,383.83,9,7239.12,6239.12
2417,14.28089176,359.7,8,7239.12,6239.12
2418,16.4653031,469.8,11,7239.12,6239.12
2419,17.7778425,441.49,8,7239.12,6239.12
2420,12.97524799,286.74,7,7239.12,6239.12
2421,25.48172664,688.7,9,7239.12,6239.12
2422,22.86806261,407.47,8,7239.12,6239.12
2423,18.4020341,378.54,11,7239.12,6239.12
2424,19.50699403,319.57,11,7239.12,6239.12
2425,11.00124951,461.22,9,7239.12,6239.12
2426,19.158,387.38,7,7239.12,6239.12
2427,25.03862234,286.87,8,7239.12,6239.12
2428,15.82116414,549.8,9,7239.12,6239.12
2429,11.33598256,471.14,10,7239.12,6239.12
2430,13.23110879,341.7,9,7239.12,6239.12
2431,23.31286109,365.38,10,7239.12,6239.12
2432,12.43370547,461.41,13,7239.12,6239.12
2433,8.675807533,347.85,7,7239.12,6239.12
2434,20.5209822,379.08,7,7239.12,6239.12
2435,8.161496712,490.56,11,7239.12,6239.12
2436,13.37519725,482.33,10,7239.12,6239.12
2437,8.93234323,337.89,8,7239.12,6239.12
2438,14.10732343,397.05,9,7239.12,6239.12
2439,20.846,421.08,13,7239.12,6239.12
2440,13.24223151,452.83,9,7239.12,6239.12
2441,18.52366326,378.72,8,7239.12,6239.12
2442,24.74043481,479.64,8,7239.12,6239.12
2443,26.45733431,323.98,8,7239.12,6239.12
2444,10.11433533,289.2,11,7239.12,6239.12
2445,39.67837217,483.6,8,7239.12,6239.12
2446,23.7537273,380.28,10,7239.12,6239.12
2447,10.14773068,639.03,10,7239.12,6239.12
2448,19.00636871,537.16,13,7239.12,6239.12
2449,18.05298354,544.53,11,7239.12,6239.12
2450,13.16005073,550.85,9,7239.12,6239.12
2451,28.59048376,554.4,8,7239.12,6239.12
2452,32.88389719,479,10,7239.12,6239.12
2453,13.04882749,633.18,8,7239.12,6239.12
2454,11.14788858,465.85,9,7239.12,6239.12
2455,19.05490705,550.1,12,7239.12,6239.12
2456,12.12347662,456.47,11,7239.12,6239.12
2457,15.64106927,387.54,10,7239.12,6239.12
2458,19.73946305,306.49,9,7239.12,6239.12
2459,25.31702491,483.76,13,7239.12,6239.12
2460,13.40259899,524.76,16,7239.12,6239.12
2461,10.05173318,421.63,8,7239.12,6239.12
2462,8.28,422.17,11,7239.12,6239.12
2463,16.65988144,460.42,8,7239.12,6239.12
2464,12.89680484,773.62,9,7239.12,6239.12
2465,14.95639933,556.74,13,7239.12,6239.12
2466,15.37778582,375.89,9,7239.12,6239.12
2467,12.95372066,608,9,7239.12,6239.12
2468,23.80385765,488.46,9,7239.12,6239.12
2469,33.225,332.25,9,7239.12,6239.12
2470,14.29708364,455.53,14,7239.12,6239.12
2471,13.38035884,489.14,9,7239.12,6239.12
2472,14.32411636,455.76,12,7239.12,6239.12
2473,13.85687043,519.02,8,7239.12,6239.12
2474,17.03182069,445.48,12,7239.12,6239.12
2475,13.97037689,467.92,6,7239.12,6239.12
2476,44.834,489.42,10,7239.12,6239.12
2477,17.63854203,378.8,12,7239.12,6239.12
2478,18.76262481,552.67,9,7239.12,6239.12
2479,13.25610538,606.15,11,7239.12,6239.12
2480,26.14217496,322.85,14,7239.12,6239.12
2481,78.0733068,800.47,12,7239.12,6239.12
2482,12.49419822,532.57,10,7239.12,6239.12
2483,18.41592474,343.44,9,7239.12,6239.12
2484,57.39376826,581.33,8,7239.12,6239.12
2485,31.62965839,425.17,15,7239.12,6239.12
2486,21.77758671,579.53,10,7239.12,6239.12
2487,16.20995593,337.18,9,7239.12,6239.12
2488,52.71380386,581.37,11,7239.12,6239.12
2489,13.54694381,634.84,8,7239.12,6239.12
2490,30.22721327,496.93,9,7239.12,6239.12
2491,20.96003279,395.02,9,7239.12,6239.12
2492,32.38496663,497.88,9,7239.12,6239.12
2493,10.3359567,400.61,9,7239.12,6239.12
2494,14.80312157,381.71,9,7239.12,6239.12
2495,8.735229759,393.98,7,7239.12,6239.12
2496,34.86796447,698.36,11,7239.12,6239.12
2497,21.15827536,430.89,10,7239.12,6239.12
2498,9.737031204,384.29,8,7239.12,6239.12
2499,11.50468832,396.23,9,7239.12,6239.12
2500,11.92861643,274.83,9,7239.12,6239.12
2501,23.719,459.27,11,7239.12,6239.12
2502,50.97484151,511.4,15,7239.12,6239.12
2503,23.53579988,439.24,9,7239.12,6239.12
2504,34.73867142,453.76,9,7239.12,6239.12
2505,8.425563944,469.14,12,7239.12,6239.12
2506,16.04057364,660.7,9,7239.12,6239.12
2507,11.45697247,383.03,9,7239.12,6239.12
2508,32.702,327.02,8,7239.12,6239.12
2509,17.82301679,711.74,10,7239.12,6239.12
2510,29.83216558,425.35,10,7239.12,6239.12
2511,10.6754984,390.23,8,7239.12,6239.12
2512,17.14687806,787.3,10,7239.12,6239.12
2513,10.6489713,352.15,10,7239.12,6239.12
2514,19.09898928,698.79,10,7239.12,6239.12
2515,16.48862917,560.92,7,7239.12,6239.12
2516,19.56501065,321.29,8,7239.12,6239.12
2517,20.01345586,589.66,8,7239.12,6239.12
2518,16.273,429.48,10,7239.12,6239.12
2519,20.866,327.62,14,7239.12,6239.12
2520,14.70124325,263.38,7,7239.12,6239.12
2521,40.712817,493.02,7,7239.12,6239.12
2522,26.44762986,498.16,9,7239.12,6239.12
2523,20.59222348,373.58,10,7239.12,6239.12
2524,8.66678401,365.49,10,7239.12,6239.12
2525,14.70498684,381.54,10,7239.12,6239.12
2526,18.07539442,299.49,10,7239.12,6239.12
2527,15.92035415,407.08,13,7239.12,6239.12
2528,16.178,394.97,7,7239.12,6239.12
2529,41.09872874,424.48,12,7239.12,6239.12
2530,26.79934796,323.52,9,7239.12,6239.12
2531,42.027,420.27,11,7239.12,6239.12
2532,32.131,429.99,10,7239.12,6239.12
2533,12.3367378,579.67,13,7239.12,6239.12
2534,21.156,278.58,7,7239.12,6239.12
2535,19.64423936,263.94,14,7239.12,6239.12
2536,31.50269906,466.87,12,7239.12,6239.12
2537,11.00341899,448.77,7,7239.12,6239.12
2538,13.98112729,409.48,13,7239.12,6239.12
2539,18.29812749,461.12,10,7239.12,6239.12
2540,50.9602668,709,11,7239.12,6239.12
2541,19.29398762,441.07,9,7239.12,6239.12
2542,24.98135353,451.85,8,7239.12,6239.12
2543,22.34948049,578.19,7,7239.12,6239.12
2544,23.06620474,322.84,9,7239.12,6239.12
2545,22.48924782,408.7,16,7239.12,6239.12
2546,22.61049351,386.99,13,7239.12,6239.12
2547,39.41186444,418.42,8,7239.12,6239.12
2548,33.806,347.79,9,7239.12,6239.12
2549,15.99733297,331.1,7,7239.12,6239.12
2550,26.19563849,374.54,8,7239.12,6239.12
2551,15.27275032,502.99,15,7239.12,6239.12
2552,14.61320184,616.59,18,7239.12,6239.12
2553,34.18750083,514.98,12,7239.12,6239.12
2554,11.2938032,372.74,8,7239.12,6239.12
2555,12.0052984,882.77,10,7239.12,6239.12
2556,16.33684663,531.87,9,7239.12,6239.12
2557,13.87756133,329.76,9,7239.12,6239.12
2558,12.11728012,305.21,8,7239.12,6239.12
2559,18.41954057,443.58,8,7239.12,6239.12
2560,27.07434268,521.61,9,7239.12,6239.12
2561,6.697219532,269.89,11,7239.12,6239.12
2562,7.496486162,419.75,12,7239.12,6239.12
2563,10.6248948,497.76,12,7239.12,6239.12
2564,18.60796455,382.69,9,7239.12,6239.12
2565,11.688,526.26,8,7239.12,6239.12
2566,10.71857165,318.34,12,7239.12,6239.12
2567,18.75780397,333.59,15,7239.12,6239.12
2568,42.36897546,557.08,10,7239.12,6239.12
2569,12.4575164,407.78,8,7239.12,6239.12
2570,19.32650341,381.22,15,7239.12,6239.12
2571,11.86790667,630.59,11,7239.12,6239.12
2572,22.37559817,467.33,13,7239.12,6239.12
2573,17.62984725,599.4,10,7239.12,6239.12
2574,12.05957736,359.01,13,7239.12,6239.12
2575,10.62116724,344.35,11,7239.12,6239.12
2576,23.23774665,426.66,10,7239.12,6239.12
2577,33.31844437,656.42,7,7239.12,6239.12
2578,14.9607576,479.79,9,7239.12,6239.12
2579,17.38722885,604.7,11,7239.12,6239.12
2580,18.65091088,541.64,11,7239.12,6239.12
2581,36.15657813,374.64,11,7239.12,6239.12
2582,33.612,336.12,11,7239.12,6239.12
2583,27.77761238,559.83,13,7239.12,6239.12
2584,10.03322215,457.34,9,7239.12,6239.12
2585,14.25068548,427.78,12,7239.12,6239.12
2586,12.67204421,478.36,11,7239.12,6239.12
2587,47.294,637.85,11,7239.12,6239.12
2588,14.8968541,646.23,7,7239.12,6239.12
2589,11.18440728,516.1,8,7239.12,6239.12
2590,15.44954676,528.93,9,7239.12,6239.12
2591,10.537,386.04,7,7239.12,6239.12
2592,15.72336163,256.5,6,7239.12,6239.12
2593,14.4572685,359,10,7239.12,6239.12
2594,16.49087487,490.33,13,7239.12,6239.12
2595,25.75494275,394.17,7,7239.12,6239.12
2596,14.897,415.9,8,7239.12,6239.12
2597,40.273,402.73,11,7239.12,6239.12
2598,20.66324706,834.96,10,7239.12,6239.12
2599,41.4205988,683.56,11,7239.12,6239.12
2600,12.02219297,280.39,8,7239.12,6239.12
2601,14.12251722,433.63,10,7239.12,6239.12
2602,26.41723716,593.53,16,7239.12,6239.12
2603,13.69033856,365.96,17,7239.12,6239.12
2604,10.0533656,339.87,10,7239.12,6239.12
2605,15.45237359,461.31,9,7239.12,6239.12
2606,27.61017683,375.98,13,7239.12,6239.12
2607,51.125,518.18,14,7239.12,6239.12
2608,15.06571159,1042.57,10,7239.12,6239.12
2609,14.75117603,363.52,9,7239.12,6239.12
2610,18.244,357.58,10,7239.12,6239.12
2611,18.05960919,406.47,11,7239.12,6239.12
2612,14.30288001,356.99,8,7239.12,6239.12
2613,28.04508318,547.97,10,7239.12,6239.12
2614,18.40245177,488.42,19,7239.12,6239.12
2615,11.13411369,357.65,11,7239.12,6239.12
2616,18.4661601,377.92,10,7239.12,6239.12
2617,14.14330265,282.67,8,7239.12,6239.12
2618,23.12,515.42,8,7239.12,6239.12
2619,37.55512107,624.26,13,7239.12,6239.12
2620,17.59388072,479.87,12,7239.12,6239.12
2621,11.13496214,426.05,6,7239.12,6239.12
2622,18.24291392,287.62,16,7239.12,6239.12
2623,20.35503481,552.8,10,7239.12,6239.12
2624,14.61414729,456.09,16,7239.12,6239.12
2625,22.82357366,506.02,7,7239.12,6239.12
2626,15.7222597,414.56,10,7239.12,6239.12
2627,38.02643224,546.2,13,7239.12,6239.12
2628,22.1014869,382.2,12,7239.12,6239.12
2629,20.14957253,353.76,16,7239.12,6239.12
2630,13.17296678,380.79,9,7239.12,6239.12
2631,28.13060482,454.23,12,7239.12,6239.12
2632,14.37332047,374.71,14,7239.12,6239.12
2633,30.357,334.39,8,7239.12,6239.12
2634,16.7969174,309.73,11,7239.12,6239.12
2635,20.41582471,490,9,7239.12,6239.12
2636,8.433571591,311.02,10,7239.12,6239.12
2637,15.75619994,476.4,8,7239.12,6239.12
2638,31.8246949,322.05,15,7239.12,6239.12
2639,14.80326928,399.17,11,7239.12,6239.12
2640,9.604955136,572.32,9,7239.12,6239.12
2641,8.498558295,385.63,10,7239.12,6239.12
2642,19.4726526,387.64,8,7239.12,6239.12
2643,24.80501087,496.86,11,7239.12,6239.12
2644,13.77324098,507.55,9,7239.12,6239.12
2645,9.630564039,482.54,9,7239.12,6239.12
2646,23.08036113,521.16,10,7239.12,6239.12
2647,19.06605542,334.33,9,7239.12,6239.12
2648,14.15701854,571.22,10,7239.12,6239.12
2649,13.84341788,260.56,9,7239.12,6239.12
2650,23.17408907,572.4,6,7239.12,6239.12
2651,10.91370404,347.78,9,7239.12,6239.12
2652,19.17061859,350.47,10,7239.12,6239.12
2653,17.7184348,525.8,12,7239.12,6239.12
2654,8.550489684,385.02,7,7239.12,6239.12
2655,32.90537244,559.75,11,7239.12,6239.12
2656,26.53073551,374.57,10,7239.12,6239.12
2657,21.55379027,285.98,11,7239.12,6239.12
2658,15.47336645,354.19,9,7239.12,6239.12
2659,31.97316987,354.17,10,7239.12,6239.12
2660,22.34685232,522.48,9,7239.12,6239.12
2661,15.228,330.52,8,7239.12,6239.12
2662,17.60318275,374.12,8,7239.12,6239.12
2663,10.76539135,487.88,9,7239.12,6239.12
2664,19.00196299,326.22,8,7239.12,6239.12
2665,13.73432856,448.12,8,7239.12,6239.12
2666,30.60143375,374.3,8,7239.12,6239.12
2667,24.18336188,414.97,9,7239.12,6239.12
2668,13.53594131,548.73,12,7239.12,6239.12
2669,33.54892647,365.17,8,7239.12,6239.12
2670,20.40199301,372.46,11,7239.12,6239.12
2671,8.874137031,310.94,9,7239.12,6239.12
2672,31.19336332,445.93,10,7239.12,6239.12
2673,21.507,359.81,9,7239.12,6239.12
2674,22.41763837,660.39,7,7239.12,6239.12
2675,12.44947347,325.65,13,7239.12,6239.12
2676,18.83907864,380.15,10,7239.12,6239.12
2677,9.385983598,441.55,16,7239.12,6239.12
2678,18.057,495.93,8,7239.12,6239.12
2679,15.99259997,388.73,8,7239.12,6239.12
2680,39.65687985,420.47,10,7239.12,6239.12
2681,7.587373815,257.45,10,7239.12,6239.12
2682,32.34873667,421.45,11,7239.12,6239.12
2683,12.77848612,338.75,9,7239.12,6239.12
2684,19.30153061,333.57,10,7239.12,6239.12
2685,20.96633819,317.82,17,7239.12,6239.12
2686,21.85419921,334.55,13,7239.12,6239.12
2687,15.16004856,730.54,9,7239.12,6239.12
2688,21.20439254,347.73,11,7239.12,6239.12
2689,26.84793575,526.88,11,7239.12,6239.12
2690,10.96470343,329.72,10,7239.12,6239.12
2691,23.48893917,561.59,13,7239.12,6239.12
2692,7.305078971,416.54,7,7239.12,6239.12
2693,21.80174762,485.78,11,7239.12,6239.12
2694,11.70936039,396.95,11,7239.12,6239.12
2695,36.73886601,1002.78,8,7239.12,6239.12
2696,12.908,286.48,8,7239.12,6239.12
2697,14.28780011,282.73,6,7239.12,6239.12
2698,9.076480142,535.34,13,7239.12,6239.12
2699,19.81730911,404.61,11,7239.12,6239.12
2700,10.69022052,373.62,8,7239.12,6239.12
2701,19.9262043,583.78,9,7239.12,6239.12
2702,29.5684482,490.91,8,7239.12,6239.12
2703,7.699,304.89,8,7239.12,6239.12
2704,16.83813691,399.99,11,7239.12,6239.12
2705,19.422,436.81,11,7239.12,6239.12
2706,32.17353519,414.63,11,7239.12,6239.12
2707,16.11114622,305.97,9,7239.12,6239.12
2708,18.58973342,692.64,21,7239.12,6239.12
2709,35.8969829,544.52,8,7239.12,6239.12
2710,11.44852618,312.27,11,7239.12,6239.12
2711,10.88183555,573.02,11,7239.12,6239.12
2712,21.74457962,272.39,9,7239.12,6239.12
2713,21.21697139,310.19,11,7239.12,6239.12
2714,13.07204743,344.81,8,7239.12,6239.12
2715,18.69917366,513.24,9,7239.12,6239.12
2716,38.2070548,812.58,7,7239.12,6239.12
2717,16.84253788,348.74,9,7239.12,6239.12
2718,10.57151415,804.71,13,7239.12,6239.12
2719,9.852960701,402.65,14,7239.12,6239.12
2720,19.23715226,407.86,15,7239.12,6239.12
2721,14.024636,494.15,9,7239.12,6239.12
2722,20.22441378,372.36,8,7239.12,6239.12
2723,31.793,336.26,8,7239.12,6239.12
2724,13.70017707,291.15,12,7239.12,6239.12
2725,22.91209295,374.67,7,7239.12,6239.12
2726,7.377510976,268.99,8,7239.12,6239.12
2727,19.63642481,310.58,7,7239.12,6239.12
2728,33.285,618.91,13,7239.12,6239.12
2729,18.15735544,320.87,8,7239.12,6239.12
2730,29.29,321.08,7,7239.12,6239.12
2731,21.01297826,405.82,10,7239.12,6239.12
2732,8.353670938,531.46,8,7239.12,6239.12
2733,13.56073815,467.44,12,7239.12,6239.12
2734,16.74935142,500.99,12,7239.12,6239.12
2735,31.79096111,357.27,10,7239.12,6239.12
2736,51.411,514.11,10,7239.12,6239.12
2737,26.97020941,594.89,10,7239.12,6239.12
2738,16.38140968,463.84,10,7239.12,6239.12
2739,44.63527371,499.25,11,7239.12,6239.12
2740,44.13925379,487.88,8,7239.12,6239.12
2741,16.78089119,478.63,8,7239.12,6239.12
2742,11.36446365,487.04,9,7239.12,6239.12
2743,13.419,571.68,11,7239.12,6239.12
2744,17.13289802,412.32,9,7239.12,6239.12
2745,19.93565906,419.93,12,7239.12,6239.12
2746,21.55598861,459.94,12,7239.12,6239.12
2747,10.86150975,357.31,7,7239.12,6239.12
2748,11.64932502,490.83,9,7239.12,6239.12
2749,18.90880556,350.35,9,7239.12,6239.12
2750,30.48964288,339.37,7,7239.12,6239.12
2751,14.89386016,382.02,13,7239.12,6239.12
2752,13.98474798,324.12,10,7239.12,6239.12
2753,12.33584896,448.36,7,7239.12,6239.12
2754,20.91197011,667.45,7,7239.12,6239.12
2755,12.0472159,407.12,9,7239.12,6239.12
2756,8.165570102,472.96,8,7239.12,6239.12
2757,30.93310941,427.25,9,7239.12,6239.12
2758,13.55923187,809.05,7,7239.12,6239.12
2759,16.77136323,482.39,15,7239.12,6239.12
2760,14.79923297,409.81,10,7239.12,6239.12
2761,29.152,292.74,8,7239.12,6239.12
2762,16.955,568.97,7,7239.12,6239.12
2763,36.59609287,393.58,8,7239.12,6239.12
2764,14.50249572,427.54,9,7239.12,6239.12
2765,13.78443664,385.37,7,7239.12,6239.12
2766,18.14022458,311.09,11,7239.12,6239.12
2767,41.62069445,448.9,9,7239.12,6239.12
2768,17.12034168,325.35,10,7239.12,6239.12
2769,11.85535437,404.18,8,7239.12,6239.12
2770,12.09895369,376.74,9,7239.12,6239.12
2771,10.38262527,560.48,12,7239.12,6239.12
2772,26.77676842,345.73,12,7239.12,6239.12
2773,15.4505526,334.54,7,7239.12,6239.12
2774,11.38716161,362.04,8,7239.12,6239.12
2775,18.73376572,302.99,11,7239.12,6239.12
2776,11.37229419,274.16,9,7239.12,6239.12
2777,10.81409403,527,9,7239.12,6239.12
2778,14.54979286,490.02,9,7239.12,6239.12
2779,19.482,360.31,8,7239.12,6239.12
2780,27.21766197,404.86,8,7239.12,6239.12
2781,34.39821003,481.2,10,7239.12,6239.12
2782,18.62665216,496.48,11,7239.12,6239.12
2783,20.82114259,526.43,11,7239.12,6239.12
2784,22.26548614,352.81,8,7239.12,6239.12
2785,10.45450103,470.67,9,7239.12,6239.12
2786,36.42593832,364.62,10,7239.12,6239.12
2787,10.24267529,494.29,10,7239.12,6239.12
2788,23.98948889,385.15,10,7239.12,6239.12
2789,18.56,435.51,8,7239.12,6239.12
2790,17.60006464,454.3,9,7239.12,6239.12
2791,22.71314125,404.01,7,7239.12,6239.12
2792,9.599373102,498.36,12,7239.12,6239.12
2793,9.452682761,394.67,9,7239.12,6239.12
2794,11.1379547,455.72,16,7239.12,6239.12
2795,15.84273042,376.57,8,7239.12,6239.12
2796,11.47871728,403.19,7,7239.12,6239.12
2797,26.92329087,355.15,9,7239.12,6239.12
2798,8.79238959,315.03,9,7239.12,6239.12
2799,13.36585026,453.24,9,7239.12,6239.12
2800,26.87404109,533.98,9,7239.12,6239.12
2801,22.18714361,363.46,9,7239.12,6239.12
2802,37.7359115,546.06,15,7239.12,6239.12
2803,9.6483669,438.68,10,7239.12,6239.12
2804,8.565527097,383.59,12,7239.12,6239.12
2805,32.5323839,396.56,9,7239.12,6239.12
2806,14.24877705,396.41,8,7239.12,6239.12
2807,10.4765702,633.25,8,7239.12,6239.12
2808,11.72126713,340.93,13,7239.12,6239.12
2809,18.69747745,457.75,10,7239.12,6239.12
2810,14.04499338,589.04,10,7239.12,6239.12
2811,24.34225877,302.75,8,7239.12,6239.12
2812,15.44890719,412.53,8,7239.12,6239.12
2813,13.33252574,422.71,13,7239.12,6239.12
2814,22.027,443.88,9,7239.12,6239.12
2815,21.7365659,296.27,8,7239.12,6239.12
2816,16.04749237,438.84,8,7239.12,6239.12
2817,19.38439371,427.8,10,7239.12,6239.12
2818,24.951,308.67,10,7239.12,6239.12
2819,29.3387523,660.03,11,7239.12,6239.12
2820,18.93762844,522.51,8,7239.12,6239.12
2821,28.49851734,299.85,10,7239.12,6239.12
2822,17.70711739,303.33,13,7239.12,6239.12
2823,11.03513194,440.23,11,7239.12,6239.12
2824,20.98243623,569.98,10,7239.12,6239.12
2825,10.78952492,371.26,8,7239.12,6239.12
2826,12.18830298,469.26,9,7239.12,6239.12
2827,11.8313743,484.41,16,7239.12,6239.12
2828,12.62491293,422.03,7,7239.12,6239.12
2829,27.60760866,371.07,9,7239.12,6239.12
2830,16.41645979,405.37,9,7239.12,6239.12
2831,30.69827773,340.8,8,7239.12,6239.12
2832,9.694006649,440.58,12,7239.12,6239.12
2833,19.69997132,548.12,8,7239.12,6239.12
2834,19.75817447,438.43,14,7239.12,6239.12
2835,21.89081782,575.63,9,7239.12,6239.12
2836,9.088989417,627.99,11,7239.12,6239.12
2837,14.94772456,440.33,9,7239.12,6239.12
2838,22.19057189,336.37,12,7239.12,6239.12
2839,17.22655548,546.18,9,7239.12,6239.12
2840,11.41065049,419.55,10,7239.12,6239.12
2841,14.09829088,510.11,9,7239.12,6239.12
2842,28.95888939,490.99,11,7239.12,6239.12
2843,17.30000091,263.22,9,7239.12,6239.12
2844,12.58477658,613.13,7,7239.12,6239.12
2845,20.1567337,382.11,10,7239.12,6239.12
2846,8.886738237,357.61,8,7239.12,6239.12
2847,12.6511442,386.11,11,7239.12,6239.12
2848,21.782,345.44,11,7239.12,6239.12
2849,10.24838755,277.43,8,7239.12,6239.12
2850,14.96147812,325.6,8,7239.12,6239.12
2851,23.32047911,422.11,9,7239.12,6239.12
2852,22.42028265,677.65,9,7239.12,6239.12
2853,10.02029735,391.68,8,7239.12,6239.12
2854,12.94318991,326.47,8,7239.12,6239.12
2855,19.49791313,849.76,10,7239.12,6239.12
2856,15.80550345,535.6,8,7239.12,6239.12
2857,14.01876969,377.99,12,7239.12,6239.12
2858,38.7023369,391.18,7,7239.12,6239.12
2859,18.78190388,349.09,7,7239.12,6239.12
2860,17.24778444,456.63,7,7239.12,6239.12
2861,20.69058368,378.33,9,7239.12,6239.12
2862,13.483,331.23,8,7239.12,6239.12
2863,12.27441943,526.2,10,7239.12,6239.12
2864,10.85838659,482.3,11,7239.12,6239.12
2865,9.329022307,414.24,9,7239.12,6239.12
2866,50.65858515,516.52,8,7239.12,6239.12
2867,36.94608763,423.66,9,7239.12,6239.12
2868,12.44737807,388.35,8,7239.12,6239.12
2869,24.53970671,370.66,7,7239.12,6239.12
2870,19.6388944,346.74,9,7239.12,6239.12
2871,19.39453863,390.35,20,7239.12,6239.12
2872,17.78077041,368.52,9,7239.12,6239.12
2873,22.36789278,341.59,9,7239.12,6239.12
2874,21.33580038,335.35,12,7239.12,6239.12
2875,22.81863755,286.86,7,7239.12,6239.12
2876,19.41973132,568.4,8,7239.12,6239.12
2877,15.07103635,395.15,17,7239.12,6239.12
2878,14.29399419,419.84,10,7239.12,6239.12
2879,20.06927024,446.8,12,7239.12,6239.12
2880,44.44161342,453.5,11,7239.12,6239.12
2881,13.68532364,420.45,8,7239.12,6239.12
2882,18.71991909,396.53,10,7239.12,6239.12
2883,31.23317178,585.8,12,7239.12,6239.12
2884,17.61178703,384.18,8,7239.12,6239.12
2885,16.34499987,768.13,9,7239.12,6239.12
2886,15.85069598,429.67,8,7239.12,6239.12
2887,43.91701956,604.61,7,7239.12,6239.12
2888,10.66115219,443.54,10,7239.12,6239.12
2889,19.94127149,351.81,7,7239.12,6239.12
2890,14.81608277,399.81,9,7239.12,6239.12
2891,22.22080016,347.24,7,7239.12,6239.12
2892,14.85108191,503.22,9,7239.12,6239.12
2893,10.9462365,387.43,10,7239.12,6239.12
2894,21.5722638,541.82,8,7239.12,6239.12
2895,23.74117616,576.27,15,7239.12,6239.12
2896,43.37598887,536.24,10,7239.12,6239.12
2897,28.351,376,9,7239.12,6239.12
2898,8.887834081,429.93,15,7239.12,6239.12
2899,22.03263409,611.07,13,7239.12,6239.12
2900,9.497072477,691.58,11,7239.12,6239.12
2901,18.45564685,608.85,11,7239.12,6239.12
2902,13.1679131,379.44,7,7239.12,6239.12
2903,19.10160005,403.47,13,7239.12,6239.12
2904,11.73414592,475.15,9,7239.12,6239.12
2905,28.66394356,385.96,11,7239.12,6239.12
2906,25.13822121,330.64,9,7239.12,6239.12
2907,9.933616179,441.38,17,7239.12,6239.12
2908,26.24368339,424.3,10,7239.12,6239.12
2909,20.09063444,482.59,11,7239.12,6239.12
2910,15.86361002,521.56,11,7239.12,6239.12
2911,23.62294986,482.22,12,7239.12,6239.12
2912,40.42406406,462.9,10,7239.12,6239.12
2913,11.14090992,463.6,7,7239.12,6239.12
2914,18.79143168,379.85,9,7239.12,6239.12
2915,7.718455137,417.87,7,7239.12,6239.12
2916,28.17463375,352.45,11,7239.12,6239.12
2917,12.48637708,459.75,10,7239.12,6239.12
2918,22.52978151,385.2,14,7239.12,6239.12
2919,26.05839555,420.62,8,7239.12,6239.12
2920,24.90378224,445.83,13,7239.12,6239.12
2921,55.11581776,689.08,14,7239.12,6239.12
2922,15.38004358,339.24,8,7239.12,6239.12
2923,16.83194691,365.93,8,7239.12,6239.12
2924,19.25243952,336.75,12,7239.12,6239.12
2925,16.2871316,505.93,11,7239.12,6239.12
2926,12.05825372,442.22,9,7239.12,6239.12
2927,21.39167398,402.17,12,7239.12,6239.12
2928,24.20332982,325.52,10,7239.12,6239.12
2929,9.297806593,413.53,9,7239.12,6239.12
2930,24.59539624,469.38,7,7239.12,6239.12
2931,9.041211671,333.75,12,7239.12,6239.12
2932,10.55417552,442.83,9,7239.12,6239.12
2933,10.97099802,316.76,11,7239.12,6239.12
2934,31.4964722,404.56,8,7239.12,6239.12
2935,13.08902842,457.99,9,7239.12,6239.12
2936,9.11374769,455.28,7,7239.12,6239.12
2937,14.20617828,616.58,10,7239.12,6239.12
2938,18.35475854,444.94,13,7239.12,6239.12
2939,21.33,425.41,9,7239.12,6239.12
2940,30.2317508,438.89,13,7239.12,6239.12
2941,13.54881939,478.96,15,7239.12,6239.12
2942,39.8174218,430.81,13,7239.12,6239.12
2943,9.772307435,316.74,8,7239.12,6239.12
2944,11.33869267,491.64,7,7239.12,6239.12
2945,11.87398672,588.85,12,7239.12,6239.12
2946,20.69992918,401.15,10,7239.12,6239.12
2947,19.90843128,427.31,10,7239.12,6239.12
2948,23.586,338.13,7,7239.12,6239.12
2949,24.77409019,451.54,8,7239.12,6239.12
2950,23.97963501,340.06,7,7239.12,6239.12
2951,16.1218158,417.26,11,7239.12,6239.12
2952,12.71729767,383.43,12,7239.12,6239.12
2953,6.960110616,425.61,14,7239.12,6239.12
2954,9.472985813,516.97,9,7239.12,6239.12
2955,14.912,705.43,8,7239.12,6239.12
2956,19.23165496,508.25,8,7239.12,6239.12
2957,19.89534376,391.99,9,7239.12,6239.12
2958,11.16982145,654.77,13,7239.12,6239.12
2959,20.09788532,250.61,9,7239.12,6239.12
2960,22.28696084,369,10,7239.12,6239.12
2961,27.92118246,287.51,9,7239.12,6239.12
2962,11.54439542,298.56,8,7239.12,6239.12
2963,11.95119026,404.1,10,7239.12,6239.12
2964,25.80904618,479.07,10,7239.12,6239.12
2965,20.66957983,420.33,10,7239.12,6239.12
2966,10.00627534,501.69,9,7239.12,6239.12
2967,11.80983875,545.26,13,7239.12,6239.12
2968,17.13126996,330.37,10,7239.12,6239.12
2969,19.62833352,533.03,16,7239.12,6239.12
2970,31.93675278,330.44,9,7239.12,6239.12
2971,35.07382437,375.09,8,7239.12,6239.12
2972,20.21414171,415.69,7,7239.12,6239.12
2973,42.235,457.38,9,7239.12,6239.12
2974,21.64041422,421.33,11,7239.12,6239.12
2975,26.89665854,347.33,9,7239.12,6239.12
2976,12.02918161,461.32,9,7239.12,6239.12
2977,16.41944188,648.1,12,7239.12,6239.12
2978,38.22952811,415.36,10,7239.12,6239.12
2979,7.808443395,517.61,13,7239.12,6239.12
2980,18.85048385,443.55,9,7239.12,6239.12
2981,28.49312607,401.78,9,7239.12,6239.12
2982,54.909,549.09,9,7239.12,6239.12
2983,34.55136651,571.68,12,7239.12,6239.12
2984,9.486729025,375.04,8,7239.12,6239.12
2985,53.02590826,647.16,10,7239.12,6239.12
2986,18.38741236,427.25,8,7239.12,6239.12
2987,47.98749551,480.47,10,7239.12,6239.12
2988,19.25312409,448.27,11,7239.12,6239.12
2989,11.16769017,305.03,10,7239.12,6239.12
2990,36.39458982,431.52,9,7239.12,6239.12
2991,14.68183028,384.22,15,7239.12,6239.12
2992,15.208,372.72,13,7239.12,6239.12
2993,23.2149268,465.58,11,7239.12,6239.12
2994,11.82947275,386.03,12,7239.12,6239.12
2995,21.887,280.75,9,7239.12,6239.12
2996,12.69627756,520.07,9,7239.12,6239.12
2997,8.914688296,332.33,7,7239.12,6239.12
2998,9.374016691,394.39,9,7239.12,6239.12
2999,23.69912641,430.49,9,7239.12,6239.12
3000,14.16291508,495.43,13,7239.12,6239.12
3001,22.833,547.45,9,7239.12,6239.12
3002,10.99492125,327.42,9,7239.12,6239.12
3003,17.7246015,318.8,11,7239.12,6239.12
3004,26.31369892,563.1,11,7239.12,6239.12
3005,16.73144363,643.89,9,7239.12,6239.12
3006,14.90983033,446.5,12,7239.12,6239.12
3007,13.92812635,429.34,10,7239.12,6239.12
3008,19.31764443,394.97,8,7239.12,6239.12
3009,27.50580855,473.54,11,7239.12,6239.12
3010,13.62899422,364.84,9,7239.12,6239.12
3011,25.49463187,336.96,9,7239.12,6239.12
3012,20.72223014,368.53,8,7239.12,6239.12
3013,34.78525858,353.86,8,7239.12,6239.12
3014,17.3903835,418.46,9,7239.12,6239.12
3015,19.53103885,571.17,9,7239.12,6239.12
3016,36.64333356,493.95,7,7239.12,6239.12
3017,14.8375022,462.3,11,7239.12,6239.12
3018,17.17287649,415.08,10,7239.12,6239.12
3019,18.39454597,376.49,13,7239.12,6239.12
3020,21.87553282,516.68,9,7239.12,6239.12
3021,17.479,551.89,7,7239.12,6239.12
3022,21.79279737,560.85,9,7239.12,6239.12
3023,32.61892316,429.85,11,7239.12,6239.12
3024,18.84386965,387.4,11,7239.12,6239.12
3025,9.416301977,456.05,11,7239.12,6239.12
3026,12.288,319.03,7,7239.12,6239.12
3027,9.554316357,334.96,11,7239.12,6239.12
3028,11.76606926,235.35,9,7239.12,6239.12
3029,20.1027984,337.92,10,7239.12,6239.12
3030,18.73366217,323.21,9,7239.12,6239.12
3031,26.11661682,391.45,7,7239.12,6239.12
3032,16.3961316,344.68,13,7239.12,6239.12
3033,25.31846344,327.91,10,7239.12,6239.12
3034,10.65616367,390.9,8,7239.12,6239.12
3035,18.66960864,694.67,9,7239.12,6239.12
3036,30.13800635,364.26,8,7239.12,6239.12
3037,19.40836153,376.3,12,7239.12,6239.12
3038,22.43579302,619.8,10,7239.12,6239.12
3039,34.91217468,414.88,8,7239.12,6239.12
3040,19.1533283,605.32,13,7239.12,6239.12
3041,32.72905836,392.22,7,7239.12,6239.12
3042,20.29753603,264.83,9,7239.12,6239.12
3043,24.94137377,350.98,9,7239.12,6239.12
3044,52.03873519,668.5,9,7239.12,6239.12
3045,17.96717099,344.03,11,7239.12,6239.12
3046,11.61981179,467.41,10,7239.12,6239.12
3047,35.63,405.86,12,7239.12,6239.12
3048,23.20387639,382.14,7,7239.12,6239.12
3049,12.4134429,484.02,8,7239.12,6239.12
3050,20.02206592,384.73,10,7239.12,6239.12
3051,21.73207164,507.32,12,7239.12,6239.12
3052,22.92286874,339.01,8,7239.12,6239.12
3053,17.54441594,475.47,16,7239.12,6239.12
3054,14.6052095,371.44,11,7239.12,6239.12
3055,51.7955637,610.39,10,7239.12,6239.12
3056,29.90221554,373.99,8,7239.12,6239.12
3057,13.7870549,479.46,10,7239.12,6239.12
3058,24.059,307,8,7239.12,6239.12
3059,9.53108453,375.17,12,7239.12,6239.12
3060,10.31593341,648.8,9,7239.12,6239.12
3061,23.7230709,306.73,11,7239.12,6239.12
3062,25.76257577,583.95,9,7239.12,6239.12
3063,16.68375159,639.62,11,7239.12,6239.12
3064,24.85964533,379.48,10,7239.12,6239.12
3065,22.03216272,350.46,12,7239.12,6239.12
3066,20.6390075,340.01,9,7239.12,6239.12
3067,43.20072095,460.2,10,7239.12,6239.12
3068,17.26387945,715.13,9,7239.12,6239.12
3069,7.400023053,442.06,7,7239.12,6239.12
3070,21.97588487,457.45,12,7239.12,6239.12
3071,14.2828904,390.18,10,7239.12,6239.12
3072,16.84078467,339.47,12,7239.12,6239.12
3073,21.78847204,448.69,9,7239.12,6239.12
3074,24.29925172,550.52,8,7239.12,6239.12
3075,11.73139668,364.83,9,7239.12,6239.12
3076,40.501,405.01,8,7239.12,6239.12
3077,49.71202434,548.95,8,7239.12,6239.12
3078,12.39051233,267.99,9,7239.12,6239.12
3079,24.59110287,455.11,8,7239.12,6239.12
3080,32.16768642,432.16,7,7239.12,6239.12
3081,21.15861918,356.05,9,7239.12,6239.12
3082,12.66629767,252.01,8,7239.12,6239.12
3083,15.45927574,355.62,8,7239.12,6239.12
3084,9.097280201,366.34,8,7239.12,6239.12
3085,18.36984337,261.3,8,7239.12,6239.12
3086,21.37086487,699.97,7,7239.12,6239.12
3087,7.272195938,409.51,9,7239.12,6239.12
3088,15.05060376,322.19,6,7239.12,6239.12
3089,32.592,363.95,8,7239.12,6239.12
3090,22.87684531,499.89,9,7239.12,6239.12
3091,29.1006888,395.36,10,7239.12,6239.12
3092,59.833,598.33,7,7239.12,6239.12
3093,30.94164833,523.05,11,7239.12,6239.12
3094,26.309,297.14,10,7239.12,6239.12
3095,23.68677834,349.56,8,7239.12,6239.12
3096,18.74451784,596.22,8,7239.12,6239.12
3097,17.00146278,365.7,9,7239.12,6239.12
3098,17.97284042,549.14,14,7239.12,6239.12
3099,27.57449658,288.25,9,7239.12,6239.12
3100,14.83557871,529,11,7239.12,6239.12
3101,54.604,546.04,9,7239.12,6239.12
3102,19.46849712,502.05,7,7239.12,6239.12
3103,31.16441397,350.93,8,7239.12,6239.12
3104,26.13552105,654.47,12,7239.12,6239.12
3105,12.05915222,385.03,8,7239.12,6239.12
3106,35.01246326,376.44,8,7239.12,6239.12
3107,9.146809805,502.01,14,7239.12,6239.12
3108,46.09873599,578.15,10,7239.12,6239.12
3109,24.58592133,314.48,8,7239.12,6239.12
3110,14.74593066,443.17,12,7239.12,6239.12
3111,17.44932948,440.38,8,7239.12,6239.12
3112,22.97113253,559.59,11,7239.12,6239.12
3113,21.54083927,383.9,9,7239.12,6239.12
3114,28.093,555.84,10,7239.12,6239.12
3115,14.31634504,414.14,11,7239.12,6239.12
3116,32.13292274,474.78,10,7239.12,6239.12
3117,17.86800649,373.97,9,7239.12,6239.12
3118,17.80400402,381.03,12,7239.12,6239.12
3119,24.38718822,353.95,10,7239.12,6239.12
3120,26.95796478,355.21,7,7239.12,6239.12
3121,15.48346413,319.05,16,7239.12,6239.12
3122,19.01807855,433.09,8,7239.12,6239.12
3123,12.24370728,507.18,11,7239.12,6239.12
3124,18.30457293,720.36,10,7239.12,6239.12
3125,44.60745201,592.61,12,7239.12,6239.12
3126,11.82364218,395.54,12,7239.12,6239.12
3127,27.94777682,428.09,11,7239.12,6239.12
3128,12.09771747,345.15,12,7239.12,6239.12
3129,10.50650026,617.04,9,7239.12,6239.12
3130,14.37695092,332.07,10,7239.12,6239.12
3131,14.45689544,515.53,12,7239.12,6239.12
3132,10.18252942,315.4,13,7239.12,6239.12
3133,42.13209688,638.79,8,7239.12,6239.12
3134,16.46984907,386.93,10,7239.12,6239.12
3135,12.37427358,349.28,14,7239.12,6239.12
3136,24.09848464,414.26,10,7239.12,6239.12
3137,11.83391003,545.49,15,7239.12,6239.12
3138,12.2500221,651.33,9,7239.12,6239.12
3139,10.99386861,399.67,10,7239.12,6239.12
3140,22.32002147,590.59,11,7239.12,6239.12
3141,26.542,297.35,10,7239.12,6239.12
3142,42.8418422,581.05,9,7239.12,6239.12
3143,13.73943666,257.02,12,7239.12,6239.12
3144,14.70423008,634.66,12,7239.12,6239.12
3145,33.16695422,574.78,12,7239.12,6239.12
3146,29.82624009,508.09,13,7239.12,6239.12
3147,37.31001274,465.67,13,7239.12,6239.12
3148,31.78819765,516.59,11,7239.12,6239.12
3149,14.3399883,498.16,9,7239.12,6239.12
3150,15.459,295.72,8,7239.12,6239.12
3151,43.93841889,443.8,8,7239.12,6239.12
3152,33.88708847,447.54,10,7239.12,6239.12
3153,11.36818374,539.73,9,7239.12,6239.12
3154,18.79901523,410.7,10,7239.12,6239.12
3155,25.45034938,516.1,8,7239.12,6239.12
3156,7.565335209,408.03,15,7239.12,6239.12
3157,16.13926962,426.05,8,7239.12,6239.12
3158,21.71156543,492.58,10,7239.12,6239.12
3159,11.45589437,499.06,14,7239.12,6239.12
3160,15.4663668,488.22,10,7239.12,6239.12
3161,17.563,329.78,11,7239.12,6239.12
3162,15.34185197,312.51,15,7239.12,6239.12
3163,10.345,550.7,10,7239.12,6239.12
3164,18.15081558,390.13,9,7239.12,6239.12
3165,12.8299488,478.33,8,7239.12,6239.12
3166,18.14314228,580.84,10,7239.12,6239.12
3167,11.33018754,318.87,8,7239.12,6239.12
3168,18.05241502,487,9,7239.12,6239.12
3169,17.84531883,504.36,12,7239.12,6239.12
3170,16.70840001,390.23,8,7239.12,6239.12
3171,15.73667554,395.01,9,7239.12,6239.12
3172,17.41395418,658.14,10,7239.12,6239.12
3173,17.38056273,501.94,11,7239.12,6239.12
3174,16.81159237,421.86,8,7239.12,6239.12
3175,16.59250664,446.69,14,7239.12,6239.12
3176,13.47200794,408.94,8,7239.12,6239.12
3177,21.44627233,435.23,9,7239.12,6239.12
3178,31.63465308,500.34,10,7239.12,6239.12
3179,39.08821723,642.88,8,7239.12,6239.12
3180,21.67990727,383.42,9,7239.12,6239.12
3181,41.05778617,508.94,8,7239.12,6239.12
3182,14.29567178,506.03,13,7239.12,6239.12
3183,15.75139147,501.01,14,7239.12,6239.12
3184,23.41711559,327.76,8,7239.12,6239.12
3185,11.33317377,335.11,8,7239.12,6239.12
3186,17.55094252,462.86,11,7239.12,6239.12
3187,11.07764511,461.21,11,7239.12,6239.12
3188,32.829,372.38,12,7239.12,6239.12
3189,19.67408217,467.83,8,7239.12,6239.12
3190,25.16209793,481.94,8,7239.12,6239.12
3191,26.78463277,467.87,10,7239.12,6239.12
3192,15.919,437.16,10,7239.12,6239.12
3193,13.21172877,419.08,11,7239.12,6239.12
3194,51.94597229,522.27,11,7239.12,6239.12
3195,13.36645323,294.36,16,7239.12,6239.12
3196,19.51141336,478.12,8,7239.12,6239.12
3197,19.46687245,380.01,8,7239.12,6239.12
3198,26.82656727,397.28,12,7239.12,6239.12
3199,16.72913071,476.34,8,7239.12,6239.12
3200,28.869,442.78,10,7239.12,6239.12
3201,16.3080676,439.37,8,7239.12,6239.12
3202,23.98993031,328.77,7,7239.12,6239.12
3203,19.69586315,413.28,9,7239.12,6239.12
3204,8.782572999,626.85,11,7239.12,6239.12
3205,33.45830834,334.65,9,7239.12,6239.12
3206,20.31050767,443.16,12,7239.12,6239.12
3207,14.40351231,324.32,17,7239.12,6239.12
3208,15.1366118,427.57,11,7239.12,6239.12
3209,17.48274051,418.86,13,7239.12,6239.12
3210,19.06226164,453.59,8,7239.12,6239.12
3211,11.9480966,255.13,7,7239.12,6239.12
3212,15.30408453,520.23,11,7239.12,6239.12
3213,13.70607551,258.24,9,7239.12,6239.12
3214,56.08357035,587.61,7,7239.12,6239.12
3215,31.42253226,495.04,8,7239.12,6239.12
3216,9.464587326,254.21,8,7239.12,6239.12
3217,14.89397896,525.33,8,7239.12,6239.12
3218,12.34900384,374.64,11,7239.12,6239.12
3219,22.63493736,569.24,9,7239.12,6239.12
3220,24.53442184,558.98,7,7239.12,6239.12
3221,36.95763048,391.3,6,7239.12,6239.12
3222,21.717486,512.95,10,7239.12,6239.12
3223,16.88184974,372,8,7239.12,6239.12
3224,26.10135785,396.37,8,7239.12,6239.12
3225,15.52482715,375.41,10,7239.12,6239.12
3226,20.16788802,366.71,13,7239.12,6239.12
3227,16.47079663,644.96,11,7239.12,6239.12
3228,24.87157415,418.99,10,7239.12,6239.12
3229,13.82498142,547.58,7,7239.12,6239.12
3230,29.17011901,552.73,12,7239.12,6239.12
3231,27.48348808,310.65,9,7239.12,6239.12
3232,23.897,394.42,8,7239.12,6239.12
3233,14.9714568,450.39,12,7239.12,6239.12
3234,41.255,419.58,9,7239.12,6239.12
3235,34.89135709,647.13,9,7239.12,6239.12
3236,38.543,658.44,7,7239.12,6239.12
3237,12.46792488,375.57,8,7239.12,6239.12
3238,16.25737435,271.87,11,7239.12,6239.12
3239,13.27804345,382.04,10,7239.12,6239.12
3240,11.94326172,410.1,11,7239.12,6239.12
3241,18.18385734,681.8,9,7239.12,6239.12
3242,12.81841942,371.45,10,7239.12,6239.12
3243,15.57584811,601.6,10,7239.12,6239.12
3244,14.76830308,361.49,8,7239.12,6239.12
3245,15.87625591,739.67,11,7239.12,6239.12
3246,9.608248915,477.75,13,7239.12,6239.12
3247,16.8243318,371.22,11,7239.12,6239.12
3248,27.65798697,478.19,11,7239.12,6239.12
3249,16.65315989,368.88,8,7239.12,6239.12
3250,17.45674125,384.33,10,7239.12,6239.12
3251,13.84773069,355.33,9,7239.12,6239.12
3252,10.83716563,359.78,11,7239.12,6239.12
3253,37.34331412,401.59,11,7239.12,6239.12
3254,17.70262126,297.65,8,7239.12,6239.12
3255,16.78939617,382.3,11,7239.12,6239.12
3256,21.97,391.55,15,7239.12,6239.12
3257,18.84231179,450.97,7,7239.12,6239.12
3258,17.46702896,278.01,8,7239.12,6239.12
3259,24.73038209,496.45,10,7239.12,6239.12
3260,33.514,512.1,11,7239.12,6239.12
3261,21.23593322,535.36,9,7239.12,6239.12
3262,9.477449089,476.12,15,7239.12,6239.12
3263,49.03226992,533.78,7,7239.12,6239.12
3264,22.93015858,341.68,10,7239.12,6239.12
3265,22.25587729,399.86,10,7239.12,6239.12
3266,15.46793676,381.58,12,7239.12,6239.12
3267,12.60111317,479.87,7,7239.12,6239.12
3268,29.23706997,374.79,9,7239.12,6239.12
3269,7.6646367,413.57,10,7239.12,6239.12
3270,14.63473908,560.8,10,7239.12,6239.12
3271,28.74117571,359.32,7,7239.12,6239.12
3272,9.681551449,371.74,11,7239.12,6239.12
3273,29.82743166,375.14,8,7239.12,6239.12
3274,9.646413184,274.23,9,7239.12,6239.12
3275,9.559839182,458.98,9,7239.12,6239.12
3276,14.48260504,329.1,9,7239.12,6239.12
3277,16.02,334.23,11,7239.12,6239.12
3278,12.58611481,712.77,8,7239.12,6239.12
3279,17.99658414,301.36,8,7239.12,6239.12
3280,30.77009926,532.18,13,7239.12,6239.12
3281,19.99139041,588.39,7,7239.12,6239.12
3282,25.58558077,331.2,9,7239.12,6239.12
3283,31.64683807,376.64,10,7239.12,6239.12
3284,11.59041111,474,10,7239.12,6239.12
3285,15.69304376,382.35,8,7239.12,6239.12
3286,8.082759611,433.22,9,7239.12,6239.12
3287,21.13299413,462.69,11,7239.12,6239.12
3288,30.29946082,610.02,16,7239.12,6239.12
3289,16.83258089,443.88,9,7239.12,6239.12
3290,18.45508256,377.34,10,7239.12,6239.12
3291,27.71743016,659.09,10,7239.12,6239.12
3292,12.735,384.25,9,7239.12,6239.12
3293,10.51625866,435.04,11,7239.12,6239.12
3294,17.57250225,347.44,8,7239.12,6239.12
3295,16.92736638,394.02,12,7239.12,6239.12
3296,16.05116097,395.49,9,7239.12,6239.12
3297,9.361550826,476.22,10,7239.12,6239.12
3298,11.71991986,537.32,13,7239.12,6239.12
3299,22.409,280.49,10,7239.12,6239.12
3300,15.66963368,533.41,12,7239.12,6239.12
3301,22.518,336.9,11,7239.12,6239.12
3302,22.376,400.58,15,7239.12,6239.12
3303,8.960540348,338.2,9,7239.12,6239.12
3304,24.271,391.78,7,7239.12,6239.12
3305,18.09969056,398.79,13,7239.12,6239.12
3306,16.63029746,460.15,9,7239.12,6239.12
3307,46.68754496,532.21,11,7239.12,6239.12
3308,12.81706754,477.06,10,7239.12,6239.12
3309,21.76519823,285.9,7,7239.12,6239.12
3310,34.55980403,500.34,8,7239.12,6239.12
3311,12.57704505,344.47,10,7239.12,6239.12
3312,12.09742532,413.4,15,7239.12,6239.12
3313,11.2200661,463.31,12,7239.12,6239.12
3314,31.60287719,355.88,9,7239.12,6239.12
3315,26.20473236,327.14,8,7239.12,6239.12
3316,16.49155924,385.03,10,7239.12,6239.12
3317,19.63001186,526.85,10,7239.12,6239.12
3318,10.82520975,488.49,11,7239.12,6239.12
3319,22.91250885,585.93,11,7239.12,6239.12
3320,33.561,413.01,8,7239.12,6239.12
3321,21.63221983,397.77,11,7239.12,6239.12
3322,14.88955851,505.75,9,7239.12,6239.12
3323,18.42473157,383.52,9,7239.12,6239.12
3324,9.353415466,324.44,9,7239.12,6239.12
3325,22.3233971,371.03,7,7239.12,6239.12
3326,12.95677188,460.96,7,7239.12,6239.12
3327,20.83813846,541.93,13,7239.12,6239.12
3328,21.541,275.79,10,7239.12,6239.12
3329,12.88528349,485.25,12,7239.12,6239.12
3330,18.89285027,460.21,11,7239.12,6239.12
3331,14.18146806,499.78,10,7239.12,6239.12
3332,14.46165456,415.13,9,7239.12,6239.12
3333,12.52621302,354.59,7,7239.12,6239.12
3334,20.92948864,458,12,7239.12,6239.12
3335,24.77663995,690.52,10,7239.12,6239.12
3336,23.27347068,338.11,14,7239.12,6239.12
3337,13.66377345,476.52,9,7239.12,6239.12
3338,12.5071135,424.07,11,7239.12,6239.12
3339,16.15646114,380.93,11,7239.12,6239.12
3340,20.15251478,368.14,11,7239.12,6239.12
3341,15.53279054,765.4,11,7239.12,6239.12
3342,32.99995894,402.83,11,7239.12,6239.12
3343,12.95962535,475.22,8,7239.12,6239.12
3344,13.50880052,325.46,9,7239.12,6239.12
3345,9.161076142,351.72,8,7239.12,6239.12
3346,17.12166916,418.73,8,7239.12,6239.12
3347,47.594845,867.14,11,7239.12,6239.12
3348,15.61472618,319.76,8,7239.12,6239.12
3349,11.85195624,395.29,12,7239.12,6239.12
3350,8.006603957,386.23,10,7239.12,6239.12
3351,24.22815568,604.07,11,7239.12,6239.12
3352,17.08015445,340.58,8,7239.12,6239.12
3353,16.40212528,305.16,9,7239.12,6239.12
3354,7.564415315,471.81,11,7239.12,6239.12
3355,13.20762526,420.73,11,7239.12,6239.12
3356,14.09536654,422.59,9,7239.12,6239.12
3357,34.83756783,393.06,15,7239.12,6239.12
3358,17.25776582,498.56,14,7239.12,6239.12
3359,25.57252449,407.4,9,7239.12,6239.12
3360,26.94790401,459.46,9,7239.12,6239.12
3361,31.31459836,435.26,9,7239.12,6239.12
3362,18.20563273,466.33,12,7239.12,6239.12
3363,32.33620035,562.43,9,7239.12,6239.12
3364,31.90859273,389.16,9,7239.12,6239.12
3365,8.593532394,617.05,8,7239.12,6239.12
3366,30.13645224,329.03,10,7239.12,6239.12
3367,18.95664523,444.03,8,7239.12,6239.12
3368,42.25680469,424.14,8,7239.12,6239.12
3369,20.87952518,942.08,8,7239.12,6239.12
3370,10.84867636,626.01,8,7239.12,6239.12
3371,11.872,497.39,11,7239.12,6239.12
3372,31.27205088,569.93,12,7239.12,6239.12
3373,10.70725314,357.03,9,7239.12,6239.12
3374,22.56761671,387.93,11,7239.12,6239.12
3375,7.596875282,454.22,6,7239.12,6239.12
3376,11.22170589,533.36,8,7239.12,6239.12
3377,12.52696456,263.42,11,7239.12,6239.12
3378,13.09849016,329.32,8,7239.12,6239.12
3379,11.56272717,417.86,11,7239.12,6239.12
3380,17.30442584,414,9,7239.12,6239.12
3381,17.004,286.27,12,7239.12,6239.12
3382,16.12204808,610.6,7,7239.12,6239.12
3383,8.875641176,238.61,8,7239.12,6239.12
3384,22.146,279.12,10,7239.12,6239.12
3385,24.13924379,418.49,9,7239.12,6239.12
3386,31.70911112,387.98,8,7239.12,6239.12
3387,14.57388833,311.82,9,7239.12,6239.12
3388,27.55,417.02,11,7239.12,6239.12
3389,17.10921584,324.09,8,7239.12,6239.12
3390,10.9128985,351.05,10,7239.12,6239.12
3391,27.471,315.37,10,7239.12,6239.12
3392,16.38139791,392.35,8,7239.12,6239.12
3393,15.24279584,391.6,12,7239.12,6239.12
3394,12.52431893,542.84,8,7239.12,6239.12
3395,18.439,431.07,11,7239.12,6239.12
3396,12.694,600.57,12,7239.12,6239.12
3397,27.53021686,384.32,9,7239.12,6239.12
3398,12.74618528,496.52,8,7239.12,6239.12
3399,16.69337347,595.48,10,7239.12,6239.12
3400,25.25546115,400.23,10,7239.12,6239.12
3401,18.31583772,535.48,12,7239.12,6239.12
3402,17.31954268,530.72,10,7239.12,6239.12
3403,20.421,516.18,9,7239.12,6239.12
3404,31.35716419,540.61,10,7239.12,6239.12
3405,46.92021645,521.11,9,7239.12,6239.12
3406,17.77332591,377.32,7,7239.12,6239.12
3407,10.43545762,372.09,9,7239.12,6239.12
3408,33.30097184,336.15,9,7239.12,6239.12
3409,10.72862991,369.85,9,7239.12,6239.12
3410,13.36583803,388.35,9,7239.12,6239.12
3411,10.22625376,383.19,7,7239.12,6239.12
3412,15.642,449.87,10,7239.12,6239.12
3413,15.91897045,431.18,7,7239.12,6239.12
3414,22.8216799,440.73,10,7239.12,6239.12
3415,13.46711752,406.52,8,7239.12,6239.12
3416,20.12092046,523.91,12,7239.12,6239.12
3417,16.9544057,406.1,10,7239.12,6239.12
3418,28.63489294,393.83,13,7239.12,6239.12
3419,18.80529001,467.1,11,7239.12,6239.12
3420,15.78349507,363.83,8,7239.12,6239.12
3421,14.88462167,328.62,9,7239.12,6239.12
3422,12.96429212,753.64,12,7239.12,6239.12
3423,19.98185982,310.63,10,7239.12,6239.12
3424,17.42482688,749.86,10,7239.12,6239.12
3425,13.71385613,563.69,9,7239.12,6239.12
3426,17.21153594,375.67,8,7239.12,6239.12
3427,15.1148422,271.27,10,7239.12,6239.12
3428,15.95511709,511.59,13,7239.12,6239.12
3429,36.88637165,585.49,11,7239.12,6239.12
3430,14.57525006,655.14,11,7239.12,6239.12
3431,18.56883815,335.1,9,7239.12,6239.12
3432,19.78952092,499.51,9,7239.12,6239.12
3433,20.8750754,335.69,7,7239.12,6239.12
3434,24.47411757,332.78,7,7239.12,6239.12
3435,17.42525339,482.62,9,7239.12,6239.12
3436,44.44012909,480.58,9,7239.12,6239.12
3437,19.62559049,549.23,10,7239.12,6239.12
3438,16.7613496,804.89,10,7239.12,6239.12
3439,19.50810617,253.39,8,7239.12,6239.12
3440,16.94506022,471.96,13,7239.12,6239.12
3441,9.748409858,567.84,9,7239.12,6239.12
3442,27.98,469.11,8,7239.12,6239.12
3443,12.16405695,355.18,8,7239.12,6239.12
3444,19.31545404,438.54,14,7239.12,6239.12
3445,10.31109343,359.8,8,7239.12,6239.12
3446,21.62524658,594.75,10,7239.12,6239.12
3447,52.15381998,766.27,10,7239.12,6239.12
3448,15.55258275,396.44,8,7239.12,6239.12
3449,46.90507082,520.59,11,7239.12,6239.12
3450,18.38868325,353.71,10,7239.12,6239.12
3451,8.685215148,293.61,12,7239.12,6239.12
3452,18.11408158,355.22,9,7239.12,6239.12
3453,16.79323795,392.53,10,7239.12,6239.12
3454,21.23140717,293.9,7,7239.12,6239.12
3455,14.72832126,417.64,12,7239.12,6239.12
3456,18.16240504,392.09,7,7239.12,6239.12
3457,23.92353178,487.93,10,7239.12,6239.12
3458,11.26668644,422.4,8,7239.12,6239.12
3459,9.364090574,521.83,10,7239.12,6239.12
3460,18.21405521,245.52,7,7239.12,6239.12
3461,11.18682966,544.75,12,7239.12,6239.12
3462,11.298,276.76,7,7239.12,6239.12
3463,14.04933054,539.24,9,7239.12,6239.12
3464,20.44282144,511.17,15,7239.12,6239.12
3465,18.83506845,369.93,15,7239.12,6239.12
3466,14.16903051,575.93,8,7239.12,6239.12
3467,15.18233488,331.19,11,7239.12,6239.12
3468,19.523,454.48,9,7239.12,6239.12
3469,28.38428749,581.33,15,7239.12,6239.12
3470,14.32447487,441.28,10,7239.12,6239.12
3471,36.046,360.46,10,7239.12,6239.12
3472,19.55436187,255.24,9,7239.12,6239.12
3473,20.95104042,425.18,10,7239.12,6239.12
3474,26.39124097,559.46,15,7239.12,6239.12
3475,14.66519529,364.67,9,7239.12,6239.12
3476,10.92907982,410.02,8,7239.12,6239.12
3477,13.34455617,377.1,14,7239.12,6239.12
3478,16.95496258,428.83,10,7239.12,6239.12
3479,16.413,481.83,9,7239.12,6239.12
3480,17.48995907,455.28,12,7239.12,6239.12
3481,13.60594497,338.72,10,7239.12,6239.12
3482,11.7599767,461.11,11,7239.12,6239.12
3483,16.884,396.28,18,7239.12,6239.12
3484,15.09801988,483.99,7,7239.12,6239.12
3485,15.72940852,507.99,10,7239.12,6239.12
3486,19.87561519,274.29,10,7239.12,6239.12
3487,31.80122487,739.5,8,7239.12,6239.12
3488,15.70636768,824.64,10,7239.12,6239.12
3489,20.40888118,536.89,13,7239.12,6239.12
3490,15.43246833,371.02,11,7239.12,6239.12
3491,45.79741942,526.02,15,7239.12,6239.12
3492,23.42238435,449.09,11,7239.12,6239.12
3493,11.05037485,541.98,8,7239.12,6239.12
3494,31.0177505,373.95,7,7239.12,6239.12
3495,31.98647843,396.35,8,7239.12,6239.12
3496,33.29510002,655.46,16,7239.12,6239.12
3497,8.94790593,567.75,12,7239.12,6239.12
3498,21.3188014,454.42,11,7239.12,6239.12
3499,12.38976786,417.73,11,7239.12,6239.12
3500,31.82572574,360.71,9,7239.12,6239.12
3501,17.75465218,373.31,10,7239.12,6239.12
3502,12.10269498,435.88,9,7239.12,6239.12
3503,42.26701729,446.83,10,7239.12,6239.12
3504,14.73624653,559.97,15,7239.12,6239.12
3505,23.62999865,494.27,8,7239.12,6239.12
3506,8.132889419,392.07,7,7239.12,6239.12
3507,14.76448225,328.35,9,7239.12,6239.12
3508,41.7035254,479.92,11,7239.12,6239.12
3509,11.496,330.94,9,7239.12,6239.12
3510,16.70513933,312.42,9,7239.12,6239.12
3511,36.51057138,376.11,8,7239.12,6239.12
3512,11.72974409,545.18,11,7239.12,6239.12
3513,30.68546261,430.56,8,7239.12,6239.12
3514,25.22136984,366.58,7,7239.12,6239.12
3515,15.24793359,362.97,11,7239.12,6239.12
3516,13.81816896,445.83,10,7239.12,6239.12
3517,33.25709058,428.93,13,7239.12,6239.12
3518,15.26326667,421.7,11,7239.12,6239.12
3519,12.2532504,474.74,9,7239.12,6239.12
3520,12.34933751,291.89,13,7239.12,6239.12
3521,29.72080858,365.94,9,7239.12,6239.12
3522,25.25319258,359.31,14,7239.12,6239.12
3523,22.9012629,269.47,6,7239.12,6239.12
3524,20.92882276,476.43,11,7239.12,6239.12
3525,21.52412508,361.83,9,7239.12,6239.12
3526,40.20315641,493.94,8,7239.12,6239.12
3527,12.18768849,343.51,9,7239.12,6239.12
3528,20.81069223,373.42,9,7239.12,6239.12
3529,14.55577972,317.49,10,7239.12,6239.12
3530,25.22020329,368.76,7,7239.12,6239.12
3531,9.610926926,454.19,6,7239.12,6239.12
3532,16.32512074,292.8,7,7239.12,6239.12
3533,9.289691494,425.27,10,7239.12,6239.12
3534,15.27044248,358.01,7,7239.12,6239.12
3535,13.98882179,783.9,10,7239.12,6239.12
3536,16.8828736,582.16,9,7239.12,6239.12
3537,22.233,517.99,8,7239.12,6239.12
3538,19.46375875,389.98,7,7239.12,6239.12
3539,15.27574017,455.02,11,7239.12,6239.12
3540,28.88824713,373.52,8,7239.12,6239.12
3541,23.04839317,428.17,9,7239.12,6239.12
3542,24.24528611,423.29,9,7239.12,6239.12
3543,16.07746978,326.08,15,7239.12,6239.12
3544,19.46444873,460.56,10,7239.12,6239.12
3545,14.70172291,362.81,12,7239.12,6239.12
3546,14.52674586,326.4,9,7239.12,6239.12
3547,27.215179,495.83,8,7239.12,6239.12
3548,14.08319511,347.08,9,7239.12,6239.12
3549,45.46509379,564.24,14,7239.12,6239.12
3550,18.51242781,356.91,9,7239.12,6239.12
3551,22.7846007,391.91,10,7239.12,6239.12
3552,11.20513128,263.53,7,7239.12,6239.12
3553,11.85570913,323.52,8,7239.12,6239.12
3554,31.79210972,572.56,14,7239.12,6239.12
3555,14.45929201,489.59,9,7239.12,6239.12
3556,7.760148998,401.15,12,7239.12,6239.12
3557,26.93464691,358.15,7,7239.12,6239.12
3558,36.19577388,501.04,8,7239.12,6239.12
3559,22.07287893,660.5,10,7239.12,6239.12
3560,23.48667624,301.32,11,7239.12,6239.12
3561,27.06450744,803.87,8,7239.12,6239.12
3562,38.36104097,442.54,7,7239.12,6239.12
3563,7.698095026,408.09,14,7239.12,6239.12
3564,17.44618574,572.2,8,7239.12,6239.12
3565,16.633,355.6,12,7239.12,6239.12
3566,22.67511355,308.01,8,7239.12,6239.12
3567,33.00847332,334.63,7,7239.12,6239.12
3568,42.16852887,569.84,8,7239.12,6239.12
3569,18.62359938,383.22,14,7239.12,6239.12
3570,30.06109648,553.53,9,7239.12,6239.12
3571,13.54533458,618.95,11,7239.12,6239.12
3572,18.01200953,370.01,9,7239.12,6239.12
3573,29.87135688,417.92,8,7239.12,6239.12
3574,26.601,672.96,11,7239.12,6239.12
3575,20.11171256,459,9,7239.12,6239.12
3576,14.44606696,492.66,11,7239.12,6239.12
3577,9.342594285,378.46,10,7239.12,6239.12
3578,16.24369057,830.28,9,7239.12,6239.12
3579,20.207,485.9,12,7239.12,6239.12
3580,9.682426546,366.78,12,7239.12,6239.12
3581,32.21930929,691.25,12,7239.12,6239.12
3582,28.95087622,384.43,12,7239.12,6239.12
3583,33.45937739,471.63,10,7239.12,6239.12
3584,15.88616071,440.47,11,7239.12,6239.12
3585,23.96915603,633.5,9,7239.12,6239.12
3586,16.991,313.09,8,7239.12,6239.12
3587,10.90214144,757.29,10,7239.12,6239.12
3588,18.34222901,327.16,11,7239.12,6239.12
3589,10.74182308,538.87,15,7239.12,6239.12
3590,42.58810139,552.48,7,7239.12,6239.12
3591,40.53592067,435.53,12,7239.12,6239.12
3592,20.8390363,529.57,8,7239.12,6239.12
3593,13.59131711,419.56,10,7239.12,6239.12
3594,11.9382532,457.37,9,7239.12,6239.12
3595,13.51727556,469.04,12,7239.12,6239.12
3596,13.47015738,623.43,14,7239.12,6239.12
3597,20.36275769,332.87,9,7239.12,6239.12
3598,19.111,465.34,7,7239.12,6239.12
3599,19.88009088,387.99,9,7239.12,6239.12
3600,12.64292989,274.1,8,7239.12,6239.12
3601,12.5480731,537.05,7,7239.12,6239.12
3602,20.1077064,667.23,13,7239.12,6239.12
3603,18.26744611,355.3,8,7239.12,6239.12
3604,17.33634823,519.82,8,7239.12,6239.12
3605,13.57353285,284.28,8,7239.12,6239.12
3606,33.82681652,755.16,16,7239.12,6239.12
3607,14.28020648,333.35,10,7239.12,6239.12
3608,21.88316408,351.65,8,7239.12,6239.12
3609,26.757,402.58,9,7239.12,6239.12
3610,15.7947165,578.82,9,7239.12,6239.12
3611,32.26214398,415.83,12,7239.12,6239.12
3612,25.11245899,423.39,9,7239.12,6239.12
3613,11.23041225,349.01,10,7239.12,6239.12
3614,25.02164176,413.61,10,7239.12,6239.12
3615,12.11489772,486.63,9,7239.12,6239.12
3616,31.843,360.11,12,7239.12,6239.12
3617,31.97488133,422.93,7,7239.12,6239.12
3618,19.42238332,429.19,13,7239.12,6239.12
3619,13.449,415.72,14,7239.12,6239.12
3620,7.732037913,358.69,12,7239.12,6239.12
3621,12.89997719,728.78,9,7239.12,6239.12
3622,18.45743952,390.72,12,7239.12,6239.12
3623,41.61210633,549.13,9,7239.12,6239.12
3624,15.98095471,442.24,11,7239.12,6239.12
3625,10.16113102,379.23,10,7239.12,6239.12
3626,13.78695641,609.41,17,7239.12,6239.12
3627,27.64655398,335.82,9,7239.12,6239.12
3628,18.91000274,526.65,11,7239.12,6239.12
3629,12.07137483,436.87,10,7239.12,6239.12
3630,15.69009863,479.48,10,7239.12,6239.12
3631,41.79256169,546.91,14,7239.12,6239.12
3632,33.32718765,582.55,11,7239.12,6239.12
3633,43.81512706,510.88,9,7239.12,6239.12
3634,18.68596318,449.84,9,7239.12,6239.12
3635,19.1344847,557.51,9,7239.12,6239.12
3636,12.3017908,414.65,13,7239.12,6239.12
3637,11.10401965,368.84,7,7239.12,6239.12
3638,42.49586777,462.78,10,7239.12,6239.12
3639,89.41018366,898.17,8,7239.12,6239.12
3640,41.09545393,515.9,9,7239.12,6239.12
3641,11.94321126,333.94,8,7239.12,6239.12
3642,13.38097142,327.61,8,7239.12,6239.12
3643,12.45431608,371.09,10,7239.12,6239.12
3644,47.09584503,981.03,8,7239.12,6239.12
3645,8.280805348,462.62,13,7239.12,6239.12
3646,20.84363802,585.75,9,7239.12,6239.12
3647,14.09373161,681.44,10,7239.12,6239.12
3648,17.54655489,256.65,11,7239.12,6239.12
3649,14.64137763,350.4,9,7239.12,6239.12
3650,17.12722976,442.51,11,7239.12,6239.12
3651,21.70886144,414.47,9,7239.12,6239.12
3652,15.68650737,396.26,11,7239.12,6239.12
3653,19.05426454,634.89,10,7239.12,6239.12
3654,13.10503169,431.85,12,7239.12,6239.12
3655,14.27440453,585.99,10,7239.12,6239.12
3656,15.53717243,443.16,9,7239.12,6239.12
3657,20.49663321,456.42,10,7239.12,6239.12
3658,25.73708601,387.92,9,7239.12,6239.12
3659,16.2075964,352.17,11,7239.12,6239.12
3660,29.81952902,456.37,14,7239.12,6239.12
3661,12.17297548,409.72,8,7239.12,6239.12
3662,30.15210195,557.44,10,7239.12,6239.12
3663,44.13604312,520.77,8,7239.12,6239.12
3664,29.89391362,442.45,15,7239.12,6239.12
3665,29.57205777,394.89,15,7239.12,6239.12
3666,16.33231478,351.74,10,7239.12,6239.12
3667,21.66385505,766.06,8,7239.12,6239.12
3668,9.033435054,427.66,10,7239.12,6239.12
3669,23.7353857,464.26,10,7239.12,6239.12
3670,15.24013188,532.97,11,7239.12,6239.12
3671,28.068,329.19,10,7239.12,6239.12
3672,22.08879988,594.53,8,7239.12,6239.12
3673,26.12495285,451.35,13,7239.12,6239.12
3674,15.80978609,596.9,12,7239.12,6239.12
3675,11.43504668,406.73,8,7239.12,6239.12
3676,25.636,435.69,9,7239.12,6239.12
3677,16.62352612,540.11,8,7239.12,6239.12
3678,22.39413681,398.34,15,7239.12,6239.12
3679,19.32037307,297.57,11,7239.12,6239.12
3680,10.21579936,436.09,9,7239.12,6239.12
3681,23.18746123,590.58,9,7239.12,6239.12
3682,21.04708145,712.53,9,7239.12,6239.12
3683,16.09766209,385.67,8,7239.12,6239.12
3684,16.34914024,559.7,14,7239.12,6239.12
3685,16.45824812,530.34,11,7239.12,6239.12
3686,10.24754336,727.8,12,7239.12,6239.12
3687,24.74349499,615.11,10,7239.12,6239.12
3688,35.99426782,434.53,7,7239.12,6239.12
3689,23.83611074,391.06,8,7239.12,6239.12
3690,19.81574005,398.27,10,7239.12,6239.12
3691,11.89857063,593.86,14,7239.12,6239.12
3692,59.63561788,825.84,9,7239.12,6239.12
3693,19.72570985,405.56,9,7239.12,6239.12
3694,21.79914605,447.24,9,7239.12,6239.12
3695,28.3779362,375.93,16,7239.12,6239.12
3696,38.57597673,500.91,9,7239.12,6239.12
3697,10.28931657,455.98,12,7239.12,6239.12
3698,21.19410636,339.04,12,7239.12,6239.12
3699,33.90299109,656.05,9,7239.12,6239.12
3700,14.72920233,430.24,9,7239.12,6239.12
3701,15.07377014,453.52,9,7239.12,6239.12
3702,10.70310435,618.3,13,7239.12,6239.12
3703,30.181,365.4,9,7239.12,6239.12
3704,40.90548489,598.12,13,7239.12,6239.12
3705,15.63379561,403.71,10,7239.12,6239.12
3706,11.61606666,367.34,9,7239.12,6239.12
3707,11.12411974,495.81,9,7239.12,6239.12
3708,17.396,535.39,12,7239.12,6239.12
3709,8.534669388,413.94,7,7239.12,6239.12
3710,16.06945802,407.74,12,7239.12,6239.12
3711,8.574422324,419.62,7,7239.12,6239.12
3712,14.23406016,491.55,10,7239.12,6239.12
3713,27.86882447,326.5,8,7239.12,6239.12
3714,13.22517754,372.2,15,7239.12,6239.12
3715,8.25701586,420.49,8,7239.12,6239.12
3716,34.90841653,426.09,9,7239.12,6239.12
3717,17.10612022,646.04,10,7239.12,6239.12
3718,16.81632196,375.24,8,7239.12,6239.12
3719,20.01803197,392.99,10,7239.12,6239.12
3720,15.84678504,548.07,10,7239.12,6239.12
3721,9.793521359,324.79,8,7239.12,6239.12
3722,24.55247293,378.57,10,7239.12,6239.12
3723,9.19592032,265.26,8,7239.12,6239.12
3724,21.0519937,590.58,9,7239.12,6239.12
3725,13.02804606,317.13,9,7239.12,6239.12
3726,20.60944184,313.91,12,7239.12,6239.12
3727,15.11310701,369.37,11,7239.12,6239.12
3728,16.767,276.25,7,7239.12,6239.12
3729,15.31405894,491.62,9,7239.12,6239.12
3730,28.37369553,335.25,8,7239.12,6239.12
3731,26.76697821,270.93,11,7239.12,6239.12
3732,13.34936002,488.52,8,7239.12,6239.12
3733,20.87630305,563.48,9,7239.12,6239.12
3734,34.08895191,396.17,10,7239.12,6239.12
3735,10.14682678,333.51,10,7239.12,6239.12
3736,9.601448469,312.49,9,7239.12,6239.12
3737,36.42273811,452.66,11,7239.12,6239.12
3738,18.47604157,602.67,7,7239.12,6239.12
3739,18.59493254,411.46,9,7239.12,6239.12
3740,35.88028702,427.04,9,7239.12,6239.12
3741,23.47952861,290.32,7,7239.12,6239.12
3742,15.89299543,449.91,8,7239.12,6239.12
3743,11.299,309.16,9,7239.12,6239.12
3744,13.44049588,433.69,10,7239.12,6239.12
3745,19.40989629,397.62,8,7239.12,6239.12
3746,43.25583523,708.75,9,7239.12,6239.12
3747,28.90833572,475.36,6,7239.12,6239.12
3748,15.95094892,425.91,10,7239.12,6239.12
3749,22.36893339,384.9,8,7239.12,6239.12
3750,44.02409964,489.57,11,7239.12,6239.12
3751,13.06738206,503.17,8,7239.12,6239.12
3752,19.78984937,349.97,6,7239.12,6239.12
3753,30.9205052,433.77,9,7239.12,6239.12
3754,25.529,338.58,7,7239.12,6239.12
3755,21.17561427,418.76,11,7239.12,6239.12
3756,37.22386394,540.39,13,7239.12,6239.12
3757,16.97696926,530.25,11,7239.12,6239.12
3758,29.53844408,416.56,12,7239.12,6239.12
3759,30.501,586.85,10,7239.12,6239.12
3760,21.9662747,595.19,10,7239.12,6239.12
3761,13.79070989,526.35,11,7239.12,6239.12
3762,24.67947645,562.71,10,7239.12,6239.12
3763,17.70206707,442.58,9,7239.12,6239.12
3764,16.17589704,348.39,9,7239.12,6239.12
3765,42.82381781,433.24,8,7239.12,6239.12
3766,21.65837435,461.14,11,7239.12,6239.12
3767,22.58628945,518.92,10,7239.12,6239.12
3768,16.63176265,369.41,7,7239.12,6239.12
3769,16.65383864,545.26,11,7239.12,6239.12
3770,13.308,499.94,9,7239.12,6239.12
3771,18.57441002,347.1,8,7239.12,6239.12
3772,10.65664812,465.33,9,7239.12,6239.12
3773,12.39200435,592.66,9,7239.12,6239.12
3774,7.469713159,456.95,10,7239.12,6239.12
3775,30.26657796,586.8,11,7239.12,6239.12
3776,13.73444838,430.02,10,7239.12,6239.12
3777,13.81468028,314.51,10,7239.12,6239.12
3778,43.8583411,800.02,13,7239.12,6239.12
3779,18.53363413,415.89,11,7239.12,6239.12
3780,23.75815912,394.92,10,7239.12,6239.12
3781,10.28195807,387.52,12,7239.12,6239.12
3782,12.07979954,536.86,11,7239.12,6239.12
3783,13.08115961,293.28,9,7239.12,6239.12
3784,38.02240082,567.26,10,7239.12,6239.12
3785,10.43993317,487.33,10,7239.12,6239.12
3786,31.92241425,539.16,8,7239.12,6239.12
3787,20.8588398,718.04,10,7239.12,6239.12
3788,24.49148569,550.06,11,7239.12,6239.12
3789,24.29431261,330.58,12,7239.12,6239.12
3790,34.38592403,590.2,12,7239.12,6239.12
3791,28.89507836,572.66,8,7239.12,6239.12
3792,22.11054021,350.87,10,7239.12,6239.12
3793,13.30763912,623.58,9,7239.12,6239.12
3794,12.36923138,423.16,8,7239.12,6239.12
3795,12.14147097,654.2,10,7239.12,6239.12
3796,17.43899847,566.11,11,7239.12,6239.12
3797,65.69586622,840.71,9,7239.12,6239.12
3798,15.702804,487.66,12,7239.12,6239.12
3799,21.4877213,454.49,9,7239.12,6239.12
3800,18.448,283.86,14,7239.12,6239.12
3801,31.56329821,523.44,11,7239.12,6239.12
3802,7.12231825,439.41,11,7239.12,6239.12
3803,10.28949571,468.49,10,7239.12,6239.12
3804,7.135949634,318.61,8,7239.12,6239.12
3805,26.48524175,593.56,10,7239.12,6239.12
3806,21.55110957,368.09,8,7239.12,6239.12
3807,9.987014379,334.39,6,7239.12,6239.12
3808,42.08337299,442.17,8,7239.12,6239.12
3809,22.77285194,313.86,7,7239.12,6239.12
3810,16.45307838,644.16,10,7239.12,6239.12
3811,18.12473234,376.67,7,7239.12,6239.12
3812,46.93228231,525.13,14,7239.12,6239.12
3813,11.68033863,668.06,10,7239.12,6239.12
3814,12.37810727,452.36,9,7239.12,6239.12
3815,14.45144723,283.64,9,7239.12,6239.12
3816,63.418,634.18,11,7239.12,6239.12
3817,10.42151004,448.72,10,7239.12,6239.12
3818,11.61511758,473.1,9,7239.12,6239.12
3819,15.18519969,712.91,10,7239.12,6239.12
3820,9.96467098,337.9,7,7239.12,6239.12
3821,14.57071277,535.65,13,7239.12,6239.12
3822,6.965376975,464.93,8,7239.12,6239.12
3823,11.38919532,366.51,12,7239.12,6239.12
3824,19.56573047,344.31,8,7239.12,6239.12
3825,8.169801686,487.97,10,7239.12,6239.12
3826,39.12164632,524.5,9,7239.12,6239.12
3827,25.95456704,572.36,10,7239.12,6239.12
3828,19.16052985,911.43,10,7239.12,6239.12
3829,38.19750825,473.35,9,7239.12,6239.12
3830,9.572621311,405.3,14,7239.12,6239.12
3831,28.08831883,410.39,9,7239.12,6239.12
3832,15.66793733,469.11,11,7239.12,6239.12
3833,14.39268332,322.71,9,7239.12,6239.12
3834,10.57240912,526.38,11,7239.12,6239.12
3835,8.495559028,354.24,9,7239.12,6239.12
3836,8.836915546,359.59,8,7239.12,6239.12
3837,13.81874295,611.63,9,7239.12,6239.12
3838,15.92637837,305.34,10,7239.12,6239.12
3839,8.436985459,348.42,13,7239.12,6239.12
3840,19.22013749,346.96,11,7239.12,6239.12
3841,16.63331499,275.13,10,7239.12,6239.12
3842,22.62837334,412.37,10,7239.12,6239.12
3843,14.68999309,497.37,10,7239.12,6239.12
3844,5.738623953,394.1,10,7239.12,6239.12
3845,28.23654677,582.14,9,7239.12,6239.12
3846,22.76333003,546.37,8,7239.12,6239.12
3847,19.61775735,360.35,11,7239.12,6239.12
3848,15.59935628,403.18,11,7239.12,6239.12
3849,7.733003939,357.81,10,7239.12,6239.12
3850,27.02359262,578.44,9,7239.12,6239.12
3851,23.75456002,369.21,11,7239.12,6239.12
3852,19.95811482,330.66,8,7239.12,6239.12
3853,19.82976904,357.74,9,7239.12,6239.12
3854,12.71136983,285.79,11,7239.12,6239.12
3855,25.20041217,533.15,11,7239.12,6239.12
3856,13.09212021,426.54,11,7239.12,6239.12
3857,30.21507579,454.89,15,7239.12,6239.12
3858,7.478729949,370.7,10,7239.12,6239.12
3859,26.86902313,496.44,10,7239.12,6239.12
3860,17.33661923,457.78,6,7239.12,6239.12
3861,9.164918313,411.01,10,7239.12,6239.12
3862,29.82306907,541.43,11,7239.12,6239.12
3863,17.4697935,318.09,8,7239.12,6239.12
3864,22.67039828,526.48,12,7239.12,6239.12
3865,18.87429225,541.36,9,7239.12,6239.12
3866,17.90041385,233.76,10,7239.12,6239.12
3867,10.541006,330.78,12,7239.12,6239.12
3868,12.033,278.13,8,7239.12,6239.12
3869,24.36556312,656.09,9,7239.12,6239.12
3870,14.6804317,446.99,11,7239.12,6239.12
3871,12.33721727,379.71,8,7239.12,6239.12
3872,23.03423006,442.83,12,7239.12,6239.12
3873,42.45064728,697.15,8,7239.12,6239.12
3874,32.65812851,532.69,12,7239.12,6239.12
3875,29.3131781,360.01,9,7239.12,6239.12
3876,14.45611138,458.73,10,7239.12,6239.12
3877,18.57620158,588.42,9,7239.12,6239.12
3878,15.78723678,418.1,9,7239.12,6239.12
3879,24.81799298,373.96,10,7239.12,6239.12
3880,21.52649898,436.03,7,7239.12,6239.12
3881,38.06506947,665.72,11,7239.12,6239.12
3882,12.77992941,314.8,9,7239.12,6239.12
3883,20.86018248,454.51,11,7239.12,6239.12
3884,6.762128939,388.67,9,7239.12,6239.12
3885,22.39853917,450.6,14,7239.12,6239.12
3886,17.23824235,398.68,11,7239.12,6239.12
3887,23.07661733,603.99,8,7239.12,6239.12
3888,21.16456082,505.64,10,7239.12,6239.12
3889,55.27715257,778.54,9,7239.12,6239.12
3890,16.63225775,279.21,9,7239.12,6239.12
3891,9.757783417,329.98,9,7239.12,6239.12
3892,11.339543,554.09,10,7239.12,6239.12
3893,19.18545403,314.3,9,7239.12,6239.12
3894,17.0525198,450.6,9,7239.12,6239.12
3895,25.49366644,348.58,12,7239.12,6239.12
3896,23.9580659,663.57,9,7239.12,6239.12
3897,11.59322269,803.91,8,7239.12,6239.12
3898,35.1148553,411.82,8,7239.12,6239.12
3899,13.097,328.09,9,7239.12,6239.12
3900,11.43200992,472.11,9,7239.12,6239.12
3901,9.873462268,521.85,8,7239.12,6239.12
3902,12.14191853,284.23,10,7239.12,6239.12
3903,26.2528068,415.56,9,7239.12,6239.12
3904,9.665418822,375.95,8,7239.12,6239.12
3905,48.33282553,507.63,8,7239.12,6239.12
3906,21.7462966,468.99,12,7239.12,6239.12
3907,15.43452399,331.91,11,7239.12,6239.12
3908,25.12659927,421.26,9,7239.12,6239.12
3909,22.4118079,308.94,13,7239.12,6239.12
3910,28.7923294,500.88,8,7239.12,6239.12
3911,48.539,485.39,8,7239.12,6239.12
3912,42.14160413,639.01,10,7239.12,6239.12
3913,11.45921507,360.85,9,7239.12,6239.12
3914,20.62362465,568.88,9,7239.12,6239.12
3915,33.38914805,512.47,15,7239.12,6239.12
3916,19.05846696,595.3,13,7239.12,6239.12
3917,21.74778725,317.51,10,7239.12,6239.12
3918,25.99940055,448.58,10,7239.12,6239.12
3919,20.14102713,426.05,8,7239.12,6239.12
3920,15.83934484,511.38,10,7239.12,6239.12
3921,30.76060975,464.92,9,7239.12,6239.12
3922,18.53244714,396.51,11,7239.12,6239.12
3923,16.0507477,431.16,9,7239.12,6239.12
3924,31.38955362,491.89,10,7239.12,6239.12
3925,14.54125038,603.32,10,7239.12,6239.12
3926,29.27383448,382.65,8,7239.12,6239.12
3927,10.76487026,435.31,7,7239.12,6239.12
3928,14.03787009,320.42,11,7239.12,6239.12
3929,20.57750453,302.2,8,7239.12,6239.12
3930,45.73908599,518.19,10,7239.12,6239.12
3931,20.55243018,494.66,8,7239.12,6239.12
3932,25.203,305.11,11,7239.12,6239.12
3933,13.56910205,340.38,7,7239.12,6239.12
3934,37.72718783,411.67,12,7239.12,6239.12
3935,9.055115202,432.82,8,7239.12,6239.12
3936,23.27777968,299.83,9,7239.12,6239.12
3937,15.9016149,344.1,7,7239.12,6239.12
3938,13.63354131,453.27,12,7239.12,6239.12
3939,22.72826358,609.45,8,7239.12,6239.12
3940,26.213,460.45,11,7239.12,6239.12
3941,19.21282468,462.18,11,7239.12,6239.12
3942,24.16061546,307.77,8,7239.12,6239.12
3943,26.856031,470.66,9,7239.12,6239.12
3944,14.43102591,456.3,9,7239.12,6239.12
3945,17.09788714,615.5,9,7239.12,6239.12
3946,21.2540879,383.64,8,7239.12,6239.12
3947,17.213,313.07,10,7239.12,6239.12
3948,36.0950051,374.76,9,7239.12,6239.12
3949,20.81288934,385.37,9,7239.12,6239.12
3950,18.2002557,354.47,9,7239.12,6239.12
3951,20.39985128,482.84,12,7239.12,6239.12
3952,13.71284938,289.2,9,7239.12,6239.12
3953,22.9555511,492.33,9,7239.12,6239.12
3954,20.1944743,370.13,8,7239.12,6239.12
3955,8.022737046,298.51,10,7239.12,6239.12
3956,8.914291662,318.11,15,7239.12,6239.12
3957,26.34684734,423.26,9,7239.12,6239.12
3958,47.98970024,831.22,12,7239.12,6239.12
3959,8.59139907,289.74,8,7239.12,6239.12
3960,14.72506008,812.72,10,7239.12,6239.12
3961,12.93455291,386.95,13,7239.12,6239.12
3962,12.33230719,335.57,9,7239.12,6239.12
3963,17.76445042,515.4,7,7239.12,6239.12
3964,23.62047734,337.16,8,7239.12,6239.12
3965,16.31725678,632.7,9,7239.12,6239.12
3966,24.319,307.08,7,7239.12,6239.12
3967,15.43435002,267.61,8,7239.12,6239.12
3968,21.46626303,488.57,9,7239.12,6239.12
3969,21.23936143,438.78,8,7239.12,6239.12
3970,20.31452855,497.78,9,7239.12,6239.12
3971,18.68024815,588.68,8,7239.12,6239.12
3972,38.416,384.16,11,7239.12,6239.12
3973,19.0849927,707.62,9,7239.12,6239.12
3974,12.9665164,282.46,7,7239.12,6239.12
3975,29.30221156,451.71,12,7239.12,6239.12
3976,24.55009925,492.58,11,7239.12,6239.12
3977,14.86438319,355.67,7,7239.12,6239.12
3978,25.248,487.56,11,7239.12,6239.12
3979,9.987946764,276.77,8,7239.12,6239.12
3980,19.05553104,340.21,9,7239.12,6239.12
3981,13.01457118,303.59,11,7239.12,6239.12
3982,8.737298698,441.14,12,7239.12,6239.12
3983,25.53799446,767.49,11,7239.12,6239.12
3984,17.45967821,438.34,9,7239.12,6239.12
3985,21.07247881,647.81,10,7239.12,6239.12
3986,36.54517444,380.55,13,7239.12,6239.12
3987,21.68175648,469.06,8,7239.12,6239.12
3988,25.75118818,493.35,10,7239.12,6239.12
3989,65.11103227,715.72,16,7239.12,6239.12
3990,15.43647658,519.69,9,7239.12,6239.12
3991,9.052124748,420.75,11,7239.12,6239.12
3992,14.13336972,393.62,9,7239.12,6239.12
3993,10.51956981,469.38,8,7239.12,6239.12
3994,15.44487229,420.45,9,7239.12,6239.12
3995,11.95820026,406.72,12,7239.12,6239.12
3996,15.16003358,340.12,9,7239.12,6239.12
3997,25.72248175,289.63,14,7239.12,6239.12
3998,29.76957481,391.84,11,7239.12,6239.12
3999,14.76655893,586.69,9,7239.12,6239.12
4000,35.00272513,404.6,9,7239.12,6239.12
4001,16.02977794,441.63,11,7239.12,6239.12
4002,14.73312221,387.18,9,7239.12,6239.12
4003,18.663,429.7,9,7239.12,6239.12
4004,28.52551531,487.27,11,7239.12,6239.12
4005,36.24225038,535.3,10,7239.12,6239.12
4006,19.61856738,634.18,8,7239.12,6239.12
4007,11.09467259,497.75,9,7239.12,6239.12
4008,10.71509018,328.23,8,7239.12,6239.12
4009,13.85810851,313.26,10,7239.12,6239.12
4010,12.7902011,339.16,14,7239.12,6239.12
4011,11.3207347,426.88,9,7239.12,6239.12
4012,73.316,733.16,9,7239.12,6239.12
4013,24.0574263,408.37,8,7239.12,6239.12
4014,42.37505218,446.65,12,7239.12,6239.12
4015,14.24902451,345.09,8,7239.12,6239.12
4016,49.009,490.09,10,7239.12,6239.12
4017,17.07388473,402.44,10,7239.12,6239.12
4018,14.03234319,412.9,9,7239.12,6239.12
4019,13.75920814,395.78,8,7239.12,6239.12
4020,9.370536079,450.93,9,7239.12,6239.12
4021,13.159808,484.86,7,7239.12,6239.12
4022,22.95382965,505.06,8,7239.12,6239.12
4023,22.37132548,369.29,7,7239.12,6239.12
4024,13.88960638,425.08,7,7239.12,6239.12
4025,16.02496157,349.24,9,7239.12,6239.12
4026,48.34003627,490.4,12,7239.12,6239.12
4027,21.63544195,498.68,12,7239.12,6239.12
4028,34.85780719,389.78,9,7239.12,6239.12
4029,18.37346157,458.27,6,7239.12,6239.12
4030,23.42617374,437.42,8,7239.12,6239.12
4031,12.47,848.67,20,7239.12,6239.12
4032,41.96257988,728.77,8,7239.12,6239.12
4033,32.19685312,361.28,10,7239.12,6239.12
4034,23.824,439.36,7,7239.12,6239.12
4035,20.40182438,328.76,14,7239.12,6239.12
4036,14.72866785,320.31,8,7239.12,6239.12
4037,14.70022933,382.11,8,7239.12,6239.12
4038,25.53266544,506.66,8,7239.12,6239.12
4039,33.10924202,457.86,8,7239.12,6239.12
4040,20.66,638.41,10,7239.12,6239.12
4041,20.60294063,389.41,11,7239.12,6239.12
4042,14.10522798,447.36,11,7239.12,6239.12
4043,7.384912365,326.71,10,7239.12,6239.12
4044,33.95602294,355.18,9,7239.12,6239.12
4045,40.91917573,730.35,13,7239.12,6239.12
4046,22.09628173,351.4,10,7239.12,6239.12
4047,14.917,486.62,9,7239.12,6239.12
4048,25.25747101,371.66,9,7239.12,6239.12
4049,15.645,443.97,10,7239.12,6239.12
4050,19.8349707,479.23,12,7239.12,6239.12
4051,23.00999947,658.76,9,7239.12,6239.12
4052,8.121908092,294.18,7,7239.12,6239.12
4053,13.12361696,370.6,10,7239.12,6239.12
4054,8.774134933,362.67,9,7239.12,6239.12
4055,22.86811053,495.93,14,7239.12,6239.12
4056,23.98636679,347.63,11,7239.12,6239.12
4057,14.17963368,525.89,10,7239.12,6239.12
4058,14.2878821,296.56,6,7239.12,6239.12
4059,11.31841551,553.79,12,7239.12,6239.12
4060,16.85927463,360.63,7,7239.12,6239.12
4061,20.96833715,392.57,9,7239.12,6239.12
4062,9.0577243,440.32,8,7239.12,6239.12
4063,31.46658289,460.74,9,7239.12,6239.12
4064,18.73357276,416.45,9,7239.12,6239.12
4065,28.082,367.49,9,7239.12,6239.12
4066,8.804764323,381.44,10,7239.12,6239.12
4067,9.162097174,245.29,8,7239.12,6239.12
4068,10.71515353,555.63,9,7239.12,6239.12
4069,16.19299153,428.37,13,7239.12,6239.12
4070,21.23306929,503.57,9,7239.12,6239.12
4071,79.523,795.23,7,7239.12,6239.12
4072,30.74747214,523.94,9,7239.12,6239.12
4073,32.15226239,644.64,9,7239.12,6239.12
4074,17.60370438,382.37,8,7239.12,6239.12
4075,20.34089222,420.43,12,7239.12,6239.12
4076,29.6355781,360.56,12,7239.12,6239.12
4077,19.67061778,372.89,10,7239.12,6239.12
4078,28.64344293,383.72,10,7239.12,6239.12
4079,41.906,419.06,10,7239.12,6239.12
4080,8.531052221,385.54,9,7239.12,6239.12
4081,17.59320911,546.95,6,7239.12,6239.12
4082,22.303,617.35,12,7239.12,6239.12
4083,29.00190061,314.34,10,7239.12,6239.12
4084,31.4274366,514.31,10,7239.12,6239.12
4085,13.38018851,257.13,12,7239.12,6239.12
4086,23.10469015,557.5,12,7239.12,6239.12
4087,41.62070302,418.8,8,7239.12,6239.12
4088,34.70994286,379.64,13,7239.12,6239.12
4089,32.145,321.45,11,7239.12,6239.12
4090,8.348321431,390.52,10,7239.12,6239.12
4091,13.27420589,374.54,10,7239.12,6239.12
4092,26.53103922,447.35,9,7239.12,6239.12
4093,25.09016096,413.84,9,7239.12,6239.12
4094,12.28467466,845.72,9,7239.12,6239.12
4095,36.244,362.44,9,7239.12,6239.12
4096,23.55213001,364.11,8,7239.12,6239.12
4097,23.95643808,366.04,9,7239.12,6239.12
4098,13.81063825,366.24,9,7239.12,6239.12
4099,22.11391781,479.83,8,7239.12,6239.12
4100,18.21084137,465.46,8,7239.12,6239.12
4101,20.09557767,426.91,8,7239.12,6239.12
4102,13.71374132,341.53,9,7239.12,6239.12
4103,27.21735353,373.05,10,7239.12,6239.12
4104,21.9050622,361.27,7,7239.12,6239.12
4105,13.14412986,381.42,8,7239.12,6239.12
4106,26.95478167,292.2,8,7239.12,6239.12
4107,15.83810065,307.22,9,7239.12,6239.12
4108,10.3687942,501.31,9,7239.12,6239.12
4109,23.27763035,349.21,9,7239.12,6239.12
4110,40.04637098,533.71,10,7239.12,6239.12
4111,16.46222747,470.64,6,7239.12,6239.12
4112,11.7920918,372.84,10,7239.12,6239.12
4113,7.321791653,425.79,18,7239.12,6239.12
4114,18.35847965,329.99,10,7239.12,6239.12
4115,10.78537195,444.17,11,7239.12,6239.12
4116,15.30037635,378.49,8,7239.12,6239.12
4117,17.46874697,375.03,9,7239.12,6239.12
4118,17.00492797,402.44,9,7239.12,6239.12
4119,22.07362223,406.02,10,7239.12,6239.12
4120,27.77665175,507.06,9,7239.12,6239.12
4121,17.05274947,364.6,10,7239.12,6239.12
4122,13.486,386.68,8,7239.12,6239.12
4123,17.23717455,575.75,7,7239.12,6239.12
4124,15.69888087,454.26,9,7239.12,6239.12
4125,16.02865517,456.92,8,7239.12,6239.12
4126,9.333458439,397.01,12,7239.12,6239.12
4127,12.52036112,408.15,8,7239.12,6239.12
4128,15.10090607,379.67,12,7239.12,6239.12
4129,15.30664399,338.41,10,7239.12,6239.12
4130,20.14890967,462.46,11,7239.12,6239.12
4131,13.39671958,318.57,14,7239.12,6239.12
4132,13.8984091,550.26,9,7239.12,6239.12
4133,17.37852306,891.48,11,7239.12,6239.12
4134,15.74828182,477.5,8,7239.12,6239.12
4135,18.39311603,541.44,9,7239.12,6239.12
4136,32.74349521,448.57,10,7239.12,6239.12
4137,23.03420169,360.18,11,7239.12,6239.12
4138,19.38892938,315.5,9,7239.12,6239.12
4139,26.23141941,676.58,11,7239.12,6239.12
4140,20.45634189,349.38,10,7239.12,6239.12
4141,35.47522409,398.61,9,7239.12,6239.12
4142,24.40972703,408.69,9,7239.12,6239.12
4143,15.96164056,425.09,9,7239.12,6239.12
4144,10.517,327.62,9,7239.12,6239.12
4145,15.12002866,428.15,10,7239.12,6239.12
4146,7.489468419,516.14,10,7239.12,6239.12
4147,8.113954959,353.71,8,7239.12,6239.12
4148,18.184249,319.63,8,7239.12,6239.12
4149,19.19970455,478.28,9,7239.12,6239.12
4150,18.63793238,449.05,10,7239.12,6239.12
4151,12.59815875,408.09,10,7239.12,6239.12
4152,16.7317992,559.52,9,7239.12,6239.12
4153,11.3782373,711.34,9,7239.12,6239.12
4154,10.1078131,386.22,10,7239.12,6239.12
4155,33.24030038,446.62,8,7239.12,6239.12
4156,29.75775898,388.8,9,7239.12,6239.12
4157,13.82197047,799.16,9,7239.12,6239.12
4158,16.544,415.22,16,7239.12,6239.12
4159,12.94406393,547.61,11,7239.12,6239.12
4160,15.77671031,547.63,10,7239.12,6239.12
4161,26.03056452,926.19,15,7239.12,6239.12
4162,12.79287192,400.72,8,7239.12,6239.12
4163,11.66749173,489.16,12,7239.12,6239.12
4164,20.43902927,613.13,8,7239.12,6239.12
4165,23.19622848,305.55,9,7239.12,6239.12
4166,24.15916967,428.19,12,7239.12,6239.12
4167,13.08411215,427.13,9,7239.12,6239.12
4168,26.1744351,856.26,10,7239.12,6239.12
4169,13.74413258,688.68,8,7239.12,6239.12
4170,10.95373167,331.66,10,7239.12,6239.12
4171,19.87856619,501.95,12,7239.12,6239.12
4172,11.59337924,343.61,12,7239.12,6239.12
4173,12.77941544,310.56,8,7239.12,6239.12
4174,9.187422649,430.69,7,7239.12,6239.12
4175,13.41962079,369.17,7,7239.12,6239.12
4176,18.3991575,403.58,11,7239.12,6239.12
4177,17.28968474,529.89,9,7239.12,6239.12
4178,39.47221849,411.04,10,7239.12,6239.12
4179,13.93726539,267.28,8,7239.12,6239.12
4180,14.25424485,664.55,10,7239.12,6239.12
4181,10.20204215,417.08,7,7239.12,6239.12
4182,16.20229777,378.72,8,7239.12,6239.12
4183,21.162,387.74,8,7239.12,6239.12
4184,21.44795581,534.26,8,7239.12,6239.12
4185,13.90133223,668.13,10,7239.12,6239.12
4186,20.11368182,477.71,8,7239.12,6239.12
4187,16.71771785,448.37,9,7239.12,6239.12
4188,24.213,408.79,13,7239.12,6239.12
4189,16.03981792,301.17,10,7239.12,6239.12
4190,18.34986403,295.9,8,7239.12,6239.12
4191,16.22149076,472.17,8,7239.12,6239.12
4192,10.52954325,376.23,11,7239.12,6239.12
4193,10.76548906,808.26,8,7239.12,6239.12
4194,29.70357197,366.53,9,7239.12,6239.12
4195,53.84151171,571,15,7239.12,6239.12
4196,16.952608,279.31,8,7239.12,6239.12
4197,32.22253893,621.75,9,7239.12,6239.12
4198,16.92160431,447.26,11,7239.12,6239.12
4199,52.236,522.36,9,7239.12,6239.12
4200,17.985,422.99,8,7239.12,6239.12
4201,15.39214971,268.1,8,7239.12,6239.12
4202,21.13590785,592.3,9,7239.12,6239.12
4203,15.18168928,474.32,12,7239.12,6239.12
4204,10.12386155,481.49,9,7239.12,6239.12
4205,24.63721039,381.12,10,7239.12,6239.12
4206,12.0436832,414.44,14,7239.12,6239.12
4207,20.429,406.73,10,7239.12,6239.12
4208,25.54270947,511.01,10,7239.12,6239.12
4209,13.79504171,465.7,10,7239.12,6239.12
4210,12.95323038,337.35,10,7239.12,6239.12
4211,19.40742972,434.63,10,7239.12,6239.12
4212,27.593,529.8,12,7239.12,6239.12
4213,20.00395211,520.1,11,7239.12,6239.12
4214,14.20141556,385.34,8,7239.12,6239.12
4215,37.916,379.16,10,7239.12,6239.12
4216,20.55542416,417.16,12,7239.12,6239.12
4217,11.77958639,398.44,8,7239.12,6239.12
4218,33.17381644,368.79,9,7239.12,6239.12
4219,13.34228909,431.47,9,7239.12,6239.12
4220,17.15069633,438.56,10,7239.12,6239.12
4221,32.15576664,612.04,11,7239.12,6239.12
4222,23.37628694,401.34,9,7239.12,6239.12
4223,14.97669303,285.95,7,7239.12,6239.12
4224,15.58752998,462.61,9,7239.12,6239.12
4225,9.18201746,320.48,10,7239.12,6239.12
4226,13.31254451,414.96,9,7239.12,6239.12
4227,25.42862251,471.3,11,7239.12,6239.12
4228,22.06331464,392,8,7239.12,6239.12
4229,12.387,321.19,8,7239.12,6239.12
4230,35.54143241,569.36,8,7239.12,6239.12
4231,23.55406846,331.78,7,7239.12,6239.12
4232,18.33439323,305.62,11,7239.12,6239.12
4233,19.89234113,510.93,12,7239.12,6239.12
4234,25.13148508,394.95,10,7239.12,6239.12
4235,19.08016105,382.48,10,7239.12,6239.12
4236,9.928940826,323.46,9,7239.12,6239.12
4237,8.9484236,612.38,10,7239.12,6239.12
4238,13.34483494,323.59,11,7239.12,6239.12
4239,37.38695162,452.53,14,7239.12,6239.12
4240,15.0097725,304.88,8,7239.12,6239.12
4241,15.88709677,441.94,10,7239.12,6239.12
4242,30.57970023,312.76,9,7239.12,6239.12
4243,17.47344617,500.12,10,7239.12,6239.12
4244,12.29346918,367.36,8,7239.12,6239.12
4245,16.5123301,402.18,11,7239.12,6239.12
4246,16.78620382,477.11,11,7239.12,6239.12
4247,15.48606544,319.75,10,7239.12,6239.12
4248,13.93081571,427.68,9,7239.12,6239.12
4249,13.27289265,392.86,11,7239.12,6239.12
4250,17.03985252,605.82,9,7239.12,6239.12
4251,23.51651006,369.91,8,7239.12,6239.12
4252,25.32309458,424.02,10,7239.12,6239.12
4253,14.89062404,438.24,11,7239.12,6239.12
4254,23.83545547,555.38,11,7239.12,6239.12
4255,17.47472142,449.73,16,7239.12,6239.12
4256,14.13047351,339.56,9,7239.12,6239.12
4257,56.05060607,613.16,9,7239.12,6239.12
4258,10.58998735,669.14,11,7239.12,6239.12
4259,16.49040171,444.54,9,7239.12,6239.12
4260,13.7611324,327.54,8,7239.12,6239.12
4261,22.42921013,423.67,11,7239.12,6239.12
4262,15.58491926,454.09,8,7239.12,6239.12
4263,27.36603371,307.69,10,7239.12,6239.12
4264,18.24651928,458.77,9,7239.12,6239.12
4265,12.20051763,407.79,9,7239.12,6239.12
4266,28.19169465,321.61,12,7239.12,6239.12
4267,12.6348729,497.44,9,7239.12,6239.12
4268,12.42189626,269.38,8,7239.12,6239.12
4269,19.6918877,581.8,7,7239.12,6239.12
4270,17.89944846,416.3,13,7239.12,6239.12
4271,19.55433945,363.04,13,7239.12,6239.12
4272,13.96663961,380.89,13,7239.12,6239.12
4273,31.05769558,365.4,7,7239.12,6239.12
4274,54.39424913,643.93,10,7239.12,6239.12
4275,9.140517031,275.67,8,7239.12,6239.12
4276,26.03505274,380.4,10,7239.12,6239.12
4277,21.28814092,339.58,9,7239.12,6239.12
4278,22.12110722,530.4,15,7239.12,6239.12
4279,9.88755737,794.31,10,7239.12,6239.12
4280,13.37187477,623.6,8,7239.12,6239.12
4281,12.41906421,533.85,9,7239.12,6239.12
4282,15.79484155,477.19,10,7239.12,6239.12
4283,10.81446383,424.06,11,7239.12,6239.12
4284,44.15377439,486.95,13,7239.12,6239.12
4285,8.285564644,401.5,9,7239.12,6239.12
4286,25.25119327,381,10,7239.12,6239.12
4287,16.12848076,386.79,11,7239.12,6239.12
4288,17.2810287,423.96,11,7239.12,6239.12
4289,24.04888455,722.58,11,7239.12,6239.12
4290,17.08068418,414.59,11,7239.12,6239.12
4291,21.95939276,438.62,9,7239.12,6239.12
4292,30.60370748,360.07,10,7239.12,6239.12
4293,17.97608597,810.93,7,7239.12,6239.12
4294,24.94123211,537.93,8,7239.12,6239.12
4295,21.87431509,369.28,11,7239.12,6239.12
4296,15.27546572,491.48,13,7239.12,6239.12
4297,11.37109529,345.09,10,7239.12,6239.12
4298,12.58273619,419.02,11,7239.12,6239.12
4299,16.30488955,299.81,10,7239.12,6239.12
4300,9.564087809,321.51,8,7239.12,6239.12
4301,7.667886354,349.46,7,7239.12,6239.12
4302,14.88082871,273.47,11,7239.12,6239.12
4303,13.68992359,382.75,8,7239.12,6239.12
4304,27.09263626,365.48,13,7239.12,6239.12
4305,12.99734222,532.6,8,7239.12,6239.12
4306,32.76522244,447.2,16,7239.12,6239.12
4307,24.226,242.26,9,7239.12,6239.12
4308,13.6856131,585.45,11,7239.12,6239.12
4309,15.12584771,332.38,10,7239.12,6239.12
4310,10.73307941,314.57,7,7239.12,6239.12
4311,15.20851324,703.64,10,7239.12,6239.12
4312,17.14101833,490.06,8,7239.12,6239.12
4313,9.235787037,355.14,8,7239.12,6239.12
4314,13.12351964,548.34,14,7239.12,6239.12
4315,15.71194482,345.16,9,7239.12,6239.12
4316,12.68663171,484.08,10,7239.12,6239.12
4317,13.61030109,774.78,9,7239.12,6239.12
4318,14.69159312,377.9,9,7239.12,6239.12
4319,14.8592527,373.77,14,7239.12,6239.12
4320,19.49067313,363.93,7,7239.12,6239.12
4321,31.79746984,366.26,9,7239.12,6239.12
4322,22.29619259,300.95,9,7239.12,6239.12
4323,16.37011831,806.78,11,7239.12,6239.12
4324,18.52526212,337.77,13,7239.12,6239.12
4325,30.03701781,598,8,7239.12,6239.12
4326,26.31385381,517.19,11,7239.12,6239.12
4327,13.41291435,376.64,9,7239.12,6239.12
4328,16.52405326,499.23,9,7239.12,6239.12
4329,30.95022972,673.98,10,7239.12,6239.12
4330,13.06394564,407.39,9,7239.12,6239.12
4331,19.87670885,455.26,14,7239.12,6239.12
4332,15.78711747,552.39,9,7239.12,6239.12
4333,32.95167989,372.95,9,7239.12,6239.12
4334,17.38886746,366.07,10,7239.12,6239.12
4335,16.39181895,387.64,8,7239.12,6239.12
4336,11.76809418,278.18,13,7239.12,6239.12
4337,19.50983056,345.88,12,7239.12,6239.12
4338,23.541325,641.64,8,7239.12,6239.12
4339,46.228,462.28,9,7239.12,6239.12
4340,24.64923709,486.41,13,7239.12,6239.12
4341,11.88704569,664.26,13,7239.12,6239.12
4342,13.12572564,433.46,8,7239.12,6239.12
4343,13.0758273,374.51,13,7239.12,6239.12
4344,14.31129868,331.9,10,7239.12,6239.12
4345,13.13369478,602.7,12,7239.12,6239.12
4346,12.73049289,632.54,11,7239.12,6239.12
4347,11.27685635,602.13,15,7239.12,6239.12
4348,9.300977175,470.01,10,7239.12,6239.12
4349,35.36846656,376.37,10,7239.12,6239.12
4350,33.83966245,581.45,9,7239.12,6239.12
4351,28.47587103,369.39,8,7239.12,6239.12
4352,16.09949833,662.47,13,7239.12,6239.12
4353,21.67458608,504.56,9,7239.12,6239.12
4354,20.81581359,370.36,8,7239.12,6239.12
4355,46.70422793,509.8,9,7239.12,6239.12
4356,34.20809987,530.53,10,7239.12,6239.12
4357,24.24645444,447.56,9,7239.12,6239.12
4358,14.9400712,425.55,8,7239.12,6239.12
4359,25.36752964,294.54,11,7239.12,6239.12
4360,16.39928366,557.97,11,7239.12,6239.12
4361,19.61280648,372.47,9,7239.12,6239.12
4362,9.585833856,407.24,13,7239.12,6239.12
4363,14.5583971,455.87,9,7239.12,6239.12
4364,25.85230274,335.05,10,7239.12,6239.12
4365,15.56580744,465.43,9,7239.12,6239.12
4366,36.48565714,642.06,9,7239.12,6239.12
4367,19.32837477,527.55,9,7239.12,6239.12
4368,8.947,374.99,12,7239.12,6239.12
4369,13.77718476,667.31,15,7239.12,6239.12
4370,15.98995322,274.5,9,7239.12,6239.12
4371,34.189,474.2,17,7239.12,6239.12
4372,34.9190547,603.3,11,7239.12,6239.12
4373,11.42230955,454.88,9,7239.12,6239.12
4374,8.56015142,382.17,8,7239.12,6239.12
4375,14.15464295,322.16,9,7239.12,6239.12
4376,17.04896278,495.91,10,7239.12,6239.12
4377,12.22972067,461.22,11,7239.12,6239.12
4378,20.73810794,363.55,11,7239.12,6239.12
4379,21.64843862,484.83,10,7239.12,6239.12
4380,34.296,349.18,8,7239.12,6239.12
4381,8.02771638,274.84,9,7239.12,6239.12
4382,43.96473918,501.73,9,7239.12,6239.12
4383,19.68800076,465.49,10,7239.12,6239.12
4384,8.671534629,358.95,9,7239.12,6239.12
4385,8.555724523,319.65,9,7239.12,6239.12
4386,26.02291554,373.84,11,7239.12,6239.12
4387,18.84628107,319.06,10,7239.12,6239.12
4388,24.10012142,276.14,9,7239.12,6239.12
4389,23.41927827,485.26,8,7239.12,6239.12
4390,10.33057506,390.15,10,7239.12,6239.12
4391,14.89014127,371.03,11,7239.12,6239.12
4392,18.41243292,501.98,9,7239.12,6239.12
4393,14.33254763,504.08,12,7239.12,6239.12
4394,41.943,419.43,13,7239.12,6239.12
4395,28.54224085,596.51,8,7239.12,6239.12
4396,11.36366963,465.79,9,7239.12,6239.12
4397,14.045,437.49,9,7239.12,6239.12
4398,27.041,307.1,12,7239.12,6239.12
4399,22.2155568,529.57,14,7239.12,6239.12
4400,11.66726042,419.58,7,7239.12,6239.12
4401,30.31862502,397.08,9,7239.12,6239.12
4402,14.01805163,407.73,10,7239.12,6239.12
4403,12.85272503,293.29,7,7239.12,6239.12
4404,11.52359816,673.31,9,7239.12,6239.12
4405,20.93903479,476.03,9,7239.12,6239.12
4406,21.065,322.75,13,7239.12,6239.12
4407,15.14548548,262.52,9,7239.12,6239.12
4408,22.47031409,466.19,7,7239.12,6239.12
4409,33.49024071,453.62,12,7239.12,6239.12
4410,10.49499881,514.93,9,7239.12,6239.12
4411,10.10373794,368.42,9,7239.12,6239.12
4412,11.30262095,254.84,10,7239.12,6239.12
4413,14.37195118,338.44,10,7239.12,6239.12
4414,7.356146185,566.78,9,7239.12,6239.12
4415,23.72072605,506.94,7,7239.12,6239.12
4416,23.632,341.94,13,7239.12,6239.12
4417,16.67963859,335.69,9,7239.12,6239.12
4418,19.51830568,302.28,8,7239.12,6239.12
4419,26.36864996,459.06,10,7239.12,6239.12
4420,26.13894822,414.88,9,7239.12,6239.12
4421,12.7877659,379.37,9,7239.12,6239.12
4422,7.779083246,395.27,9,7239.12,6239.12
4423,21.25376651,324.82,8,7239.12,6239.12
4424,12.86402768,489.04,10,7239.12,6239.12
4425,15.54799939,626.9,12,7239.12,6239.12
4426,21.58653127,548,10,7239.12,6239.12
4427,7.963971961,448.16,16,7239.12,6239.12
4428,24.20069657,510.02,11,7239.12,6239.12
4429,8.027669245,420.4,14,7239.12,6239.12
4430,10.93671587,317.6,8,7239.12,6239.12
4431,21.40424155,449.93,9,7239.12,6239.12
4432,13.90271154,652.53,13,7239.12,6239.12
4433,11.21647834,300.26,7,7239.12,6239.12
4434,18.22853832,671.81,9,7239.12,6239.12
4435,30.02793562,436.49,9,7239.12,6239.12
4436,10.55257953,522.98,10,7239.12,6239.12
4437,20.5790241,438.9,9,7239.12,6239.12
4438,18.08219615,479.08,12,7239.12,6239.12
4439,13.81685261,298.15,7,7239.12,6239.12
4440,13.75658487,372.95,9,7239.12,6239.12
4441,26.50594605,429.95,9,7239.12,6239.12
4442,8.503654463,320.45,8,7239.12,6239.12
4443,16.53895398,458.32,9,7239.12,6239.12
4444,10.93170903,478.29,8,7239.12,6239.12
4445,21.48495584,382.46,9,7239.12,6239.12
4446,24.50078904,609.06,10,7239.12,6239.12
4447,17.26245589,529.92,11,7239.12,6239.12
4448,16.4362668,298.84,10,7239.12,6239.12
4449,15.036669,557.13,11,7239.12,6239.12
4450,25.04469952,442.36,10,7239.12,6239.12
4451,18.20685943,329.12,9,7239.12,6239.12
4452,33.7301658,378.81,15,7239.12,6239.12
4453,9.938894563,498.76,13,7239.12,6239.12
4454,11.79094515,578.09,10,7239.12,6239.12
4455,17.62916726,409.87,11,7239.12,6239.12
4456,10.44091665,413.99,9,7239.12,6239.12
4457,24.00046314,495.45,10,7239.12,6239.12
4458,14.63591014,317.75,8,7239.12,6239.12
4459,10.18311902,512.75,14,7239.12,6239.12
4460,14.88206022,455.68,12,7239.12,6239.12
4461,15.00224639,287.17,10,7239.12,6239.12
4462,31.31,338.31,16,7239.12,6239.12
4463,10.04980744,343.91,8,7239.12,6239.12
4464,10.73774738,392.59,9,7239.12,6239.12
4465,18.53200587,524.52,10,7239.12,6239.12
4466,31.85222792,483.09,10,7239.12,6239.12
4467,12.90419253,493.36,10,7239.12,6239.12
4468,12.39182305,367.95,12,7239.12,6239.12
4469,27.41079131,699.03,8,7239.12,6239.12
4470,22.61364026,424.35,9,7239.12,6239.12
4471,57.40146549,624.35,15,7239.12,6239.12
4472,12.7997899,418.66,8,7239.12,6239.12
4473,11.65623368,604.99,8,7239.12,6239.12
4474,10.2582265,303.32,11,7239.12,6239.12
4475,14.02777644,470.75,14,7239.12,6239.12
4476,10.63369803,502.17,9,7239.12,6239.12
4477,23.28679911,382.06,13,7239.12,6239.12
4478,15.47430422,305.28,11,7239.12,6239.12
4479,22.09304782,732.02,10,7239.12,6239.12
4480,13.56938173,585.36,13,7239.12,6239.12
4481,10.88188301,580.95,11,7239.12,6239.12
4482,11.33043945,361.94,11,7239.12,6239.12
4483,14.5082739,306.59,8,7239.12,6239.12
4484,31.46296546,350.23,10,7239.12,6239.12
4485,34.93692945,513.22,11,7239.12,6239.12
4486,18.93098953,347.06,8,7239.12,6239.12
4487,18.808,343.29,10,7239.12,6239.12
4488,22.34319662,391.14,7,7239.12,6239.12
4489,14.78263425,546.77,10,7239.12,6239.12
4490,7.40524927,369.51,10,7239.12,6239.12
4491,15.71286493,492.36,10,7239.12,6239.12
4492,15.04447696,524.77,9,7239.12,6239.12
4493,26.9784273,385.2,8,7239.12,6239.12
4494,21.04897575,374.68,10,7239.12,6239.12
4495,20.16684708,339.21,10,7239.12,6239.12
4496,20.07596847,341.88,8,7239.12,6239.12
4497,28.91084212,455.95,9,7239.12,6239.12
4498,14.99575071,423.48,9,7239.12,6239.12
4499,8.987107155,383.26,10,7239.12,6239.12
4500,16.08321986,422.23,9,7239.12,6239.12
4501,9.699726456,652.1,12,7239.12,6239.12
4502,6.001528331,308.9,14,7239.12,6239.12
4503,24.82817652,710.04,10,7239.12,6239.12
4504,12.02277944,669.45,13,7239.12,6239.12
4505,16.62984751,339.5,9,7239.12,6239.12
4506,11.92322245,451.14,10,7239.12,6239.12
4507,34.48723363,449.11,9,7239.12,6239.12
4508,14.4,453,11,7239.12,6239.12
4509,13.63439988,719.55,13,7239.12,6239.12
4510,11.4930193,385.01,7,7239.12,6239.12
4511,22.61856506,319.71,10,7239.12,6239.12
4512,18.68888622,465.97,12,7239.12,6239.12
4513,11.32012966,492.06,8,7239.12,6239.12
4514,39.37354044,473.77,11,7239.12,6239.12
4515,11.91997507,367.14,11,7239.12,6239.12
4516,23.66244571,336.17,13,7239.12,6239.12
4517,8.557515184,451.63,9,7239.12,6239.12
4518,22.82233955,450.84,9,7239.12,6239.12
4519,14.62300076,366.27,10,7239.12,6239.12
4520,18.90253503,270.82,8,7239.12,6239.12
4521,18.5637375,443.94,10,7239.12,6239.12
4522,30.65306122,428.84,8,7239.12,6239.12
4523,10.15177045,334.98,7,7239.12,6239.12
4524,11.81939791,404.64,9,7239.12,6239.12
4525,19.806,510.39,15,7239.12,6239.12
4526,42.45216622,601.97,17,7239.12,6239.12
4527,25.99153486,492.83,8,7239.12,6239.12
4528,12.00420547,313.1,9,7239.12,6239.12
4529,25.91852037,425.17,10,7239.12,6239.12
4530,16.01176544,509.63,8,7239.12,6239.12
4531,12.58084722,339.43,11,7239.12,6239.12
4532,24.36533192,551.29,10,7239.12,6239.12
4533,23.38675242,618.9,13,7239.12,6239.12
4534,47.1614264,480.74,8,7239.12,6239.12
4535,40.95364957,1026.88,10,7239.12,6239.12
4536,11.87579949,388.69,10,7239.12,6239.12
4537,14.42072717,439.05,8,7239.12,6239.12
4538,15.77040108,383.68,9,7239.12,6239.12
4539,16.328,429.77,10,7239.12,6239.12
4540,6.374774601,381.08,7,7239.12,6239.12
4541,19.47597392,632.12,10,7239.12,6239.12
4542,31.91301607,455.67,10,7239.12,6239.12
4543,17.54126632,307.48,8,7239.12,6239.12
4544,14.6166656,358.77,7,7239.12,6239.12
4545,22.22035563,534.07,10,7239.12,6239.12
4546,14.15636792,563.34,24,7239.12,6239.12
4547,19.34869376,342.71,8,7239.12,6239.12
4548,31.98059318,338.15,13,7239.12,6239.12
4549,27.19550227,555.44,9,7239.12,6239.12
4550,16.118,436.57,10,7239.12,6239.12
4551,18.25454051,667.42,9,7239.12,6239.12
4552,28.74193194,366.04,16,7239.12,6239.12
4553,10.71098858,465.68,10,7239.12,6239.12
4554,12.93367257,398.04,11,7239.12,6239.12
4555,19.62541384,514.47,13,7239.12,6239.12
4556,21.21759522,445.16,11,7239.12,6239.12
4557,18.6454908,559.65,10,7239.12,6239.12
4558,8.394905283,390.2,10,7239.12,6239.12
4559,21.19214366,417.89,9,7239.12,6239.12
4560,15.27080562,497.83,10,7239.12,6239.12
4561,16.29982447,478.53,17,7239.12,6239.12
4562,13.48982658,594.44,14,7239.12,6239.12
4563,21.04165736,287.63,7,7239.12,6239.12
4564,27.41641555,382.13,16,7239.12,6239.12
4565,11.305,378.47,10,7239.12,6239.12
4566,17.35850546,571.81,10,7239.12,6239.12
4567,9.912370547,520.2,11,7239.12,6239.12
4568,36.56284031,523.77,9,7239.12,6239.12
4569,16.61990385,380.16,11,7239.12,6239.12
4570,11.24787425,281.96,10,7239.12,6239.12
4571,14.5656129,362,8,7239.12,6239.12
4572,12.12095397,451.78,8,7239.12,6239.12
4573,24.70316346,706.55,10,7239.12,6239.12
4574,11.18564385,291.54,8,7239.12,6239.12
4575,15.03661677,313.53,13,7239.12,6239.12
4576,17.5941934,349.06,11,7239.12,6239.12
4577,15.27565044,391.8,8,7239.12,6239.12
4578,9.168922866,355.08,12,7239.12,6239.12
4579,13.52324768,581.99,8,7239.12,6239.12
4580,43.11045613,725.48,9,7239.12,6239.12
4581,37.07859071,546.62,11,7239.12,6239.12
4582,8.432573321,342.02,10,7239.12,6239.12
4583,19.11208761,725.47,9,7239.12,6239.12
4584,32.61200676,505.31,9,7239.12,6239.12
4585,16.706,357.47,8,7239.12,6239.12
4586,8.854041388,551.63,10,7239.12,6239.12
4587,12.2878031,298.31,8,7239.12,6239.12
4588,30.25,343.66,9,7239.12,6239.12
4589,8.970504541,575.87,9,7239.12,6239.12
4590,45.57729314,568.44,11,7239.12,6239.12
4591,20.54789644,399.43,10,7239.12,6239.12
4592,26.99745345,312.29,8,7239.12,6239.12
4593,19.68703732,376.3,9,7239.12,6239.12
4594,26.08585777,402.57,12,7239.12,6239.12
4595,12.79013435,271.86,9,7239.12,6239.12
4596,7.778577985,416.91,9,7239.12,6239.12
4597,13.47876588,409.97,10,7239.12,6239.12
4598,16.29762135,414.02,10,7239.12,6239.12
4599,10.05112854,411.04,9,7239.12,6239.12
4600,7.743905491,355.81,12,7239.12,6239.12
4601,18.71462914,424.27,11,7239.12,6239.12
4602,33.09840864,521.23,10,7239.12,6239.12
4603,9.708876455,584.92,11,7239.12,6239.12
4604,15.52116985,454.49,8,7239.12,6239.12
4605,13.48628201,496.4,15,7239.12,6239.12
4606,24.89435302,311.68,10,7239.12,6239.12
4607,16.59767486,662.87,12,7239.12,6239.12
4608,21.17927661,396.67,8,7239.12,6239.12
4609,26.73819932,475.1,9,7239.12,6239.12
4610,13.12896218,335.08,10,7239.12,6239.12
4611,10.33414741,356.02,15,7239.12,6239.12
4612,27.46662297,486.14,10,7239.12,6239.12
4613,30.36903981,496.22,12,7239.12,6239.12
4614,21.345,263.87,11,7239.12,6239.12
4615,18.10537453,296.21,14,7239.12,6239.12
4616,12.34739002,285.15,14,7239.12,6239.12
4617,12.70731356,366.38,10,7239.12,6239.12
4618,24.50596642,412.58,10,7239.12,6239.12
4619,11.23028624,426.04,10,7239.12,6239.12
4620,20.9073863,671.24,7,7239.12,6239.12
4621,18.43791679,585.43,8,7239.12,6239.12
4622,27.54360341,484.66,9,7239.12,6239.12
4623,26.49750142,517.44,9,7239.12,6239.12
4624,28.29387991,482.67,15,7239.12,6239.12
4625,25.416,366.92,11,7239.12,6239.12
4626,11.59274701,476.17,11,7239.12,6239.12
4627,22.70807935,409.79,14,7239.12,6239.12
4628,20.73441217,916.69,7,7239.12,6239.12
4629,23.80753604,324.87,9,7239.12,6239.12
4630,38.50716615,670.61,9,7239.12,6239.12
4631,11.05236986,608.99,11,7239.12,6239.12
4632,14.61409771,676.31,11,7239.12,6239.12
4633,17.03935448,432.74,9,7239.12,6239.12
4634,17.69579229,500.14,7,7239.12,6239.12
4635,7.643347494,381.35,8,7239.12,6239.12
4636,28.00844856,415.06,8,7239.12,6239.12
4637,57.9238545,593.65,9,7239.12,6239.12
4638,45.50347208,556.33,10,7239.12,6239.12
4639,14.1536704,311.62,9,7239.12,6239.12
4640,19.09481557,400.04,8,7239.12,6239.12
4641,11.81204734,343.73,9,7239.12,6239.12
4642,35.23495163,451.85,9,7239.12,6239.12
4643,15.25725716,432.06,8,7239.12,6239.12
4644,29.82506883,540.67,8,7239.12,6239.12
4645,38.335,383.35,12,7239.12,6239.12
4646,18.37889148,246.36,9,7239.12,6239.12
4647,18.3281973,1003.26,7,7239.12,6239.12
4648,8.014763873,428.65,13,7239.12,6239.12
4649,14.67380488,499.1,8,7239.12,6239.12
4650,15.3383809,280.96,8,7239.12,6239.12
4651,26.79929615,415.61,8,7239.12,6239.12
4652,12.78390715,476.02,8,7239.12,6239.12
4653,18.43566011,539.19,10,7239.12,6239.12
4654,12.70720675,255.68,8,7239.12,6239.12
4655,13.32220322,396.59,8,7239.12,6239.12
4656,15.4563584,563.46,14,7239.12,6239.12
4657,10.92920703,319.76,8,7239.12,6239.12
4658,23.528,318.85,10,7239.12,6239.12
4659,22.23708941,427.11,7,7239.12,6239.12
4660,15.51220964,510.8,12,7239.12,6239.12
4661,9.819663016,658.05,12,7239.12,6239.12
4662,16.58214525,538.11,13,7239.12,6239.12
4663,18.236,651.34,8,7239.12,6239.12
4664,15.79698635,445.11,11,7239.12,6239.12
4665,14.92812074,531.15,10,7239.12,6239.12
4666,17.52168106,321.22,9,7239.12,6239.12
4667,29.62620107,360.78,15,7239.12,6239.12
4668,11.48621232,472.73,12,7239.12,6239.12
4669,9.748759529,425.12,8,7239.12,6239.12
4670,13.1310385,418.81,10,7239.12,6239.12
4671,26.61366252,434.55,12,7239.12,6239.12
4672,13.46487135,696.6,9,7239.12,6239.12
4673,10.695,316.83,10,7239.12,6239.12
4674,9.724456903,345.6,9,7239.12,6239.12
4675,17.7841437,506.04,9,7239.12,6239.12
4676,8.618362635,568.79,8,7239.12,6239.12
4677,19.14229647,480.91,10,7239.12,6239.12
4678,11.60901168,516.38,8,7239.12,6239.12
4679,14.69908713,560.51,11,7239.12,6239.12
4680,20.26468621,360.45,11,7239.12,6239.12
4681,22.40355559,557.93,9,7239.12,6239.12
4682,10.48848752,455.07,7,7239.12,6239.12
4683,34.507,345.3,9,7239.12,6239.12
4684,19.4868343,300.09,9,7239.12,6239.12
4685,7.967329391,430.56,7,7239.12,6239.12
4686,25.95675113,312.55,9,7239.12,6239.12
4687,27.2700024,431.94,10,7239.12,6239.12
4688,14.05830101,316.06,9,7239.12,6239.12
4689,29.51120464,349.79,10,7239.12,6239.12
4690,15.67280599,585.71,8,7239.12,6239.12
4691,22.85260804,338.63,10,7239.12,6239.12
4692,18.92380012,409.23,8,7239.12,6239.12
4693,15.28830637,419.69,9,7239.12,6239.12
4694,13.174628,454.16,10,7239.12,6239.12
4695,35.51434799,433.41,13,7239.12,6239.12
4696,23.81558081,395.59,7,7239.12,6239.12
4697,32.36365398,337.49,16,7239.12,6239.12
4698,31.76481086,427.17,7,7239.12,6239.12
4699,26.16479744,357.66,9,7239.12,6239.12
4700,19.516,609.72,9,7239.12,6239.12
4701,12.94296334,242.3,11,7239.12,6239.12
4702,15.0815512,424.33,8,7239.12,6239.12
4703,20.06042263,452.06,12,7239.12,6239.12
4704,21.37539625,335.87,8,7239.12,6239.12
4705,17.47515429,555.82,10,7239.12,6239.12
4706,14.19097896,383.22,8,7239.12,6239.12
4707,13.5977883,294.88,8,7239.12,6239.12
4708,9.435035141,456.3,11,7239.12,6239.12
4709,11.67666351,340.27,8,7239.12,6239.12
4710,12.0461513,473.48,11,7239.12,6239.12
4711,21.633,881.14,11,7239.12,6239.12
4712,11.88022412,378.02,10,7239.12,6239.12
4713,17.28911075,367.88,10,7239.12,6239.12
4714,15.11800478,501.24,11,7239.12,6239.12
4715,34.737,478.99,9,7239.12,6239.12
4716,18.507,367.38,13,7239.12,6239.12
4717,50.06342018,532.84,12,7239.12,6239.12
4718,13.08910265,963.82,11,7239.12,6239.12
4719,13.14525587,312.28,8,7239.12,6239.12
4720,28.13090669,510.38,13,7239.12,6239.12
4721,9.716273976,456.01,13,7239.12,6239.12
4722,37.33899161,399.46,9,7239.12,6239.12
4723,23.14343366,490.9,9,7239.12,6239.12
4724,23.31307525,365.83,10,7239.12,6239.12
4725,16.60099738,682.29,7,7239.12,6239.12
4726,27.07253423,530.11,9,7239.12,6239.12
4727,19.48564795,634.06,13,7239.12,6239.12
4728,9.227746019,629.06,11,7239.12,6239.12
4729,9.980542127,354.14,12,7239.12,6239.12
4730,40.091,400.91,10,7239.12,6239.12
4731,14.3993446,648.7,10,7239.12,6239.12
4732,26.91082316,440.07,9,7239.12,6239.12
4733,12.9320772,266.57,9,7239.12,6239.12
4734,10.43281359,391.52,16,7239.12,6239.12
4735,16.09675424,449.31,8,7239.12,6239.12
4736,27.64848961,520.61,7,7239.12,6239.12
4737,16.59230189,610.09,10,7239.12,6239.12
4738,20.51693507,501.76,8,7239.12,6239.12
4739,12.11015902,337.69,8,7239.12,6239.12
4740,11.50552241,335.9,9,7239.12,6239.12
4741,12.35824997,373.74,15,7239.12,6239.12
4742,16.23153141,483.79,9,7239.12,6239.12
4743,15.48282587,406.53,10,7239.12,6239.12
4744,17.25625255,424.99,10,7239.12,6239.12
4745,8.055922304,381.22,9,7239.12,6239.12
4746,20.74618902,272.19,9,7239.12,6239.12
4747,17.98015293,306.11,10,7239.12,6239.12
4748,12.40492317,274.15,8,7239.12,6239.12
4749,15.00684559,402.87,12,7239.12,6239.12
4750,6.6577449,329.98,11,7239.12,6239.12
4751,24.61988912,379.23,10,7239.12,6239.12
4752,22.81996577,420.92,9,7239.12,6239.12
4753,33.90754636,660.51,10,7239.12,6239.12
4754,25.10873496,486.08,9,7239.12,6239.12
4755,9.387,368.16,10,7239.12,6239.12
4756,10.79479387,505.85,11,7239.12,6239.12
4757,42.391,423.91,11,7239.12,6239.12
4758,16.213,364.25,7,7239.12,6239.12
4759,17.03563791,545.66,10,7239.12,6239.12
4760,42.07738134,452.74,10,7239.12,6239.12
4761,20.14958299,566.3,12,7239.12,6239.12
4762,22.61709243,471.37,9,7239.12,6239.12
4763,15.73980699,317.79,14,7239.12,6239.12
4764,13.70731707,371.64,10,7239.12,6239.12
4765,27.31414462,435.86,11,7239.12,6239.12
4766,21.98729533,390.63,9,7239.12,6239.12
4767,17.35643598,378.66,7,7239.12,6239.12
4768,13.184863,257.06,13,7239.12,6239.12
4769,32.87038624,383.65,8,7239.12,6239.12
4770,27.14687519,358.2,9,7239.12,6239.12
4771,16.96584372,504.61,6,7239.12,6239.12
4772,16.25843044,451.76,7,7239.12,6239.12
4773,11.45217775,477.6,15,7239.12,6239.12
4774,61.936,619.36,9,7239.12,6239.12
4775,7.797103209,576.11,14,7239.12,6239.12
4776,10.96198691,702.35,9,7239.12,6239.12
4777,26.96457031,439.9,8,7239.12,6239.12
4778,12.1415101,354.54,9,7239.12,6239.12
4779,22.73391781,524.06,11,7239.12,6239.12
4780,26.72041359,395.39,9,7239.12,6239.12
4781,27.78247447,293.22,8,7239.12,6239.12
4782,13.64,457.49,8,7239.12,6239.12
4783,12.12287551,651.51,16,7239.12,6239.12
4784,9.04669143,303.15,16,7239.12,6239.12
4785,12.75652198,406.18,10,7239.12,6239.12
4786,44.39975221,508.87,9,7239.12,6239.12
4787,28.94622976,496.14,7,7239.12,6239.12
4788,21.96417468,464.9,12,7239.12,6239.12
4789,11.97473674,560.32,8,7239.12,6239.12
4790,21.02733107,337.87,8,7239.12,6239.12
4791,15.696,409.66,12,7239.12,6239.12
4792,10.14051226,565.81,8,7239.12,6239.12
4793,13.3246822,303.69,7,7239.12,6239.12
4794,18.90477295,391.17,12,7239.12,6239.12
4795,24.63090149,531.33,10,7239.12,6239.12
4796,17.30941871,557.23,11,7239.12,6239.12
4797,15.45642002,464.64,10,7239.12,6239.12
4798,12.10186822,501.67,11,7239.12,6239.12
4799,14.64631641,347.07,11,7239.12,6239.12
4800,18.84524673,441.32,8,7239.12,6239.12
4801,22.92600031,370.55,9,7239.12,6239.12
4802,16.731,691.23,12,7239.12,6239.12
4803,11.78345009,520.63,9,7239.12,6239.12
4804,16.62190853,356.63,10,7239.12,6239.12
4805,24.39704074,536.18,9,7239.12,6239.12
4806,8.221841604,340.82,9,7239.12,6239.12
4807,21.76449073,290.65,9,7239.12,6239.12
4808,17.77902894,309.42,13,7239.12,6239.12
4809,11.0948289,473.2,10,7239.12,6239.12
4810,17.10126694,456.64,10,7239.12,6239.12
4811,23.07735052,349.64,11,7239.12,6239.12
4812,16.5498936,446.12,12,7239.12,6239.12
4813,20.87735823,651.46,9,7239.12,6239.12
4814,8.83969258,452.43,8,7239.12,6239.12
4815,23.83449481,414.52,8,7239.12,6239.12
4816,26.01526816,324.08,11,7239.12,6239.12
4817,12.8900421,359.28,10,7239.12,6239.12
4818,12.387,345.1,8,7239.12,6239.12
4819,10.14535717,603.52,13,7239.12,6239.12
4820,11.36688116,454.67,10,7239.12,6239.12
4821,56.93697554,797.26,11,7239.12,6239.12
4822,18.07448941,387.68,7,7239.12,6239.12
4823,15.57297938,827.99,14,7239.12,6239.12
4824,27.11162781,403.99,9,7239.12,6239.12
4825,36.33096339,835.99,11,7239.12,6239.12
4826,24.247,330.28,10,7239.12,6239.12
4827,19.45046724,322.76,9,7239.12,6239.12
4828,18.81908004,931.01,12,7239.12,6239.12
4829,21.2126173,358.55,10,7239.12,6239.12
4830,23.99869549,390.01,9,7239.12,6239.12
4831,22.5110763,504.28,8,7239.12,6239.12
4832,17.852,389.05,8,7239.12,6239.12
4833,16.92168492,320.72,8,7239.12,6239.12
4834,17.85060722,363.32,8,7239.12,6239.12
4835,38.81056717,550.82,10,7239.12,6239.12
4836,30.12523191,448.06,9,7239.12,6239.12
4837,15.80663675,403.38,8,7239.12,6239.12
4838,27.67678921,487.13,7,7239.12,6239.12
4839,34.49427263,527.89,8,7239.12,6239.12
4840,11.43129804,308.76,11,7239.12,6239.12
4841,14.04370012,430.14,11,7239.12,6239.12
4842,15.47893838,398.18,10,7239.12,6239.12
4843,13.998,458.89,11,7239.12,6239.12
4844,25.72,1030.43,8,7239.12,6239.12
4845,30.68170624,311.45,11,7239.12,6239.12
4846,42.64655027,530.28,9,7239.12,6239.12
4847,11.88023471,289.55,9,7239.12,6239.12
4848,14.9555345,333.42,10,7239.12,6239.12
4849,19.97422047,528.42,9,7239.12,6239.12
4850,24.55170047,886.94,8,7239.12,6239.12
4851,14.13386362,374.57,10,7239.12,6239.12
4852,23.615,404.88,13,7239.12,6239.12
4853,8.291523511,388.23,9,7239.12,6239.12
4854,22.11949148,452.84,16,7239.12,6239.12
4855,16.44282758,492.66,11,7239.12,6239.12
4856,26.69144739,409.3,7,7239.12,6239.12
4857,13.2252885,378.76,11,7239.12,6239.12
4858,14.74303242,387.15,7,7239.12,6239.12
4859,18.65956488,396.84,8,7239.12,6239.12
4860,9.758468386,411.21,11,7239.12,6239.12
4861,13.88088458,361.55,12,7239.12,6239.12
4862,23.77863858,769.17,12,7239.12,6239.12
4863,34.08588122,460.94,12,7239.12,6239.12
4864,34.84418108,548.45,10,7239.12,6239.12
4865,13.36624029,581.49,10,7239.12,6239.12
4866,33.90202224,386.99,20,7239.12,6239.12
4867,15.5318009,270.26,10,7239.12,6239.12
4868,37.15191306,377.43,10,7239.12,6239.12
4869,18.91678684,447.43,11,7239.12,6239.12
4870,11.6109834,488.5,8,7239.12,6239.12
4871,15.33196083,469.92,8,7239.12,6239.12
4872,41.248,412.48,13,7239.12,6239.12
4873,31.96927206,555.65,11,7239.12,6239.12
4874,23.06884048,582.48,10,7239.12,6239.12
4875,11.509,351.62,6,7239.12,6239.12
4876,13.76949763,356.02,7,7239.12,6239.12
4877,22.04328658,430.61,10,7239.12,6239.12
4878,15.03809226,405.04,8,7239.12,6239.12
4879,13.49807647,554.43,9,7239.12,6239.12
4880,34.59035541,429.54,8,7239.12,6239.12
4881,18.13964244,376.52,8,7239.12,6239.12
4882,26.5765262,522.84,10,7239.12,6239.12
4883,28.82291986,497.89,8,7239.12,6239.12
4884,10.53478732,360.63,12,7239.12,6239.12
4885,36.60686998,395.27,9,7239.12,6239.12
4886,18.08604516,465.24,8,7239.12,6239.12
4887,39.90825344,532.42,7,7239.12,6239.12
4888,20.05516446,347.8,7,7239.12,6239.12
4889,8.945479701,457.01,10,7239.12,6239.12
4890,23.17966637,409.04,8,7239.12,6239.12
4891,7.189141677,305.97,11,7239.12,6239.12
4892,16.62240004,389.11,10,7239.12,6239.12
4893,20.00065851,378,10,7239.12,6239.12
4894,39.46954542,572.19,10,7239.12,6239.12
4895,21.937,412.08,9,7239.12,6239.12
4896,17.92860324,426.69,10,7239.12,6239.12
4897,8.768,380.2,12,7239.12,6239.12
4898,19.17966684,281.33,10,7239.12,6239.12
4899,14.30614535,618.19,10,7239.12,6239.12
4900,28.14196277,338.03,9,7239.12,6239.12
4901,23.22461254,376.21,8,7239.12,6239.12
4902,17.6283735,538.42,8,7239.12,6239.12
4903,11.87285887,557.17,11,7239.12,6239.12
4904,15.22834439,301.64,9,7239.12,6239.12
4905,9.415812538,470.76,6,7239.12,6239.12
4906,10.9321728,344.58,7,7239.12,6239.12
4907,14.07116524,448.35,11,7239.12,6239.12
4908,20.31543115,385.53,6,7239.12,6239.12
4909,11.85225376,401.53,9,7239.12,6239.12
4910,11.00273399,716.75,7,7239.12,6239.12
4911,18.08146477,544.6,9,7239.12,6239.12
4912,13.16610929,354.72,8,7239.12,6239.12
4913,16.48484107,666.08,7,7239.12,6239.12
4914,18.67415711,563.03,9,7239.12,6239.12
4915,21.39666495,407.2,12,7239.12,6239.12
4916,18.59240137,377.02,11,7239.12,6239.12
4917,19.20680105,645.38,9,7239.12,6239.12
4918,15.42463948,409.37,8,7239.12,6239.12
4919,25.3018809,477.95,8,7239.12,6239.12
4920,18.66496886,496.91,8,7239.12,6239.12
4921,42.76838825,502.21,11,7239.12,6239.12
4922,5.688633908,372.57,9,7239.12,6239.12
4923,11.91449991,470.34,11,7239.12,6239.12
4924,17.58655585,373.28,7,7239.12,6239.12
4925,10.9379912,593.31,9,7239.12,6239.12
4926,22.31918165,269.77,12,7239.12,6239.12
4927,20.12379955,322.78,7,7239.12,6239.12
4928,29.34619555,395.17,13,7239.12,6239.12
4929,13.84634282,651.99,13,7239.12,6239.12
4930,14.49534537,450.53,11,7239.12,6239.12
4931,21.03566009,639.66,7,7239.12,6239.12
4932,18.79076319,450.89,9,7239.12,6239.12
4933,9.489512766,311.75,7,7239.12,6239.12
4934,30.90915457,447,10,7239.12,6239.12
4935,13.38429006,388.26,8,7239.12,6239.12
4936,15.85483341,284.71,8,7239.12,6239.12
4937,10.68467925,669.58,12,7239.12,6239.12
4938,13.07553233,395.04,10,7239.12,6239.12
4939,12.66335706,505.52,9,7239.12,6239.12
4940,21.6373917,503.21,9,7239.12,6239.12
4941,9.844428705,543.9,7,7239.12,6239.12
4942,17.95871088,380.9,11,7239.12,6239.12
4943,10.75123781,374.78,8,7239.12,6239.12
4944,15.43445382,335.38,13,7239.12,6239.12
4945,42.94948677,551.48,8,7239.12,6239.12
4946,9.924323768,280.46,12,7239.12,6239.12
4947,20.75047862,325.16,8,7239.12,6239.12
4948,23.85356317,432,10,7239.12,6239.12
4949,26.16500098,584.86,10,7239.12,6239.12
4950,20.01027858,454.42,7,7239.12,6239.12
4951,19.73864802,407.14,6,7239.12,6239.12
4952,22.32482835,534.12,9,7239.12,6239.12
4953,23.09781611,302.55,7,7239.12,6239.12
4954,16.40974097,434.03,9,7239.12,6239.12
4955,13.34970988,314.51,10,7239.12,6239.12
4956,16.17093555,360.59,9,7239.12,6239.12
4957,16.97899584,366.28,10,7239.12,6239.12
4958,16.69165446,402.05,8,7239.12,6239.12
4959,14.106,311.79,7,7239.12,6239.12
4960,18.05401374,426.1,12,7239.12,6239.12
4961,14.58260666,434.67,9,7239.12,6239.12
4962,17.12730668,656.75,8,7239.12,6239.12
4963,15.70208962,332.27,9,7239.12,6239.12
4964,11.04739517,474.07,13,7239.12,6239.12
4965,16.30745547,496.48,10,7239.12,6239.12
4966,35.573,438.29,13,7239.12,6239.12
4967,25.55326838,373.14,8,7239.12,6239.12
4968,24.28587879,691.84,9,7239.12,6239.12
4969,42.721,552.71,13,7239.12,6239.12
4970,24.58315684,344.1,10,7239.12,6239.12
4971,15.97467225,413.92,8,7239.12,6239.12
4972,13.68541749,460.71,9,7239.12,6239.12
4973,26.81158996,457.58,9,7239.12,6239.12
4974,19.93529387,851.56,10,7239.12,6239.12
4975,89.73445889,992.84,9,7239.12,6239.12
4976,18.15398622,482.27,13,7239.12,6239.12
4977,10.09650699,500.36,12,7239.12,6239.12
4978,19.35589257,492.07,9,7239.12,6239.12
4979,10.808,246.65,9,7239.12,6239.12
4980,15.743,344.19,8,7239.12,6239.12
4981,23.87943802,446.13,9,7239.12,6239.12
4982,17.40397578,527.52,11,7239.12,6239.12
4983,24.17288218,257.33,7,7239.12,6239.12
4984,19.64328712,393.27,11,7239.12,6239.12
4985,11.24369422,508.77,9,7239.12,6239.12
4986,16.15413549,464.51,7,7239.12,6239.12
4987,33.92836021,405.35,9,7239.12,6239.12
4988,15.75324597,972.21,8,7239.12,6239.12
4989,14.43387132,570.48,11,7239.12,6239.12
4990,25.53359447,463.08,11,7239.12,6239.12
4991,15.27196828,500.18,7,7239.12,6239.12
4992,12.07586439,427.04,9,7239.12,6239.12
4993,12.61270019,570.9,9,7239.12,6239.12
4994,14.65618886,380.32,7,7239.12,6239.12
4995,18.91550709,723.73,8,7239.12,6239.12
4996,21.52533063,377.45,10,7239.12,6239.12
4997,28.97272268,395.44,8,7239.12,6239.12
4998,12.28975436,328.26,9,7239.12,6239.12
4999,23.40787966,409.77,13,7239.12,6239.12
5000,33.03910646,578.3,15,7239.12,6239.12
5001,16.50334207,314.35,11,7239.12,6239.12
5002,13.89288514,399.85,7,7239.12,6239.12
5003,49.35937209,636.42,8,7239.12,6239.12
5004,27.01402752,403.26,7,7239.12,6239.12
5005,24.08225094,448.32,10,7239.12,6239.12
5006,29.771,375.03,9,7239.12,6239.12
5007,9.722323692,422.86,9,7239.12,6239.12
5008,35.99962127,418.24,13,7239.12,6239.12
5009,14.79873497,449.91,9,7239.12,6239.12
5010,11.20796334,427.28,9,7239.12,6239.12
5011,13.66257169,297.91,11,7239.12,6239.12
5012,14.28349358,517.96,9,7239.12,6239.12
5013,30.44358636,492.13,11,7239.12,6239.12
5014,11.61777904,473.78,8,7239.12,6239.12
5015,10.17432754,370.48,10,7239.12,6239.12
5016,12.08560602,630.66,11,7239.12,6239.12
5017,15.96538463,617.3,8,7239.12,6239.12
5018,18.225,488.96,8,7239.12,6239.12
5019,66.16,661.6,13,7239.12,6239.12
5020,18.74995457,459.19,10,7239.12,6239.12
5021,19.6021166,343.98,9,7239.12,6239.12
5022,11.59203235,478.13,8,7239.12,6239.12
5023,8.795093097,367.52,11,7239.12,6239.12
5024,18.93341652,497.68,9,7239.12,6239.12
5025,20.31993502,424.05,9,7239.12,6239.12
5026,26.89292409,480.59,14,7239.12,6239.12
5027,24.301,450.35,10,7239.12,6239.12
5028,19.01284458,489.62,9,7239.12,6239.12
5029,30.619,514.75,12,7239.12,6239.12
5030,15.52881715,476.23,8,7239.12,6239.12
5031,29.16552346,372.05,9,7239.12,6239.12
5032,8.535724372,307,11,7239.12,6239.12
5033,38.64095127,455.6,11,7239.12,6239.12
5034,22.50033681,733.66,12,7239.12,6239.12
5035,19.803,462.8,11,7239.12,6239.12
5036,17.05149533,548.07,11,7239.12,6239.12
5037,14.25022863,483.04,9,7239.12,6239.12
5038,17.30463212,355.91,10,7239.12,6239.12
5039,14.6022484,332.98,7,7239.12,6239.12
5040,18.34879644,685.22,17,7239.12,6239.12
5041,15.00311486,256,8,7239.12,6239.12
5042,32.36,323.6,8,7239.12,6239.12
5043,9.439,295.95,9,7239.12,6239.12
5044,28.97542555,408.2,8,7239.12,6239.12
5045,11.75818541,506.08,9,7239.12,6239.12
5046,19.55366238,389.6,10,7239.12,6239.12
5047,15.95104437,417.43,10,7239.12,6239.12
5048,17.45162662,253.23,8,7239.12,6239.12
5049,16.8792501,390.01,11,7239.12,6239.12
5050,10.02026174,387.48,11,7239.12,6239.12
5051,27.74392836,293.7,7,7239.12,6239.12
5052,5.57398997,242.32,8,7239.12,6239.12
5053,14.05,309.83,9,7239.12,6239.12
5054,19.54841841,298,7,7239.12,6239.12
5055,9.657396034,484.33,8,7239.12,6239.12
5056,14.50327289,403.03,10,7239.12,6239.12
5057,14.98525612,378.09,11,7239.12,6239.12
5058,15.92576073,404.56,8,7239.12,6239.12
5059,30.68201089,922.74,13,7239.12,6239.12
5060,10.47845551,407.89,13,7239.12,6239.12
5061,10.27306408,404,9,7239.12,6239.12
5062,19.56287353,440.91,9,7239.12,6239.12
5063,14.90025354,334.39,7,7239.12,6239.12
5064,24.03026775,378.34,8,7239.12,6239.12
5065,21.6173764,384.88,8,7239.12,6239.12
5066,13.734,405.91,11,7239.12,6239.12
5067,36.14866307,426.25,11,7239.12,6239.12
5068,19.88422628,378.45,11,7239.12,6239.12
5069,36.53987846,540.56,9,7239.12,6239.12
5070,9.189317817,394.56,10,7239.12,6239.12
5071,18.982,546.46,11,7239.12,6239.12
5072,25.81850497,496.81,9,7239.12,6239.12
5073,27.72711462,366.68,8,7239.12,6239.12
5074,12.02968931,344.68,11,7239.12,6239.12
5075,14.07550805,369.61,9,7239.12,6239.12
5076,49.13814192,522.25,7,7239.12,6239.12
5077,18.09529237,502.92,10,7239.12,6239.12
5078,14.61620239,534.82,9,7239.12,6239.12
5079,20.42440722,402.61,9,7239.12,6239.12
5080,17.16523474,421.8,10,7239.12,6239.12
5081,15.37455421,425.31,8,7239.12,6239.12
5082,20.074,542.03,7,7239.12,6239.12
5083,38.98834678,469.65,10,7239.12,6239.12
5084,19.9004329,380.86,14,7239.12,6239.12
5085,22.16743748,869.95,7,7239.12,6239.12
5086,14.59853302,306.15,9,7239.12,6239.12
5087,13.83634142,477.91,8,7239.12,6239.12
5088,12.44157436,614.36,11,7239.12,6239.12
5089,8.397225395,584.66,12,7239.12,6239.12
5090,11.42165266,602.25,10,7239.12,6239.12
5091,36.94087566,702.15,8,7239.12,6239.12
5092,12.98874791,321.72,7,7239.12,6239.12
5093,15.8229719,368.03,13,7239.12,6239.12
5094,13.91588158,505.07,9,7239.12,6239.12
5095,18.89,306.15,9,7239.12,6239.12
5096,12.28085404,485.51,17,7239.12,6239.12
5097,14.32212678,546.28,9,7239.12,6239.12
5098,9.651523738,409.04,11,7239.12,6239.12
5099,23.9747223,441.6,9,7239.12,6239.12
5100,13.64710282,941.53,10,7239.12,6239.12
5101,16.99479012,401.23,10,7239.12,6239.12
5102,13.97871032,467.53,9,7239.12,6239.12
5103,32.50221971,419.61,10,7239.12,6239.12
5104,15.24630794,280.93,11,7239.12,6239.12
5105,12.68688761,430.06,9,7239.12,6239.12
5106,27.63896061,315.8,8,7239.12,6239.12
5107,23.15372262,357.15,9,7239.12,6239.12
5108,31.08034429,695.46,11,7239.12,6239.12
5109,29.43688218,477.06,8,7239.12,6239.12
5110,26.51051641,560.4,9,7239.12,6239.12
5111,42.22440035,456.64,10,7239.12,6239.12
5112,51.696,516.96,12,7239.12,6239.12
5113,32.92367454,393.27,9,7239.12,6239.12
5114,13.3167105,308.47,8,7239.12,6239.12
5115,19.18376533,481.74,8,7239.12,6239.12
5116,30.10812756,317.99,8,7239.12,6239.12
5117,25.5727186,391.37,11,7239.12,6239.12
5118,18.37162716,273.3,8,7239.12,6239.12
5119,28.53899873,494.07,11,7239.12,6239.12
5120,8.570187344,342.43,9,7239.12,6239.12
5121,40.97014814,824.43,10,7239.12,6239.12
5122,26.63274114,321.53,8,7239.12,6239.12
5123,15.03132766,513.64,10,7239.12,6239.12
5124,13.60751537,492.49,7,7239.12,6239.12
5125,21.21052007,436.57,12,7239.12,6239.12
5126,15.16803273,338.1,12,7239.12,6239.12
5127,14.32169845,387.4,12,7239.12,6239.12
5128,18.11423698,524.96,9,7239.12,6239.12
5129,23.07332684,505.77,10,7239.12,6239.12
5130,22.89036731,409.44,9,7239.12,6239.12
5131,16.66967719,414.14,9,7239.12,6239.12
5132,28.71282056,336.23,11,7239.12,6239.12
5133,16.3087276,434.29,10,7239.12,6239.12
5134,15.48596672,328.42,8,7239.12,6239.12
5135,16.61205715,270.5,11,7239.12,6239.12
5136,21.83900033,541.29,11,7239.12,6239.12
5137,20.10646933,273.84,10,7239.12,6239.12
5138,37.85391343,408.58,12,7239.12,6239.12
5139,18.51469447,485.94,8,7239.12,6239.12
5140,20.11425333,610.54,9,7239.12,6239.12
5141,16.10771041,424.65,11,7239.12,6239.12
5142,16.71530348,414.91,13,7239.12,6239.12
5143,11.92449849,577.55,8,7239.12,6239.12
5144,17.69439396,483.29,9,7239.12,6239.12
5145,16.95908628,406.55,8,7239.12,6239.12
5146,27.86837796,365.87,9,7239.12,6239.12
5147,12.83444736,383.2,9,7239.12,6239.12
5148,20.66967988,347.54,9,7239.12,6239.12
5149,11.97168974,561.07,12,7239.12,6239.12
5150,22.32981591,372.19,9,7239.12,6239.12
5151,24.15062821,410.58,10,7239.12,6239.12
5152,8.656047803,486.16,7,7239.12,6239.12
5153,11.41218024,469.35,8,7239.12,6239.12
5154,12.1864709,427.63,16,7239.12,6239.12
5155,31.80603395,556.01,7,7239.12,6239.12
5156,15.18744119,414.62,8,7239.12,6239.12
5157,15.53519367,337.37,8,7239.12,6239.12
5158,14.80884636,414.83,10,7239.12,6239.12
5159,25.94785642,335.05,9,7239.12,6239.12
5160,35.19880011,382.53,9,7239.12,6239.12
5161,44.40965885,632.66,12,7239.12,6239.12
5162,26.94807711,313.01,7,7239.12,6239.12
5163,34.86926611,502.71,19,7239.12,6239.12
5164,29.8954041,814.01,9,7239.12,6239.12
5165,20.339,372.01,12,7239.12,6239.12
5166,19.53323287,360.07,9,7239.12,6239.12
5167,19.64412555,334.46,7,7239.12,6239.12
5168,10.69231209,452.88,9,7239.12,6239.12
5169,28.07275165,382.82,11,7239.12,6239.12
5170,23.71603782,334.14,9,7239.12,6239.12
5171,41.78294419,418.03,9,7239.12,6239.12
5172,17.83583454,536.6,7,7239.12,6239.12
5173,12.11442201,386.02,10,7239.12,6239.12
5174,18.14030621,386.14,8,7239.12,6239.12
5175,15.60449176,567.09,10,7239.12,6239.12
5176,21.28104791,574.06,12,7239.12,6239.12
5177,14.11639738,479.55,10,7239.12,6239.12
5178,41.19883636,627.38,9,7239.12,6239.12
5179,32.69491208,593.89,9,7239.12,6239.12
5180,21.4087957,848.16,8,7239.12,6239.12
5181,33.73588033,453.34,10,7239.12,6239.12
5182,10.52032289,373.57,8,7239.12,6239.12
5183,20.31472696,486.04,9,7239.12,6239.12
5184,22.04165449,753.79,11,7239.12,6239.12
5185,10.13774775,511.32,10,7239.12,6239.12
5186,17.11064304,773.84,9,7239.12,6239.12
5187,17.3320577,521.74,11,7239.12,6239.12
5188,15.63725791,408.22,8,7239.12,6239.12
5189,12.2441048,361.64,11,7239.12,6239.12
5190,19.30113012,389.74,9,7239.12,6239.12
5191,21.456,444.32,8,7239.12,6239.12
5192,27.1788854,525.16,14,7239.12,6239.12
5193,52.80852849,528.55,13,7239.12,6239.12
5194,10.10399732,509.47,11,7239.12,6239.12
5195,29.564,295.64,9,7239.12,6239.12
5196,8.376231142,385.88,9,7239.12,6239.12
5197,22.85623916,390.22,9,7239.12,6239.12
5198,14.92868783,318.89,8,7239.12,6239.12
5199,22.15674338,705.36,12,7239.12,6239.12
5200,22.54331657,325.53,10,7239.12,6239.12
5201,21.66648665,496.49,12,7239.12,6239.12
5202,12.53908316,547.78,9,7239.12,6239.12
5203,15.14249633,502.76,8,7239.12,6239.12
5204,16.28251659,466.96,11,7239.12,6239.12
5205,22.11610182,473.21,12,7239.12,6239.12
5206,12.39995083,544.71,10,7239.12,6239.12
5207,15.00140878,473.86,11,7239.12,6239.12
5208,9.315437612,602.23,9,7239.12,6239.12
5209,11.03294597,355.23,8,7239.12,6239.12
5210,16.61100797,286.51,9,7239.12,6239.12
5211,26.18954606,462.93,9,7239.12,6239.12
5212,23.14247432,471.7,10,7239.12,6239.12
5213,9.523442829,346.28,13,7239.12,6239.12
5214,31.34013288,564.16,9,7239.12,6239.12
5215,32.67701144,459.71,8,7239.12,6239.12
5216,24.36486934,488.07,11,7239.12,6239.12
5217,38.7851858,560.38,10,7239.12,6239.12
5218,17.72221009,359.64,8,7239.12,6239.12
5219,68.85747442,783.24,12,7239.12,6239.12
5220,17.131,291.12,9,7239.12,6239.12
5221,27.78611484,357.17,8,7239.12,6239.12
5222,31.08449592,403.1,11,7239.12,6239.12
5223,13.28836831,360,12,7239.12,6239.12
5224,11.85444344,442.85,10,7239.12,6239.12
5225,10.92155158,433.46,12,7239.12,6239.12
5226,8.366509114,342.03,10,7239.12,6239.12
5227,13.88184776,542.19,11,7239.12,6239.12
5228,14.45265411,378.62,10,7239.12,6239.12
5229,13.4817217,374.92,9,7239.12,6239.12
5230,14.01424371,389.55,13,7239.12,6239.12
5231,33.63989693,621.45,8,7239.12,6239.12
5232,13.41593412,426.31,14,7239.12,6239.12
5233,16.09371969,295.78,11,7239.12,6239.12
5234,29.58753012,395.39,7,7239.12,6239.12
5235,21.98313149,344.92,8,7239.12,6239.12
5236,9.018675987,253.91,8,7239.12,6239.12
5237,31.38955312,513.26,14,7239.12,6239.12
5238,13.42223969,402.04,9,7239.12,6239.12
5239,24.8260809,1105.56,13,7239.12,6239.12
5240,19.10194102,418.84,10,7239.12,6239.12
5241,11.86130752,345.45,13,7239.12,6239.12
5242,10.761,310.51,10,7239.12,6239.12
5243,13.66969614,286.96,10,7239.12,6239.12
5244,18.96,334.63,12,7239.12,6239.12
5245,33.53318527,351.8,8,7239.12,6239.12
5246,15.32151637,336.85,8,7239.12,6239.12
5247,12.65994882,373.37,8,7239.12,6239.12
5248,38.04989296,598.97,11,7239.12,6239.12
5249,18.19295794,458.66,12,7239.12,6239.12
5250,23.05924229,421.32,10,7239.12,6239.12
5251,12.85574652,339.09,10,7239.12,6239.12
5252,19.13429302,345.86,11,7239.12,6239.12
5253,21.90193402,356.27,10,7239.12,6239.12
5254,42.37205524,704.16,8,7239.12,6239.12
5255,21.97207486,535.51,11,7239.12,6239.12
5256,29.79254574,457.27,8,7239.12,6239.12
5257,19.26279177,310.94,9,7239.12,6239.12
5258,24.38460431,377.18,7,7239.12,6239.12
5259,17.70783794,365.14,10,7239.12,6239.12
5260,19.26373648,383.41,12,7239.12,6239.12
5261,13.74128942,504.82,7,7239.12,6239.12
5262,11.70758434,442.11,12,7239.12,6239.12
5263,17.97659105,409.59,7,7239.12,6239.12
5264,28.21067386,544.22,14,7239.12,6239.12
5265,19.96752201,417.1,13,7239.12,6239.12
5266,14.77463103,685.08,12,7239.12,6239.12
5267,20.35942285,517.28,9,7239.12,6239.12
5268,15.62627499,376.77,12,7239.12,6239.12
5269,13.30166351,395.65,10,7239.12,6239.12
5270,20.34247988,386.2,8,7239.12,6239.12
5271,34.50922885,461.24,7,7239.12,6239.12
5272,18.7373748,461.81,11,7239.12,6239.12
5273,43.53958232,448.24,7,7239.12,6239.12
5274,14.13198306,376.12,9,7239.12,6239.12
5275,12.56106284,742.86,9,7239.12,6239.12
5276,14.26722743,287.79,9,7239.12,6239.12
5277,59.843,598.43,8,7239.12,6239.12
5278,63.289,632.89,10,7239.12,6239.12
5279,22.91041577,388.7,9,7239.12,6239.12
5280,14.3131084,388.26,9,7239.12,6239.12
5281,14.14094956,580.66,8,7239.12,6239.12
5282,6.979744695,433.32,8,7239.12,6239.12
5283,33.615,387.25,8,7239.12,6239.12
5284,27.818,381.7,7,7239.12,6239.12
5285,29.27731523,488.5,7,7239.12,6239.12
5286,14.59339632,612.23,8,7239.12,6239.12
5287,21.949,456.27,10,7239.12,6239.12
5288,43.43672124,535.11,8,7239.12,6239.12
5289,23.199433,396.07,10,7239.12,6239.12
5290,39.68855779,566.32,6,7239.12,6239.12
5291,11.66049618,347.41,9,7239.12,6239.12
5292,13.17914446,349.36,16,7239.12,6239.12
5293,13.22797375,361.79,11,7239.12,6239.12
5294,16.79811158,459,11,7239.12,6239.12
5295,21.561,341.23,8,7239.12,6239.12
5296,18.61122679,313.3,8,7239.12,6239.12
5297,6.39879713,294.64,11,7239.12,6239.12
5298,14.39682971,604.52,12,7239.12,6239.12
5299,14.8267038,684.8,16,7239.12,6239.12
5300,25.06658929,487.74,11,7239.12,6239.12
5301,15.70798118,419.29,9,7239.12,6239.12
5302,26.39536096,329.1,9,7239.12,6239.12
5303,25.93580481,389.98,10,7239.12,6239.12
5304,18.60727854,546.97,12,7239.12,6239.12
5305,12.94998602,347.57,13,7239.12,6239.12
5306,25.66220868,454.76,10,7239.12,6239.12
5307,10.61740653,603.36,6,7239.12,6239.12
5308,15.51736368,341.09,13,7239.12,6239.12
5309,25.13080527,634.63,10,7239.12,6239.12
5310,17.83,462.2,7,7239.12,6239.12
5311,14.51800904,484.18,11,7239.12,6239.12
5312,10.12409988,459.46,7,7239.12,6239.12
5313,16.10496486,509.62,8,7239.12,6239.12
5314,25.55232592,436.03,10,7239.12,6239.12
5315,8.875975428,285.11,7,7239.12,6239.12
5316,16.98013313,330.34,11,7239.12,6239.12
5317,20.65993464,341.31,9,7239.12,6239.12
5318,12.14169074,367.05,11,7239.12,6239.12
5319,12.48535125,417.21,16,7239.12,6239.12
5320,20.84250803,470.09,13,7239.12,6239.12
5321,12.69971496,571.19,11,7239.12,6239.12
5322,21.57906617,447.33,9,7239.12,6239.12
5323,16.50013109,356.31,10,7239.12,6239.12
5324,13.33905721,341.74,15,7239.12,6239.12
5325,14.685,399.76,8,7239.12,6239.12
5326,25.939,301.34,10,7239.12,6239.12
5327,9.572379555,365.47,9,7239.12,6239.12
5328,16.29148501,457.75,12,7239.12,6239.12
5329,50.404,601.18,9,7239.12,6239.12
5330,42.06133418,465.64,8,7239.12,6239.12
5331,16.90455193,343.11,10,7239.12,6239.12
5332,45.41384456,514.28,10,7239.12,6239.12
5333,9.37395005,300.58,10,7239.12,6239.12
5334,15.63528981,411.14,12,7239.12,6239.12
5335,16.8920508,367.77,12,7239.12,6239.12
5336,17.19350814,336.25,8,7239.12,6239.12
5337,16.82688068,580.25,10,7239.12,6239.12
5338,25.9622166,276.09,7,7239.12,6239.12
5339,19.12999215,448.42,10,7239.12,6239.12
5340,22.33551012,449.08,7,7239.12,6239.12
5341,11.92939571,432.73,10,7239.12,6239.12
5342,19.83977948,425.91,13,7239.12,6239.12
5343,33.99285327,488.96,8,7239.12,6239.12
5344,21.28303702,734.65,11,7239.12,6239.12
5345,21.18694908,575.66,9,7239.12,6239.12
5346,11.26019889,683.69,10,7239.12,6239.12
5347,23.98353203,290.79,12,7239.12,6239.12
5348,21.26708719,623.4,11,7239.12,6239.12
5349,21.7757976,560.68,9,7239.12,6239.12
5350,11.49435803,515.13,10,7239.12,6239.12
5351,20.49260512,368.98,9,7239.12,6239.12
5352,10.24530326,360.15,9,7239.12,6239.12
5353,15.76048315,753.66,9,7239.12,6239.12
5354,11.17421378,248.68,11,7239.12,6239.12
5355,10.06508798,314.37,10,7239.12,6239.12
5356,11.9529073,487.41,9,7239.12,6239.12
5357,28.19668216,802.94,10,7239.12,6239.12
5358,10.4362572,483.11,9,7239.12,6239.12
5359,19.3727394,415.13,12,7239.12,6239.12
5360,28.03464043,467.86,14,7239.12,6239.12
5361,14.72788113,424.73,9,7239.12,6239.12
5362,14.41904839,464.52,10,7239.12,6239.12
5363,18.291,450.93,9,7239.12,6239.12
5364,21.05773057,511.41,10,7239.12,6239.12
5365,21.74265795,578.21,8,7239.12,6239.12
5366,8.836696896,576.28,12,7239.12,6239.12
5367,7.453063165,400.18,10,7239.12,6239.12
5368,10.28474957,377.91,8,7239.12,6239.12
5369,15.57249478,380.49,7,7239.12,6239.12
5370,12.7935967,285.31,11,7239.12,6239.12
5371,22.98772675,434.16,12,7239.12,6239.12
5372,44.44990646,651.04,11,7239.12,6239.12
5373,14.15436547,510.52,11,7239.12,6239.12
5374,19.56854546,433.81,9,7239.12,6239.12
5375,10.46884835,528.28,12,7239.12,6239.12
5376,20.0675925,445.93,12,7239.12,6239.12
5377,34.0047023,567.82,12,7239.12,6239.12
5378,23.7457645,523.66,14,7239.12,6239.12
5379,18.08755706,632.91,13,7239.12,6239.12
5380,11.65327468,294.6,11,7239.12,6239.12
5381,29.63302276,798.93,8,7239.12,6239.12
5382,15.87051619,432.49,10,7239.12,6239.12
5383,17.8871019,304.07,9,7239.12,6239.12
5384,18.70733479,479.16,11,7239.12,6239.12
5385,10.85492955,342.65,9,7239.12,6239.12
5386,12.52853603,280.09,8,7239.12,6239.12
5387,11.743,395.02,12,7239.12,6239.12
5388,9.35395164,543.64,8,7239.12,6239.12
5389,18.39726752,403.43,8,7239.12,6239.12
5390,9.339130141,464.88,11,7239.12,6239.12
5391,14.96021546,463.27,12,7239.12,6239.12
5392,13.06937193,389.35,7,7239.12,6239.12
5393,10.02925512,284.13,10,7239.12,6239.12
5394,14.85130348,396.61,8,7239.12,6239.12
5395,51.52763727,560.26,13,7239.12,6239.12
5396,20.589,358.55,13,7239.12,6239.12
5397,21.02639248,384.56,12,7239.12,6239.12
5398,11.78310585,398.63,8,7239.12,6239.12
5399,19.3463192,471.33,8,7239.12,6239.12
5400,18.45447022,369.59,7,7239.12,6239.12
5401,13.12870114,511.37,7,7239.12,6239.12
5402,16.37860739,409.07,8,7239.12,6239.12
5403,15.87808434,467.26,9,7239.12,6239.12
5404,7.284988509,265.74,9,7239.12,6239.12
5405,35.5,532.14,7,7239.12,6239.12
5406,38.10238822,482.14,7,7239.12,6239.12
5407,17.60191061,469.78,12,7239.12,6239.12
5408,16.76803969,391.94,7,7239.12,6239.12
5409,9.775685578,629.43,11,7239.12,6239.12
5410,15.6901385,473.78,7,7239.12,6239.12
5411,7.266,363.7,8,7239.12,6239.12
5412,19.66119947,453.39,7,7239.12,6239.12
5413,11.19229414,527.41,10,7239.12,6239.12
5414,15.957,412.82,10,7239.12,6239.12
5415,18.36223754,472.33,8,7239.12,6239.12
5416,16.76369542,536.74,7,7239.12,6239.12
5417,18.26243551,600.51,14,7239.12,6239.12
5418,17.3906581,418.75,8,7239.12,6239.12
5419,20.40590717,494.44,11,7239.12,6239.12
5420,20.65041518,410.08,8,7239.12,6239.12
5421,10.70779379,291.24,10,7239.12,6239.12
5422,17.49835461,413.04,9,7239.12,6239.12
5423,15.70134403,405.95,9,7239.12,6239.12
5424,10.04283823,471.48,7,7239.12,6239.12
5425,11.6492862,483.81,10,7239.12,6239.12
5426,13.94069502,675.35,10,7239.12,6239.12
5427,19.18784107,376.98,11,7239.12,6239.12
5428,12.5135896,437.39,9,7239.12,6239.12
5429,15.82459558,412.62,11,7239.12,6239.12
5430,11.31600198,283.64,8,7239.12,6239.12
5431,25.03809682,425.15,7,7239.12,6239.12
5432,14.76693707,458.93,11,7239.12,6239.12
5433,15.34227735,586.77,10,7239.12,6239.12
5434,21.51820335,493.35,9,7239.12,6239.12
5435,25.9017912,480.96,9,7239.12,6239.12
5436,14.31659168,406.48,10,7239.12,6239.12
5437,12.32509457,369.16,6,7239.12,6239.12
5438,13.42894994,306.15,8,7239.12,6239.12
5439,19.3858325,724.34,6,7239.12,6239.12
5440,24.50679977,312.44,8,7239.12,6239.12
5441,47.6027244,531.87,7,7239.12,6239.12
5442,21.33249438,620.43,12,7239.12,6239.12
5443,9.612147485,395.29,13,7239.12,6239.12
5444,30.32651059,367.93,11,7239.12,6239.12
5445,12.61871312,361.05,13,7239.12,6239.12
5446,26.62191099,368,11,7239.12,6239.12
5447,12.05214529,532.33,9,7239.12,6239.12
5448,23.99592898,367.47,11,7239.12,6239.12
5449,27.56029729,446.5,9,7239.12,6239.12
5450,27.518,344.81,7,7239.12,6239.12
5451,15.46396079,368.5,9,7239.12,6239.12
5452,12.7009723,467.42,12,7239.12,6239.12
5453,17.74868507,425.26,12,7239.12,6239.12
5454,21.00270802,427.62,9,7239.12,6239.12
5455,15.90982028,341.76,13,7239.12,6239.12
5456,9.730764022,323.3,11,7239.12,6239.12
5457,19.67945298,383.37,8,7239.12,6239.12
5458,37.624,376.26,8,7239.12,6239.12
5459,16.25348105,322.17,9,7239.12,6239.12
5460,18.07545359,478.3,17,7239.12,6239.12
5461,20.38830855,579.75,9,7239.12,6239.12
5462,10.56206346,597.61,7,7239.12,6239.12
5463,33.73716827,640.21,10,7239.12,6239.12
5464,29.53066456,556.75,12,7239.12,6239.12
5465,12.72542446,332.88,11,7239.12,6239.12
5466,24.93359894,339.68,11,7239.12,6239.12
5467,25.2495169,358.87,12,7239.12,6239.12
5468,15.71425484,504.7,9,7239.12,6239.12
5469,19.85016221,501.59,11,7239.12,6239.12
5470,12.95315051,417.28,13,7239.12,6239.12
5471,37.92948,504.83,12,7239.12,6239.12
5472,18.79139141,323.72,8,7239.12,6239.12
5473,10.46214356,529.4,10,7239.12,6239.12
5474,20.85704208,435.44,8,7239.12,6239.12
5475,11.95291277,484.74,8,7239.12,6239.12
5476,22.78388961,560.33,9,7239.12,6239.12
5477,15.90950697,269.41,8,7239.12,6239.12
5478,14.15917665,377.45,8,7239.12,6239.12
5479,23.13138455,273.43,9,7239.12,6239.12
5480,13.07581976,491.15,10,7239.12,6239.12
5481,24.51018874,368.42,7,7239.12,6239.12
5482,16.36616874,726.18,12,7239.12,6239.12
5483,18.43974339,386.32,7,7239.12,6239.12
5484,10.577446,342.93,8,7239.12,6239.12
5485,35.67378513,433.49,7,7239.12,6239.12
5486,19.1220192,390.26,9,7239.12,6239.12
5487,14.66174572,548.03,14,7239.12,6239.12
5488,13.05288282,318.83,9,7239.12,6239.12
5489,18.32177927,557.91,13,7239.12,6239.12
5490,19.14022821,548.45,10,7239.12,6239.12
5491,11.11960511,418.75,11,7239.12,6239.12
5492,18.243,568.09,10,7239.12,6239.12
5493,26.21927026,425.92,11,7239.12,6239.12
5494,17.19106815,594.62,7,7239.12,6239.12
5495,14.70070017,435.73,12,7239.12,6239.12
5496,27.34759919,429.3,8,7239.12,6239.12
5497,21.62160029,343.83,12,7239.12,6239.12
5498,33.417,334.17,10,7239.12,6239.12
5499,23.14187745,243.64,9,7239.12,6239.12
5500,38.641,470.44,9,7239.12,6239.12
5501,15.35373862,428.79,8,7239.12,6239.12
5502,23.51104659,384.26,9,7239.12,6239.12
5503,48.44873981,639.16,10,7239.12,6239.12
5504,38.50775715,429.4,14,7239.12,6239.12
5505,18.66816098,558.01,12,7239.12,6239.12
5506,34.15368931,522.63,10,7239.12,6239.12
5507,16.53998481,444.35,8,7239.12,6239.12
5508,22.40274739,360.28,9,7239.12,6239.12
5509,16.74237552,492.04,10,7239.12,6239.12
5510,12.38936009,444.79,9,7239.12,6239.12
5511,11.77853019,441.73,7,7239.12,6239.12
5512,16.31933506,358.37,8,7239.12,6239.12
5513,10.74257801,499.28,11,7239.12,6239.12
5514,15.59647186,387.09,8,7239.12,6239.12
5515,17.76208494,435.64,10,7239.12,6239.12
5516,14.453,308.11,9,7239.12,6239.12
5517,7.203861415,416.85,12,7239.12,6239.12
5518,18.1617417,362.39,9,7239.12,6239.12
5519,33.99715309,494.39,7,7239.12,6239.12
5520,16.61348784,548.48,7,7239.12,6239.12
5521,23.77498096,406.1,9,7239.12,6239.12
5522,26.93015332,461.72,8,7239.12,6239.12
5523,14.79149712,343.66,10,7239.12,6239.12
5524,40.63495044,519.4,9,7239.12,6239.12
5525,28.98033013,637.66,12,7239.12,6239.12
5526,17.54877709,323.66,9,7239.12,6239.12
5527,20.14790795,374.16,15,7239.12,6239.12
5528,10.7264119,386.05,7,7239.12,6239.12
5529,30.48126205,397.62,12,7239.12,6239.12
5530,12.99293685,462.66,10,7239.12,6239.12
5531,20.69844304,467.47,8,7239.12,6239.12
5532,16.5131868,258.45,10,7239.12,6239.12
5533,18.04396558,441.19,13,7239.12,6239.12
5534,21.08777943,737.02,11,7239.12,6239.12
5535,13.39744271,276.95,8,7239.12,6239.12
5536,7.733721405,409.65,8,7239.12,6239.12
5537,20.82296931,509.15,10,7239.12,6239.12
5538,17.04998184,314.55,9,7239.12,6239.12
5539,13.10081397,662.05,9,7239.12,6239.12
5540,12.92747938,648.49,11,7239.12,6239.12
5541,44.49877046,463.25,12,7239.12,6239.12
5542,8.531782334,353.53,6,7239.12,6239.12
5543,73.02219267,878.53,10,7239.12,6239.12
5544,32.48928004,447.79,13,7239.12,6239.12
5545,26.2186418,413.17,12,7239.12,6239.12
5546,19.57765034,509.71,10,7239.12,6239.12
5547,18.24141013,592.3,8,7239.12,6239.12
5548,13.16530898,421.49,9,7239.12,6239.12
5549,33.39428025,512.04,11,7239.12,6239.12
5550,14.76590409,545.2,11,7239.12,6239.12
5551,22.315,562.75,5,7239.12,6239.12
5552,25.10961355,541.76,9,7239.12,6239.12
5553,5.498362259,402.94,9,7239.12,6239.12
5554,23.26978285,632.24,12,7239.12,6239.12
5555,11.71820146,578.71,8,7239.12,6239.12
5556,7.243763823,421.2,7,7239.12,6239.12
5557,11.50122669,356.93,10,7239.12,6239.12
5558,10.78922412,379.99,9,7239.12,6239.12
5559,101.3380352,1020.17,10,7239.12,6239.12
5560,24.65629745,480.64,10,7239.12,6239.12
5561,18.071,244.83,7,7239.12,6239.12
5562,14.47607552,282.44,9,7239.12,6239.12
5563,13.227,404.13,10,7239.12,6239.12
5564,23.472,302,6,7239.12,6239.12
5565,22.19938427,309.06,10,7239.12,6239.12
5566,32.86520233,573.81,7,7239.12,6239.12
5567,30.63795105,372.15,9,7239.12,6239.12
5568,28.36751304,435.35,9,7239.12,6239.12
5569,26.93883082,616.25,10,7239.12,6239.12
5570,11.51199945,388.02,11,7239.12,6239.12
5571,28.45,504.71,13,7239.12,6239.12
5572,29.08116474,523.55,12,7239.12,6239.12
5573,14.25476619,392.83,18,7239.12,6239.12
5574,10.81940143,304.23,9,7239.12,6239.12
5575,19.557,596.05,10,7239.12,6239.12
5576,23.35103461,382.56,10,7239.12,6239.12
5577,16.80680891,327.6,7,7239.12,6239.12
5578,13.31375722,362.85,10,7239.12,6239.12
5579,13.046,518.09,10,7239.12,6239.12
5580,39.631,396.31,8,7239.12,6239.12
5581,11.86833881,431.51,11,7239.12,6239.12
5582,38.05302284,553.77,9,7239.12,6239.12
5583,25.39101436,564.89,15,7239.12,6239.12
5584,10.67387216,363.82,9,7239.12,6239.12
5585,47.23408491,474.49,9,7239.12,6239.12
5586,44.654,446.54,10,7239.12,6239.12
5587,9.993138357,346.61,9,7239.12,6239.12
5588,10.338,350.34,11,7239.12,6239.12
5589,7.856247939,278.79,7,7239.12,6239.12
5590,17.30533407,490.06,14,7239.12,6239.12
5591,33.79000076,398.82,11,7239.12,6239.12
5592,14.41337769,610.56,11,7239.12,6239.12
5593,11.33349648,434.87,8,7239.12,6239.12
5594,14.59852532,359.35,8,7239.12,6239.12
5595,17.26444544,496.74,12,7239.12,6239.12
5596,8.277527594,362.29,7,7239.12,6239.12
5597,21.86927306,416.17,7,7239.12,6239.12
5598,20.56146926,340.38,11,7239.12,6239.12
5599,26.073,384.93,9,7239.12,6239.12
5600,23.296,384.55,11,7239.12,6239.12
5601,28.15777384,429.04,8,7239.12,6239.12
5602,24.9232904,387.79,8,7239.12,6239.12
5603,9.517906832,415,13,7239.12,6239.12
5604,17.28963417,254.65,13,7239.12,6239.12
5605,8.584957539,613.53,12,7239.12,6239.12
5606,14.42499247,278.55,12,7239.12,6239.12
5607,10.27605365,389.75,10,7239.12,6239.12
5608,24.56649982,372.13,7,7239.12,6239.12
5609,16.12327901,463.93,9,7239.12,6239.12
5610,21.51352102,426.51,8,7239.12,6239.12
5611,17.50241127,364.53,8,7239.12,6239.12
5612,21.89103193,316.3,8,7239.12,6239.12
5613,18.17948352,426.7,10,7239.12,6239.12
5614,14.97437285,431.81,8,7239.12,6239.12
5615,7.889892668,387.83,8,7239.12,6239.12
5616,19.55484339,380.49,10,7239.12,6239.12
5617,9.835662656,404.4,11,7239.12,6239.12
5618,28.32552503,357.09,11,7239.12,6239.12
5619,27.321,394.43,11,7239.12,6239.12
5620,27.178,374.17,10,7239.12,6239.12
5621,18.35116103,336.43,8,7239.12,6239.12
5622,19.46236028,595.7,7,7239.12,6239.12
5623,19.33866417,470.15,11,7239.12,6239.12
5624,28.15762312,381.93,12,7239.12,6239.12
5625,25.83348067,375.85,10,7239.12,6239.12
5626,16.81531046,323.74,12,7239.12,6239.12
5627,34.354,353.12,12,7239.12,6239.12
5628,23.81117835,533.35,14,7239.12,6239.12
5629,8.971774892,423.29,8,7239.12,6239.12
5630,29.309819,503.08,10,7239.12,6239.12
5631,27.40863063,502.91,13,7239.12,6239.12
5632,11.03834966,288.41,17,7239.12,6239.12
5633,13.11413236,612.03,7,7239.12,6239.12
5634,12.10327527,687.28,9,7239.12,6239.12
5635,19.39287681,358.56,8,7239.12,6239.12
5636,37.58105107,474.02,13,7239.12,6239.12
5637,17.907,467.63,8,7239.12,6239.12
5638,18.96634022,406.3,10,7239.12,6239.12
5639,25.72866408,361.05,12,7239.12,6239.12
5640,13.43158885,399.98,8,7239.12,6239.12
5641,21.98133951,410.75,8,7239.12,6239.12
5642,15.77488843,673.74,9,7239.12,6239.12
5643,13.91285997,385.18,10,7239.12,6239.12
5644,51.50401837,560.75,10,7239.12,6239.12
5645,16.50533768,384.29,18,7239.12,6239.12
5646,13.40901725,423.47,9,7239.12,6239.12
5647,11.43866781,269.26,9,7239.12,6239.12
5648,25.459,656.84,11,7239.12,6239.12
5649,17.33521634,444.85,11,7239.12,6239.12
5650,18.1985992,417.03,10,7239.12,6239.12
5651,23.75879417,485.96,8,7239.12,6239.12
5652,24.84080496,467.34,12,7239.12,6239.12
5653,35.35501567,902.26,8,7239.12,6239.12
5654,20.781,490.56,12,7239.12,6239.12
5655,12.81996962,508.51,9,7239.12,6239.12
5656,23.11680979,311.18,13,7239.12,6239.12
5657,18.53220829,301.16,12,7239.12,6239.12
5658,15.78368709,520.16,8,7239.12,6239.12
5659,21.16001036,351.63,10,7239.12,6239.12
5660,18.49173706,505.07,11,7239.12,6239.12
5661,30.08278208,349.04,8,7239.12,6239.12
5662,27.38833724,379.26,9,7239.12,6239.12
5663,13.21880025,334.29,9,7239.12,6239.12
5664,22.71491224,547.97,8,7239.12,6239.12
5665,39.3178276,482.28,9,7239.12,6239.12
5666,10.57920796,367.29,15,7239.12,6239.12
5667,26.90938383,530.46,13,7239.12,6239.12
5668,18.11795312,557.27,12,7239.12,6239.12
5669,10.25135149,341.02,8,7239.12,6239.12
5670,11.25946976,330.57,8,7239.12,6239.12
5671,16.73446558,415.02,9,7239.12,6239.12
5672,8.945049654,509.01,11,7239.12,6239.12
5673,16.79740986,353.31,9,7239.12,6239.12
5674,32.16037911,346.11,8,7239.12,6239.12
5675,8.095568202,574.08,10,7239.12,6239.12
5676,15.90262088,595.48,8,7239.12,6239.12
5677,39.98247711,488.29,9,7239.12,6239.12
5678,17.74468852,669.5,12,7239.12,6239.12
5679,19.71074332,567.59,13,7239.12,6239.12
5680,16.93920335,434.02,11,7239.12,6239.12
5681,17.31082306,336.01,8,7239.12,6239.12
5682,17.67931169,334.05,9,7239.12,6239.12
5683,16.09045129,565.65,9,7239.12,6239.12
5684,14.305,366.07,9,7239.12,6239.12
5685,18.20665061,450.61,16,7239.12,6239.12
5686,19.22377325,369.2,11,7239.12,6239.12
5687,21.81176407,293.88,7,7239.12,6239.12
5688,12.45539915,394.46,12,7239.12,6239.12
5689,18.31930209,500.55,10,7239.12,6239.12
5690,14.88446661,584.9,8,7239.12,6239.12
5691,10.897,433.57,7,7239.12,6239.12
5692,25.86532679,546.18,12,7239.12,6239.12
5693,22.30492671,347.56,9,7239.12,6239.12
5694,31.0445997,441.24,13,7239.12,6239.12
5695,22.16496198,358.51,9,7239.12,6239.12
5696,20.248,388.67,9,7239.12,6239.12
5697,14.97819103,388.38,11,7239.12,6239.12
5698,33.90951382,409.74,7,7239.12,6239.12
5699,12.07327958,365.69,8,7239.12,6239.12
5700,12.05119168,437.68,8,7239.12,6239.12
5701,25.49738323,515.45,10,7239.12,6239.12
5702,15.737,503.94,12,7239.12,6239.12
5703,14.35138799,340.9,9,7239.12,6239.12
5704,20.50218234,252.53,8,7239.12,6239.12
5705,20.39101851,450.98,11,7239.12,6239.12
5706,9.811116436,417.73,10,7239.12,6239.12
5707,21.00389676,431.81,12,7239.12,6239.12
5708,11.55053627,594.69,10,7239.12,6239.12
5709,18.52,357.54,9,7239.12,6239.12
5710,14.80970089,451.2,8,7239.12,6239.12
5711,18.74720388,289.39,8,7239.12,6239.12
5712,14.37310356,485.25,8,7239.12,6239.12
5713,19.33573443,426.93,8,7239.12,6239.12
5714,6.640601085,447.9,8,7239.12,6239.12
5715,13.95225296,317.21,12,7239.12,6239.12
5716,11.96852703,517.69,10,7239.12,6239.12
5717,18.43564712,555.85,10,7239.12,6239.12
5718,38.55012853,787.29,9,7239.12,6239.12
5719,19.147,521.28,8,7239.12,6239.12
5720,19.35004322,309.56,8,7239.12,6239.12
5721,18.57180497,535.7,9,7239.12,6239.12
5722,12.89359578,338.33,11,7239.12,6239.12
5723,27.36215905,389.12,9,7239.12,6239.12
5724,17.7167985,393.36,7,7239.12,6239.12
5725,12.55197514,389.72,8,7239.12,6239.12
5726,18.26827498,463.13,9,7239.12,6239.12
5727,18.1458488,461.98,10,7239.12,6239.12
5728,9.981224584,392.94,13,7239.12,6239.12
5729,32.011,494.73,11,7239.12,6239.12
5730,7.282,298.21,7,7239.12,6239.12
5731,14.89139549,779.55,8,7239.12,6239.12
5732,16.18864466,352.01,8,7239.12,6239.12
5733,33.55621397,586.67,8,7239.12,6239.12
5734,17.07341397,357.99,6,7239.12,6239.12
5735,15.63770462,347.72,7,7239.12,6239.12
5736,14.21090694,355.38,7,7239.12,6239.12
5737,13.76891409,470,10,7239.12,6239.12
5738,22.12768152,343.28,8,7239.12,6239.12
5739,24.89787628,532.7,8,7239.12,6239.12
5740,15.10613456,494.47,8,7239.12,6239.12
5741,15.14616501,298.84,11,7239.12,6239.12
5742,11.71392006,431.52,15,7239.12,6239.12
5743,30.93828273,590.42,8,7239.12,6239.12
5744,16.25307838,225.75,8,7239.12,6239.12
5745,19.43596471,325.82,9,7239.12,6239.12
5746,14.35408616,345.78,10,7239.12,6239.12
5747,10.37404858,481.98,12,7239.12,6239.12
5748,10.64657059,296.08,8,7239.12,6239.12
5749,14.41871904,518.61,10,7239.12,6239.12
5750,21.28423514,716.63,10,7239.12,6239.12
5751,25.765,691.61,12,7239.12,6239.12
5752,13.19684985,362,10,7239.12,6239.12
5753,32.57786268,452.41,8,7239.12,6239.12
5754,19.49423829,479.26,10,7239.12,6239.12
5755,19.42006702,358.51,12,7239.12,6239.12
5756,28.30383295,514,14,7239.12,6239.12
5757,27.34046389,346.11,8,7239.12,6239.12
5758,17.42341007,375.89,9,7239.12,6239.12
5759,17.99842098,354.62,13,7239.12,6239.12
5760,7.76090292,608,8,7239.12,6239.12
5761,12.88110488,436.33,13,7239.12,6239.12
5762,24.11742243,568.81,11,7239.12,6239.12
5763,17.95593826,540.78,10,7239.12,6239.12
5764,17.61958703,518.69,13,7239.12,6239.12
5765,26.46162961,696.74,11,7239.12,6239.12
5766,22.90614938,351.67,9,7239.12,6239.12
5767,23.66675148,640.36,9,7239.12,6239.12
5768,24.75426335,334.6,11,7239.12,6239.12
5769,13.34,470.09,7,7239.12,6239.12
5770,13.53448244,727.27,11,7239.12,6239.12
5771,7.069942409,380.05,14,7239.12,6239.12
5772,18.52292115,546.16,16,7239.12,6239.12
5773,12.39886032,677.58,9,7239.12,6239.12
5774,18.85738079,816.79,10,7239.12,6239.12
5775,21.80705149,447.33,9,7239.12,6239.12
5776,24.91805746,385.35,9,7239.12,6239.12
5777,14.67986507,444.75,14,7239.12,6239.12
5778,25.21604896,423.03,8,7239.12,6239.12
5779,20.44777022,731.67,9,7239.12,6239.12
5780,20.92726916,393.17,10,7239.12,6239.12
5781,8.760246587,398.98,7,7239.12,6239.12
5782,18.76827937,409.73,7,7239.12,6239.12
5783,31.37469619,397.59,9,7239.12,6239.12
5784,21.43752155,377.36,13,7239.12,6239.12
5785,37.92524317,379.37,9,7239.12,6239.12
5786,13.47193322,388.52,7,7239.12,6239.12
5787,13.7111972,367.95,11,7239.12,6239.12
5788,24.39930848,368.3,12,7239.12,6239.12
5789,11.221,849.66,14,7239.12,6239.12
5790,21.23482101,681.38,10,7239.12,6239.12
5791,23.05536748,589.09,12,7239.12,6239.12
5792,11.82021928,400.3,10,7239.12,6239.12
5793,20.71339499,350.44,9,7239.12,6239.12
5794,16.69538659,442.77,12,7239.12,6239.12
5795,16.86099378,256.39,10,7239.12,6239.12
5796,17.22020924,350.46,12,7239.12,6239.12
5797,20.4895506,479.52,9,7239.12,6239.12
5798,22.95576058,286.38,12,7239.12,6239.12
5799,24.15126571,257.31,8,7239.12,6239.12
5800,26.64923039,331.82,9,7239.12,6239.12
5801,9.998373521,437.06,16,7239.12,6239.12
5802,34.258,383.08,12,7239.12,6239.12
5803,10.60230863,655.07,13,7239.12,6239.12
5804,16.57378354,268.97,9,7239.12,6239.12
5805,17.2070773,315.07,12,7239.12,6239.12
5806,23.83688717,417.31,10,7239.12,6239.12
5807,16.54326302,424.63,11,7239.12,6239.12
5808,9.656,561.87,15,7239.12,6239.12
5809,9.390894097,489.66,8,7239.12,6239.12
5810,16.2683327,421.85,9,7239.12,6239.12
5811,14.13580947,411.33,8,7239.12,6239.12
5812,48.60137542,586.57,9,7239.12,6239.12
5813,9.486180458,492.18,13,7239.12,6239.12
5814,18.15342297,378.61,12,7239.12,6239.12
5815,19.40064196,345.74,11,7239.12,6239.12
5816,17.24473513,430.87,10,7239.12,6239.12
5817,8.718711213,542.99,13,7239.12,6239.12
5818,12.38055513,471.47,9,7239.12,6239.12
5819,21.305,250.3,11,7239.12,6239.12
5820,27.1348763,537.2,11,7239.12,6239.12
5821,22.28659807,516.48,11,7239.12,6239.12
5822,26.35693396,474.04,9,7239.12,6239.12
5823,19.44571969,415.1,10,7239.12,6239.12
5824,13.31328228,303.46,11,7239.12,6239.12
5825,8.056131528,356.28,7,7239.12,6239.12
5826,21.31060599,476.67,9,7239.12,6239.12
5827,25.649,334.17,8,7239.12,6239.12
5828,30.91105871,343.56,10,7239.12,6239.12
5829,16.529165,368.24,6,7239.12,6239.12
5830,20.65139343,336.5,8,7239.12,6239.12
5831,24.02771584,743.48,9,7239.12,6239.12
5832,32.25870924,532.63,6,7239.12,6239.12
5833,17.43878794,476.7,8,7239.12,6239.12
5834,19.48647059,274.61,12,7239.12,6239.12
5835,22.57423171,329.69,9,7239.12,6239.12
5836,14.45134657,402.16,10,7239.12,6239.12
5837,16.01889464,479.11,12,7239.12,6239.12
5838,18.24776364,447.77,8,7239.12,6239.12
5839,11.369,430.2,14,7239.12,6239.12
5840,21.91828862,737.5,10,7239.12,6239.12
5841,18.34925082,322.2,13,7239.12,6239.12
5842,13.291,458.08,8,7239.12,6239.12
5843,21.83634268,459.06,10,7239.12,6239.12
5844,10.42443712,382.9,12,7239.12,6239.12
5845,21.72695224,371.98,11,7239.12,6239.12
5846,21.01357922,558.36,12,7239.12,6239.12
5847,26.83768549,373.28,9,7239.12,6239.12
5848,18.69826086,350.41,9,7239.12,6239.12
5849,22.92014049,464.68,15,7239.12,6239.12
5850,14.47629716,449.92,8,7239.12,6239.12
5851,12.12699026,494.43,7,7239.12,6239.12
5852,7.079337869,264.67,9,7239.12,6239.12
5853,20.22008575,540.52,11,7239.12,6239.12
5854,13.74389935,413.43,9,7239.12,6239.12
5855,11.83018372,432.45,14,7239.12,6239.12
5856,23.36604137,341.87,10,7239.12,6239.12
5857,15.47130974,338.21,8,7239.12,6239.12
5858,17.46493363,335.78,7,7239.12,6239.12
5859,29.20108211,608.79,13,7239.12,6239.12
5860,27.64505732,536.95,9,7239.12,6239.12
5861,12.3770885,347.02,7,7239.12,6239.12
5862,19.2199477,252.79,10,7239.12,6239.12
5863,8.694689571,498.75,8,7239.12,6239.12
5864,21.79091242,452.42,13,7239.12,6239.12
5865,12.08737821,450.49,11,7239.12,6239.12
5866,54.95563885,579.15,7,7239.12,6239.12
5867,10.90053595,414.68,15,7239.12,6239.12
5868,12.07197856,367.34,10,7239.12,6239.12
5869,27.7577428,418.99,11,7239.12,6239.12
5870,14.779,318.16,9,7239.12,6239.12
5871,16.25172452,321.5,14,7239.12,6239.12
5872,34.74385986,423.86,8,7239.12,6239.12
5873,16.24725165,312.08,9,7239.12,6239.12
5874,24.65506899,398.84,10,7239.12,6239.12
5875,15.59109129,347.55,10,7239.12,6239.12
5876,14.13022799,346.91,15,7239.12,6239.12
5877,34.47723633,467.17,11,7239.12,6239.12
5878,16.32013231,421.31,9,7239.12,6239.12
5879,18.59564692,424.8,10,7239.12,6239.12
5880,33.71997762,337.51,12,7239.12,6239.12
5881,11.68988492,485.4,13,7239.12,6239.12
5882,14.525,336.11,9,7239.12,6239.12
5883,17.75590551,270.6,10,7239.12,6239.12
5884,9.331317639,307.32,11,7239.12,6239.12
5885,19.84839378,467.52,18,7239.12,6239.12
5886,6.975143503,325.34,11,7239.12,6239.12
5887,10.91226888,505.07,8,7239.12,6239.12
5888,17.04476159,360.57,8,7239.12,6239.12
5889,23.85081219,590.35,7,7239.12,6239.12
5890,15.54693641,569.68,10,7239.12,6239.12
5891,14.2958079,408.71,9,7239.12,6239.12
5892,24.95647232,397.83,8,7239.12,6239.12
5893,19.05920581,744.91,10,7239.12,6239.12
5894,17.7827748,367.73,9,7239.12,6239.12
5895,36.01059243,609.86,9,7239.12,6239.12
5896,34.47396771,515.21,11,7239.12,6239.12
5897,28.08378082,688.78,9,7239.12,6239.12
5898,28.334,354.82,11,7239.12,6239.12
5899,16.33200267,529.18,10,7239.12,6239.12
5900,9.85446761,307.58,6,7239.12,6239.12
5901,58.11315507,585.06,9,7239.12,6239.12
5902,22.56121862,356.65,9,7239.12,6239.12
5903,12.03465231,543.13,10,7239.12,6239.12
5904,16.77552874,384.22,10,7239.12,6239.12
5905,47.19010254,490.14,10,7239.12,6239.12
5906,33.70226143,570.34,9,7239.12,6239.12
5907,29.72846829,503.19,9,7239.12,6239.12
5908,14.83221852,344.37,9,7239.12,6239.12
5909,20.76472723,323.62,10,7239.12,6239.12
5910,9.03081663,507.68,15,7239.12,6239.12
5911,14.15880798,319.98,10,7239.12,6239.12
5912,10.93861655,473,10,7239.12,6239.12
5913,21.23332072,566.66,8,7239.12,6239.12
5914,22.50655729,369.83,7,7239.12,6239.12
5915,14.63299892,391.92,9,7239.12,6239.12
5916,11.70326813,388.94,14,7239.12,6239.12
5917,9.59637749,341.03,8,7239.12,6239.12
5918,17.09003398,480.77,11,7239.12,6239.12
5919,7.814309437,286.11,8,7239.12,6239.12
5920,9.756256366,439.13,11,7239.12,6239.12
5921,8.610396864,365.34,8,7239.12,6239.12
5922,14.65719916,585.41,9,7239.12,6239.12
5923,31.55192753,433.29,10,7239.12,6239.12
5924,8.926716322,359.95,8,7239.12,6239.12
5925,24.22266354,416.67,8,7239.12,6239.12
5926,12.628,689.34,13,7239.12,6239.12
5927,23.77460901,358.3,9,7239.12,6239.12
5928,12.49138288,448.15,9,7239.12,6239.12
5929,13.57010075,521.94,8,7239.12,6239.12
5930,28.122,333.07,14,7239.12,6239.12
5931,13.84356141,272.75,8,7239.12,6239.12
5932,23.26032332,523.02,9,7239.12,6239.12
5933,26.86543773,634.25,10,7239.12,6239.12
5934,11.78624223,583.86,11,7239.12,6239.12
5935,38.98484168,468.59,11,7239.12,6239.12
5936,24.453,555.93,19,7239.12,6239.12
5937,31.15307716,440.95,10,7239.12,6239.12
5938,8.043609123,360,7,7239.12,6239.12
5939,16.59711044,348.39,7,7239.12,6239.12
5940,44.564,445.64,9,7239.12,6239.12
5941,24.80122204,317.62,12,7239.12,6239.12
5942,21.16806629,711.49,9,7239.12,6239.12
5943,44.33264511,597.99,11,7239.12,6239.12
5944,13.34895703,379.37,10,7239.12,6239.12
5945,8.892051095,500.08,10,7239.12,6239.12
5946,17.26346962,302.04,11,7239.12,6239.12
5947,9.686689721,344.82,9,7239.12,6239.12
5948,23.53272696,722.37,11,7239.12,6239.12
5949,17.75381808,445.58,10,7239.12,6239.12
5950,13.053,568.34,10,7239.12,6239.12
5951,24.665,397.78,11,7239.12,6239.12
5952,17.219,422.48,16,7239.12,6239.12
5953,17.9790001,330.78,10,7239.12,6239.12
5954,10.7742531,462.84,11,7239.12,6239.12
5955,38.16269189,556.87,8,7239.12,6239.12
5956,19.30759484,329.63,12,7239.12,6239.12
5957,14.24874828,428.83,10,7239.12,6239.12
5958,12.93923253,483.16,11,7239.12,6239.12
5959,10.51463969,507.41,10,7239.12,6239.12
5960,11.08390443,528.71,14,7239.12,6239.12
5961,28.36728401,446.2,9,7239.12,6239.12
5962,16.79918292,423.2,9,7239.12,6239.12
5963,13.95479737,344.4,8,7239.12,6239.12
5964,39.99981116,423.63,8,7239.12,6239.12
5965,18.68841917,360.38,11,7239.12,6239.12
5966,15.98970927,381.63,9,7239.12,6239.12
5967,15.14792031,392.01,12,7239.12,6239.12
5968,38.94213343,691.48,12,7239.12,6239.12
5969,14.61343382,398.41,8,7239.12,6239.12
5970,27.14197848,322.14,10,7239.12,6239.12
5971,15.15546651,514.92,9,7239.12,6239.12
5972,34.852,483.08,12,7239.12,6239.12
5973,20.20588235,554.31,8,7239.12,6239.12
5974,8.352098441,433.28,9,7239.12,6239.12
5975,10.09120949,560.38,10,7239.12,6239.12
5976,12.24023909,472.94,9,7239.12,6239.12
5977,30.36457718,642.56,14,7239.12,6239.12
5978,12.25775922,326.38,8,7239.12,6239.12
5979,12.81863311,312.48,10,7239.12,6239.12
5980,34.516,375.1,10,7239.12,6239.12
5981,7.877410252,322.26,9,7239.12,6239.12
5982,9.737198473,498.19,10,7239.12,6239.12
5983,12.12516461,316.97,8,7239.12,6239.12
5984,10.77510145,480.19,10,7239.12,6239.12
5985,8.948617677,351.05,10,7239.12,6239.12
5986,22.87740723,555.8,12,7239.12,6239.12
5987,54.33122539,546.42,10,7239.12,6239.12
5988,12.67338138,411.78,13,7239.12,6239.12
5989,12.23468351,406.49,13,7239.12,6239.12
5990,29.68682903,774.28,8,7239.12,6239.12
5991,10.60513064,442.85,7,7239.12,6239.12
5992,24.39317454,396.19,7,7239.12,6239.12
5993,13.29076521,564.5,9,7239.12,6239.12
5994,25.709,440.08,10,7239.12,6239.12
5995,24.9852071,414.07,11,7239.12,6239.12
5996,29.87750512,371.96,10,7239.12,6239.12
5997,17.29610214,367.79,8,7239.12,6239.12
5998,17.5684835,521.2,10,7239.12,6239.12
5999,37.977,379.77,12,7239.12,6239.12
6000,37.32223943,573.71,8,7239.12,6239.12
6001,10.2210009,659.09,10,7239.12,6239.12
6002,11.08136796,402.93,10,7239.12,6239.12
6003,13.25692645,450.06,14,7239.12,6239.12
6004,9.955039592,448.13,11,7239.12,6239.12
6005,18.70000372,340.03,9,7239.12,6239.12
6006,8.232270015,477.91,10,7239.12,6239.12
6007,31.09893502,402.98,9,7239.12,6239.12
6008,15.60759879,378.78,15,7239.12,6239.12
6009,13.3446863,467.04,9,7239.12,6239.12
6010,15.53784605,393.12,8,7239.12,6239.12
6011,22.451,306.91,8,7239.12,6239.12
6012,13.13117297,372.95,9,7239.12,6239.12
6013,6.560366106,366.06,9,7239.12,6239.12
6014,14.02178767,270.04,8,7239.12,6239.12
6015,10.34588981,473.75,6,7239.12,6239.12
6016,12.31487471,586.39,13,7239.12,6239.12
6017,19.97901625,449.4,11,7239.12,6239.12
6018,33.58725085,378.31,11,7239.12,6239.12
6019,22.757,388.28,8,7239.12,6239.12
6020,25.22924219,810.83,9,7239.12,6239.12
6021,21.71566413,573.64,8,7239.12,6239.12
6022,23.17478884,327.1,11,7239.12,6239.12
6023,42.351,433.6,12,7239.12,6239.12
6024,22.05791813,394.1,7,7239.12,6239.12
6025,18.87522037,399.17,9,7239.12,6239.12
6026,15.67886616,628.2,10,7239.12,6239.12
6027,16.94779486,316.15,9,7239.12,6239.12
6028,23.29979284,344.66,9,7239.12,6239.12
6029,19.37185849,246.87,7,7239.12,6239.12
6030,27.465,286.84,8,7239.12,6239.12
6031,14.17512339,440.56,9,7239.12,6239.12
6032,17.17530877,454.47,7,7239.12,6239.12
6033,10.98326105,375.91,10,7239.12,6239.12
6034,38.44783282,429.42,13,7239.12,6239.12
6035,12.75567187,367.67,8,7239.12,6239.12
6036,10.30626863,456.54,9,7239.12,6239.12
6037,49.6508678,616.49,9,7239.12,6239.12
6038,19.35313362,347.83,10,7239.12,6239.12
6039,19.18110939,526.31,14,7239.12,6239.12
6040,15.89821556,539.72,14,7239.12,6239.12
6041,15.49241855,457.46,11,7239.12,6239.12
6042,26.95699362,437.14,14,7239.12,6239.12
6043,9.380711872,377.22,9,7239.12,6239.12
6044,28.8124386,305.02,9,7239.12,6239.12
6045,63.74565237,714.78,10,7239.12,6239.12
6046,8.053588342,342.46,12,7239.12,6239.12
6047,28.14852062,352.67,8,7239.12,6239.12
6048,13.86263043,394.48,9,7239.12,6239.12
6049,10.521,561.41,7,7239.12,6239.12
6050,11.64743836,481.1,11,7239.12,6239.12
6051,18.9491205,346.23,11,7239.12,6239.12
6052,18.69811119,453.59,8,7239.12,6239.12
6053,19.4289851,550.19,11,7239.12,6239.12
6054,18.79400809,469.23,10,7239.12,6239.12
6055,27.31782826,384.25,8,7239.12,6239.12
6056,20.39395745,511.04,8,7239.12,6239.12
6057,12.67934793,397.14,8,7239.12,6239.12
6058,26.08631203,387.16,10,7239.12,6239.12
6059,10.56313953,491.28,8,7239.12,6239.12
6060,32.09817868,398.47,16,7239.12,6239.12
6061,13.53663913,382.72,9,7239.12,6239.12
6062,10.990511,422.26,9,7239.12,6239.12
6063,14.72581547,332.41,8,7239.12,6239.12
6064,17.63210993,437.8,13,7239.12,6239.12
6065,13.94314607,395.14,7,7239.12,6239.12
6066,15.68742426,321.04,9,7239.12,6239.12
6067,26.95354777,311.3,7,7239.12,6239.12
6068,16.70819737,289.11,8,7239.12,6239.12
6069,14.4760364,367.86,7,7239.12,6239.12
6070,14.8374334,336.43,9,7239.12,6239.12
6071,18.21204616,554.54,10,7239.12,6239.12
6072,30.415,459.47,13,7239.12,6239.12
6073,18.09416708,374.3,13,7239.12,6239.12
6074,16.90091403,390.37,8,7239.12,6239.12
6075,51.38306566,578.45,9,7239.12,6239.12
6076,18.00497715,335.54,7,7239.12,6239.12
6077,30.71988879,334.03,7,7239.12,6239.12
6078,12.2112875,399.44,10,7239.12,6239.12
6079,8.773041052,408.81,8,7239.12,6239.12
6080,29.60046254,445.41,12,7239.12,6239.12
6081,26.34114128,474.67,11,7239.12,6239.12
6082,20.37736774,498.84,8,7239.12,6239.12
6083,11.99620882,507.74,11,7239.12,6239.12
6084,13.94817518,340.83,7,7239.12,6239.12
6085,27.14338837,562.05,15,7239.12,6239.12
6086,12.33526621,384.73,7,7239.12,6239.12
6087,24.81641087,267.19,7,7239.12,6239.12
6088,16.84612057,490.65,10,7239.12,6239.12
6089,10.30982255,409.02,19,7239.12,6239.12
6090,14.00752581,459.36,11,7239.12,6239.12
6091,14.04290316,467.68,8,7239.12,6239.12
6092,7.911832197,307.77,8,7239.12,6239.12
6093,11.45823798,826.1,10,7239.12,6239.12
6094,31.66162471,342.24,8,7239.12,6239.12
6095,7.94322937,310.93,8,7239.12,6239.12
6096,12.93539836,387.67,10,7239.12,6239.12
6097,11.81349162,244.12,11,7239.12,6239.12
6098,20.32838806,614.44,10,7239.12,6239.12
6099,21.56975419,273.64,10,7239.12,6239.12
6100,10.66055694,359.77,11,7239.12,6239.12
6101,13.07996237,372.02,9,7239.12,6239.12
6102,22.52796174,531.34,10,7239.12,6239.12
6103,15.32841278,410.64,8,7239.12,6239.12
6104,26.431,379.57,11,7239.12,6239.12
6105,9.409660591,417.74,7,7239.12,6239.12
6106,18.861,380.35,9,7239.12,6239.12
6107,21.04543838,529.84,11,7239.12,6239.12
6108,19.00397946,308.72,9,7239.12,6239.12
6109,20.16541465,380.11,10,7239.12,6239.12
6110,23.10063427,341.69,9,7239.12,6239.12
6111,18.57356189,256.9,9,7239.12,6239.12
6112,22.27141984,402.53,11,7239.12,6239.12
6113,30.19295789,442.04,8,7239.12,6239.12
6114,17.29889411,703.29,11,7239.12,6239.12
6115,14.05183913,658.42,13,7239.12,6239.12
6116,18.94297374,289.37,9,7239.12,6239.12
6117,9.785331734,311.7,10,7239.12,6239.12
6118,11.04580906,428.7,11,7239.12,6239.12
6119,26.84873364,513.69,12,7239.12,6239.12
6120,19.24303147,357.91,13,7239.12,6239.12
6121,18.14611791,302.67,9,7239.12,6239.12
6122,30.10868671,471.4,9,7239.12,6239.12
6123,25.12496344,377.99,13,7239.12,6239.12
6124,21.58191326,482.68,9,7239.12,6239.12
6125,12.55894561,530.07,10,7239.12,6239.12
6126,36.083,360.83,10,7239.12,6239.12
6127,22.11330682,372.66,8,7239.12,6239.12
6128,19.93362822,460.11,13,7239.12,6239.12
6129,23.09532645,265.6,14,7239.12,6239.12
6130,24.48031243,563.19,12,7239.12,6239.12
6131,34.26568632,599.79,8,7239.12,6239.12
6132,18.137,256.68,10,7239.12,6239.12
6133,16.61216029,408.06,9,7239.12,6239.12
6134,9.908417062,372.49,13,7239.12,6239.12
6135,24.70303748,442.34,9,7239.12,6239.12
6136,14.29396601,433.06,10,7239.12,6239.12
6137,14.84166665,645.05,9,7239.12,6239.12
6138,52.05636384,772.48,8,7239.12,6239.12
6139,10.16863869,390.92,12,7239.12,6239.12
6140,26.14079001,371.79,8,7239.12,6239.12
6141,13.12362641,486.67,9,7239.12,6239.12
6142,20.31855815,460.64,10,7239.12,6239.12
6143,31.03346012,469.07,10,7239.12,6239.12
6144,8.534319489,402.3,9,7239.12,6239.12
6145,66.48106094,913.37,9,7239.12,6239.12
6146,21.14526069,540.42,8,7239.12,6239.12
6147,12.05163132,345.31,9,7239.12,6239.12
6148,13.92822459,402.62,8,7239.12,6239.12
6149,11.91294691,445.05,9,7239.12,6239.12
6150,26.484,410.22,11,7239.12,6239.12
6151,9.846166117,431.59,9,7239.12,6239.12
6152,28.74423659,380.91,10,7239.12,6239.12
6153,19.70823319,327.11,7,7239.12,6239.12
6154,12.37790592,365.34,10,7239.12,6239.12
6155,14.63368966,367.46,9,7239.12,6239.12
6156,17.39507302,381.45,9,7239.12,6239.12
6157,31.51854032,493.18,11,7239.12,6239.12
6158,11.93567443,268.36,9,7239.12,6239.12
6159,11.93045358,332.08,9,7239.12,6239.12
6160,27.51557945,432.1,8,7239.12,6239.12
6161,36.14483194,412.08,7,7239.12,6239.12
6162,17.6309791,374.08,14,7239.12,6239.12
6163,25.7872064,326.23,10,7239.12,6239.12
6164,53.46269427,704.51,9,7239.12,6239.12
6165,38.20476589,438.01,10,7239.12,6239.12
6166,17.84495411,330.23,8,7239.12,6239.12
6167,18.96779928,477.44,9,7239.12,6239.12
6168,18.57538512,474.85,7,7239.12,6239.12
6169,13.40096059,370.09,8,7239.12,6239.12
6170,21.391229,334.69,7,7239.12,6239.12
6171,17.95749674,410.16,10,7239.12,6239.12
6172,13.12200594,246.8,10,7239.12,6239.12
6173,15.85222125,514.22,13,7239.12,6239.12
6174,37.08532378,447.16,10,7239.12,6239.12
6175,27.02182177,479.84,8,7239.12,6239.12
6176,11.3160411,336.1,10,7239.12,6239.12
6177,11.28062942,379.46,9,7239.12,6239.12
6178,35.322,353.22,13,7239.12,6239.12
6179,23.5694901,493.3,14,7239.12,6239.12
6180,24.077,295.08,10,7239.12,6239.12
6181,13.58,334.69,14,7239.12,6239.12
6182,24.93549687,413.18,13,7239.12,6239.12
6183,24.32788494,575.01,8,7239.12,6239.12
6184,12.05902846,391.07,8,7239.12,6239.12
6185,12.93995135,247.96,9,7239.12,6239.12
6186,22.35912847,393.86,11,7239.12,6239.12
6187,17.94498498,700.12,9,7239.12,6239.12
6188,13.76608918,403.1,10,7239.12,6239.12
6189,15.76710996,437.49,15,7239.12,6239.12
6190,19.37565883,419.08,9,7239.12,6239.12
6191,21.455,282.51,8,7239.12,6239.12
6192,17.51228356,486.47,7,7239.12,6239.12
6193,13.01204819,607.83,12,7239.12,6239.12
6194,14.01893267,358.68,8,7239.12,6239.12
6195,11.73271173,404.44,9,7239.12,6239.12
6196,11.40156351,540.36,13,7239.12,6239.12
6197,27.06896884,682.42,11,7239.12,6239.12
6198,16.71893411,335.25,9,7239.12,6239.12
6199,20.78478442,337.51,10,7239.12,6239.12
6200,12.54447706,536.21,16,7239.12,6239.12
6201,21.35943348,651.2,14,7239.12,6239.12
6202,11.69390142,292.68,10,7239.12,6239.12
6203,7.488940434,331.85,9,7239.12,6239.12
6204,27.38015737,471.5,9,7239.12,6239.12
6205,26.15417232,445.25,8,7239.12,6239.12
6206,24.65016051,362.56,9,7239.12,6239.12
6207,12.71837291,621.46,11,7239.12,6239.12
6208,11.7249812,416.07,11,7239.12,6239.12
6209,17.02294999,349.26,9,7239.12,6239.12
6210,10.6926474,276.02,10,7239.12,6239.12
6211,14.72084549,426.22,11,7239.12,6239.12
6212,14.65451137,325.95,9,7239.12,6239.12
6213,11.96160949,308.96,8,7239.12,6239.12
6214,25.73926051,585.49,9,7239.12,6239.12
6215,22.04063725,416.22,8,7239.12,6239.12
6216,18.61036158,399.38,9,7239.12,6239.12
6217,17.04671225,442.04,7,7239.12,6239.12
6218,18.67779348,427.49,8,7239.12,6239.12
6219,19.91560083,596.53,10,7239.12,6239.12
6220,54.13685941,628.87,14,7239.12,6239.12
6221,10.96942981,332.13,11,7239.12,6239.12
6222,27.3658717,740.11,9,7239.12,6239.12
6223,24.84308919,368.9,8,7239.12,6239.12
6224,8.131807787,283.27,10,7239.12,6239.12
6225,55.34819084,649.19,9,7239.12,6239.12
6226,12.4250772,508.6,12,7239.12,6239.12
6227,20.625,306.43,7,7239.12,6239.12
6228,20.55293745,402.11,8,7239.12,6239.12
6229,9.045055326,513.59,9,7239.12,6239.12
6230,15.37972978,322.58,10,7239.12,6239.12
6231,36.72825024,461.81,11,7239.12,6239.12
6232,8.399962811,417.7,7,7239.12,6239.12
6233,17.6371878,429.28,13,7239.12,6239.12
6234,26.34439166,392.07,8,7239.12,6239.12
6235,8.99162337,525.76,8,7239.12,6239.12
6236,35.86770667,373.39,8,7239.12,6239.12
6237,30.73,388.25,11,7239.12,6239.12
6238,13.9249422,366.35,8,7239.12,6239.12
6239,16.535,540.98,13,7239.12,6239.12
6240,38.01040847,526.6,15,7239.12,6239.12
6241,31.31328807,416.04,8,7239.12,6239.12
6242,19.8103073,319.84,10,7239.12,6239.12
6243,12.45820887,755.7,9,7239.12,6239.12
6244,11.88706591,477.67,11,7239.12,6239.12
6245,25.85144806,428.28,8,7239.12,6239.12
6246,28.46119245,454.33,10,7239.12,6239.12
6247,11.60462324,633.6,12,7239.12,6239.12
6248,7.278963603,303.05,7,7239.12,6239.12
6249,17.77528904,313.45,11,7239.12,6239.12
6250,25.44500755,386.1,10,7239.12,6239.12
6251,30.16085694,448.67,9,7239.12,6239.12
6252,13.94612468,378.49,9,7239.12,6239.12
6253,28.07315888,323.56,11,7239.12,6239.12
6254,21.67614228,447.22,10,7239.12,6239.12
6255,11.20643089,348.32,10,7239.12,6239.12
6256,18.87017217,364.2,8,7239.12,6239.12
6257,11.53098773,496.68,12,7239.12,6239.12
6258,25.48592562,408.81,7,7239.12,6239.12
6259,13.44696141,430.37,8,7239.12,6239.12
6260,27.92113825,617.71,7,7239.12,6239.12
6261,45.08030462,488.95,13,7239.12,6239.12
6262,21.38478436,334.89,9,7239.12,6239.12
6263,31.48813104,356.03,7,7239.12,6239.12
6264,20.91668484,513.72,10,7239.12,6239.12
6265,17.46611847,542.74,10,7239.12,6239.12
6266,26.03367546,472.04,9,7239.12,6239.12
6267,25.47846191,612.7,11,7239.12,6239.12
6268,24.71151195,319.45,7,7239.12,6239.12
6269,16.04504663,314.65,10,7239.12,6239.12
6270,14.44672281,493.88,12,7239.12,6239.12
6271,20.02962937,692.23,8,7239.12,6239.12
6272,31.963,392.82,11,7239.12,6239.12
6273,12.7656481,803.04,8,7239.12,6239.12
6274,31.93227024,529.68,8,7239.12,6239.12
6275,16.28681134,387.55,9,7239.12,6239.12
6276,16.81306751,537.74,8,7239.12,6239.12
6277,29.50300728,410.08,13,7239.12,6239.12
6278,36.665,373.87,8,7239.12,6239.12
6279,9.170022128,505.58,16,7239.12,6239.12
6280,31.50907088,406.07,12,7239.12,6239.12
6281,21.21150621,637.55,10,7239.12,6239.12
6282,12.94214224,439.63,10,7239.12,6239.12
6283,22.8447242,552.39,7,7239.12,6239.12
6284,28.12285478,475.22,10,7239.12,6239.12
6285,10.04314869,512.04,9,7239.12,6239.12
6286,20.44498836,451.49,12,7239.12,6239.12
6287,16.40678167,327.08,9,7239.12,6239.12
6288,55.00256235,643.97,7,7239.12,6239.12
6289,37.465,587.83,13,7239.12,6239.12
6290,16.52901484,390.05,8,7239.12,6239.12
6291,14.83013347,409.36,11,7239.12,6239.12
6292,21.369,434.03,12,7239.12,6239.12
6293,16.78515712,461.57,9,7239.12,6239.12
6294,11.73572194,606.88,11,7239.12,6239.12
6295,20.79713131,648.56,8,7239.12,6239.12
6296,12.12408568,490.96,10,7239.12,6239.12
6297,11.53704327,608.9,10,7239.12,6239.12
6298,16.54424964,318.02,10,7239.12,6239.12
6299,25.47217277,522.74,11,7239.12,6239.12
6300,17.59734522,337.44,13,7239.12,6239.12
6301,46.91706886,710.62,11,7239.12,6239.12
6302,24.19,479.21,10,7239.12,6239.12
6303,39.151,391.51,9,7239.12,6239.12
6304,12.46315994,301.34,8,7239.12,6239.12
6305,10.32169776,553.85,12,7239.12,6239.12
6306,33.20033298,346.98,9,7239.12,6239.12
6307,21.02499976,440.52,14,7239.12,6239.12
6308,15.48261833,677.01,8,7239.12,6239.12
6309,20.04228553,379.18,13,7239.12,6239.12
6310,15.1669072,418.7,8,7239.12,6239.12
6311,10.95308839,569.98,11,7239.12,6239.12
6312,14.58233092,357.62,15,7239.12,6239.12
6313,8.668873798,425.81,7,7239.12,6239.12
6314,27.84849827,727.28,9,7239.12,6239.12
6315,13.54646906,312.2,11,7239.12,6239.12
6316,34.0862444,665.96,10,7239.12,6239.12
6317,42.17189883,475.01,12,7239.12,6239.12
6318,16.904,425.5,9,7239.12,6239.12
6319,21.60050636,423.35,8,7239.12,6239.12
6320,16.5427108,647.32,7,7239.12,6239.12
6321,29.833,450.08,10,7239.12,6239.12
6322,15.83373726,558.6,11,7239.12,6239.12
6323,33.70058004,404.38,9,7239.12,6239.12
6324,24.15999043,342.84,9,7239.12,6239.12
6325,29.702,544.62,6,7239.12,6239.12
6326,13.4030747,532.23,9,7239.12,6239.12
6327,38.27054906,586.19,11,7239.12,6239.12
6328,14.32481752,333.86,9,7239.12,6239.12
6329,17.71727403,416.2,10,7239.12,6239.12
6330,8.113404006,364.25,8,7239.12,6239.12
6331,11.31458411,370.32,13,7239.12,6239.12
6332,17.00737857,285.74,7,7239.12,6239.12
6333,20.51890698,299.82,10,7239.12,6239.12
6334,12.54532794,318.29,9,7239.12,6239.12
6335,21.68631654,422.02,13,7239.12,6239.12
6336,10.24928218,516.16,9,7239.12,6239.12
6337,18.6062546,483.05,8,7239.12,6239.12
6338,7.487887371,337.84,7,7239.12,6239.12
6339,29.549,295.49,8,7239.12,6239.12
6340,12.52245986,676.99,10,7239.12,6239.12
6341,16.03958197,412.45,10,7239.12,6239.12
6342,21.18211271,585.81,8,7239.12,6239.12
6343,14.28783022,498.73,13,7239.12,6239.12
6344,11.11447691,293.96,10,7239.12,6239.12
6345,9.975354377,439.29,10,7239.12,6239.12
6346,22.51487679,411.05,9,7239.12,6239.12
6347,13.06922125,448.59,8,7239.12,6239.12
6348,13.29872179,424.7,9,7239.12,6239.12
6349,15.22507834,719.05,11,7239.12,6239.12
6350,29.10827581,459.25,11,7239.12,6239.12
6351,18.34361462,536.54,8,7239.12,6239.12
6352,28.17821381,653.14,11,7239.12,6239.12
6353,24.67436769,579.29,11,7239.12,6239.12
6354,13.59078631,555.3,9,7239.12,6239.12
6355,12.8753851,365.51,17,7239.12,6239.12
6356,12.9298362,546.98,10,7239.12,6239.12
6357,8.40222783,502.06,9,7239.12,6239.12
6358,23.72500624,369.76,7,7239.12,6239.12
6359,15.85960784,406.93,9,7239.12,6239.12
6360,8.720148284,322.4,16,7239.12,6239.12
6361,23.08293264,490.18,10,7239.12,6239.12
6362,24.34132019,385.07,9,7239.12,6239.12
6363,23.126,408.91,8,7239.12,6239.12
6364,27.27110033,472.39,12,7239.12,6239.12
6365,21.35232607,353.46,8,7239.12,6239.12
6366,17.1672751,478.53,7,7239.12,6239.12
6367,17.52532313,357.28,8,7239.12,6239.12
6368,12.95411636,709.07,9,7239.12,6239.12
6369,14.62332433,620.26,11,7239.12,6239.12
6370,11.91326075,404.67,14,7239.12,6239.12
6371,10.00373546,525.49,10,7239.12,6239.12
6372,9.100434938,320.97,8,7239.12,6239.12
6373,19.58270442,406.38,11,7239.12,6239.12
6374,28.97062336,315.38,7,7239.12,6239.12
6375,11.14267965,693.27,9,7239.12,6239.12
6376,23.18451118,307.6,7,7239.12,6239.12
6377,24.63772168,339.75,10,7239.12,6239.12
6378,7.349486478,427.6,8,7239.12,6239.12
6379,40.06674082,648.36,13,7239.12,6239.12
6380,16.44037796,407.66,15,7239.12,6239.12
6381,44.22933662,480.91,11,7239.12,6239.12
6382,15.28961455,501.16,9,7239.12,6239.12
6383,11.77570933,442.68,7,7239.12,6239.12
6384,10.51733648,388.99,12,7239.12,6239.12
6385,30.55955188,471.5,12,7239.12,6239.12
6386,34.51577778,614.94,10,7239.12,6239.12
6387,21.73440134,425.11,12,7239.12,6239.12
6388,40.14303799,434.44,12,7239.12,6239.12
6389,17.13470644,405.8,10,7239.12,6239.12
6390,74.9459399,804.08,10,7239.12,6239.12
6391,10.60353297,408.71,10,7239.12,6239.12
6392,31.93324283,405.34,8,7239.12,6239.12
6393,21.64299685,407.2,9,7239.12,6239.12
6394,19.97524808,446.37,9,7239.12,6239.12
6395,32.6483347,544.14,10,7239.12,6239.12
6396,35.45458807,453.84,7,7239.12,6239.12
6397,20.15846378,542.94,11,7239.12,6239.12
6398,35.10852189,357.97,10,7239.12,6239.12
6399,17.09355259,534.29,10,7239.12,6239.12
6400,36.36873742,577.75,12,7239.12,6239.12
6401,17.30624558,924.78,8,7239.12,6239.12
6402,28.74227991,377.33,7,7239.12,6239.12
6403,32.94416448,408.59,12,7239.12,6239.12
6404,9.990320478,584.92,8,7239.12,6239.12
6405,27.39669053,378.91,13,7239.12,6239.12
6406,34.39330618,389.26,10,7239.12,6239.12
6407,16.47590472,405.79,10,7239.12,6239.12
6408,21.09386127,651.64,9,7239.12,6239.12
6409,16.64979559,424.36,12,7239.12,6239.12
6410,12.87556407,460.69,8,7239.12,6239.12
6411,22.34027941,332.85,10,7239.12,6239.12
6412,12.14762232,444.8,11,7239.12,6239.12
6413,29.67544714,664,11,7239.12,6239.12
6414,30.49576711,346.99,8,7239.12,6239.12
6415,21.08378336,825.35,10,7239.12,6239.12
6416,20.68223957,327.95,11,7239.12,6239.12
6417,17.63850695,1032.01,8,7239.12,6239.12
6418,19.83464455,446.46,10,7239.12,6239.12
6419,14.7686883,315.99,9,7239.12,6239.12
6420,15.40267993,544.08,11,7239.12,6239.12
6421,23.16362223,336.91,11,7239.12,6239.12
6422,8.153697181,367.13,9,7239.12,6239.12
6423,11.71422246,648.45,8,7239.12,6239.12
6424,14.3463425,583.95,15,7239.12,6239.12
6425,28.7334717,616.06,10,7239.12,6239.12
6426,40.78440048,645.25,9,7239.12,6239.12
6427,17.05141459,448.65,8,7239.12,6239.12
6428,10.02606374,362.81,8,7239.12,6239.12
6429,23.81830222,565.42,8,7239.12,6239.12
6430,16.82974681,463.36,13,7239.12,6239.12
6431,37.868,378.68,7,7239.12,6239.12
6432,23.62687134,338.82,11,7239.12,6239.12
6433,14.52188936,306.9,7,7239.12,6239.12
6434,34.78698345,598.11,11,7239.12,6239.12
6435,20.16121121,584.83,8,7239.12,6239.12
6436,16.79473063,419.44,11,7239.12,6239.12
6437,13.58939514,337.57,9,7239.12,6239.12
6438,18.59727017,286.7,8,7239.12,6239.12
6439,10.74775725,366,11,7239.12,6239.12
6440,27.03136648,401.64,10,7239.12,6239.12
6441,7.720510767,462.05,11,7239.12,6239.12
6442,15.31214555,494.03,9,7239.12,6239.12
6443,17.15253123,480.24,9,7239.12,6239.12
6444,29.63865384,435.41,11,7239.12,6239.12
6445,6.665345634,432.54,7,7239.12,6239.12
6446,23.71204304,324.48,9,7239.12,6239.12
6447,28.797,381.01,13,7239.12,6239.12
6448,20.79823015,396.69,8,7239.12,6239.12
6449,18.15166546,286.2,11,7239.12,6239.12
6450,17.61999347,574.34,7,7239.12,6239.12
6451,17.29171824,223.88,10,7239.12,6239.12
6452,16.61679253,440.84,9,7239.12,6239.12
6453,28.762,702.12,9,7239.12,6239.12
6454,11.88637426,549.16,11,7239.12,6239.12
6455,10.75450268,418.24,12,7239.12,6239.12
6456,17.7614917,369.59,8,7239.12,6239.12
6457,10.5430815,390.43,8,7239.12,6239.12
6458,45.18994319,852.68,10,7239.12,6239.12
6459,16.31127629,549.92,8,7239.12,6239.12
6460,22.16315136,488.52,9,7239.12,6239.12
6461,14.88651234,362.89,8,7239.12,6239.12
6462,40.09728259,542.42,14,7239.12,6239.12
6463,29.25964605,837.73,10,7239.12,6239.12
6464,10.61644898,368.96,9,7239.12,6239.12
6465,11.95982619,601.12,9,7239.12,6239.12
6466,38.64220109,574.71,11,7239.12,6239.12
6467,14.458,544.59,9,7239.12,6239.12
6468,17.94901915,367.99,8,7239.12,6239.12
6469,18.95072502,463.4,13,7239.12,6239.12
6470,10.82713939,485.57,10,7239.12,6239.12
6471,22.74020336,357.6,10,7239.12,6239.12
6472,17.19700594,758.4,8,7239.12,6239.12
6473,18.53240144,518.83,9,7239.12,6239.12
6474,18.30941984,356.86,7,7239.12,6239.12
6475,33.18459842,397.14,8,7239.12,6239.12
6476,12.6520348,513.68,10,7239.12,6239.12
6477,12.05210187,334.06,9,7239.12,6239.12
6478,25.22184043,295.17,9,7239.12,6239.12
6479,9.406299509,342.26,9,7239.12,6239.12
6480,17.03347315,372.57,9,7239.12,6239.12
6481,16.84329356,414.57,7,7239.12,6239.12
6482,17.49087994,382.79,8,7239.12,6239.12
6483,30.23177064,401.75,9,7239.12,6239.12
6484,10.96051658,665.56,12,7239.12,6239.12
6485,14.21468916,638.72,13,7239.12,6239.12
6486,21.39909631,579.89,10,7239.12,6239.12
6487,18.68785633,519.87,8,7239.12,6239.12
6488,11.6364455,286.93,11,7239.12,6239.12
6489,25.99749619,419.48,8,7239.12,6239.12
6490,22.23439314,429.67,7,7239.12,6239.12
6491,27.75,397.13,8,7239.12,6239.12
6492,7.147829903,452.78,9,7239.12,6239.12
6493,10.26921818,569.08,9,7239.12,6239.12
6494,15.55789409,334.53,10,7239.12,6239.12
6495,39.78623157,568.38,9,7239.12,6239.12
6496,12.497,480.55,11,7239.12,6239.12
6497,20.0386514,389.3,10,7239.12,6239.12
6498,23.9090193,364.23,9,7239.12,6239.12
6499,8.90621352,320.54,11,7239.12,6239.12
6500,37.29586745,470.92,12,7239.12,6239.12
6501,20.7381556,368.99,10,7239.12,6239.12
6502,12.10305467,257.09,9,7239.12,6239.12
6503,48.56989151,546.38,12,7239.12,6239.12
6504,13.23110092,397.67,10,7239.12,6239.12
6505,27.28304387,387.07,7,7239.12,6239.12
6506,35.3309845,616.72,9,7239.12,6239.12
6507,26.41450378,329.13,9,7239.12,6239.12
6508,15.00246253,808.68,9,7239.12,6239.12
6509,77.27081525,863.37,11,7239.12,6239.12
6510,23.07541666,607.35,12,7239.12,6239.12
6511,16.44469228,434.25,9,7239.12,6239.12
6512,16.99033001,553.46,11,7239.12,6239.12
6513,16.15235392,284.69,8,7239.12,6239.12
6514,7.705700536,473.86,14,7239.12,6239.12
6515,19.90490674,412.79,8,7239.12,6239.12
6516,50.66606697,619.57,10,7239.12,6239.12
6517,23.43879834,513.38,8,7239.12,6239.12
6518,12.20349135,507.41,11,7239.12,6239.12
6519,29.94014611,383.54,8,7239.12,6239.12
6520,12.91545211,405.54,10,7239.12,6239.12
6521,44.32497729,443.99,12,7239.12,6239.12
6522,29.08270453,586.59,10,7239.12,6239.12
6523,21.33363782,348.76,7,7239.12,6239.12
6524,26.65757332,644.94,9,7239.12,6239.12
6525,26.148,384.41,17,7239.12,6239.12
6526,13.2281056,376.89,9,7239.12,6239.12
6527,24.99020662,299.83,9,7239.12,6239.12
6528,23.74094859,491.82,8,7239.12,6239.12
6529,15.2556247,327.89,8,7239.12,6239.12
6530,13.2252482,479.43,8,7239.12,6239.12
6531,25.14129461,329.58,7,7239.12,6239.12
6532,14.21599868,371.24,9,7239.12,6239.12
6533,22.24740253,614.54,10,7239.12,6239.12
6534,15.36328982,354.1,14,7239.12,6239.12
6535,22.88856488,274.72,11,7239.12,6239.12
6536,17.823,422.47,9,7239.12,6239.12
6537,19.27129185,369.54,9,7239.12,6239.12
6538,24.55594761,337.53,9,7239.12,6239.12
6539,10.74773554,281.57,8,7239.12,6239.12
6540,38.30982968,512.62,10,7239.12,6239.12
6541,35.0993298,877.75,12,7239.12,6239.12
6542,13.82355668,353.25,11,7239.12,6239.12
6543,28.08072348,363.39,13,7239.12,6239.12
6544,10.78475028,494.38,14,7239.12,6239.12
6545,26.76096546,383.89,10,7239.12,6239.12
6546,26.72607579,388.97,12,7239.12,6239.12
6547,17.37878483,430.5,7,7239.12,6239.12
6548,13.65180333,438.92,10,7239.12,6239.12
6549,13.79971508,435.49,11,7239.12,6239.12
6550,13.92772565,330.43,8,7239.12,6239.12
6551,39.30718719,567.47,11,7239.12,6239.12
6552,13.13902991,379.4,9,7239.12,6239.12
6553,13.91787277,297.72,10,7239.12,6239.12
6554,16.26402971,405.58,10,7239.12,6239.12
6555,31.39839643,648.11,11,7239.12,6239.12
6556,26.54327209,369.1,9,7239.12,6239.12
6557,18.62478954,480.36,9,7239.12,6239.12
6558,27.537,335.45,10,7239.12,6239.12
6559,21.3908932,522.29,10,7239.12,6239.12
6560,16.662,327.67,8,7239.12,6239.12
6561,23.57963138,447.09,9,7239.12,6239.12
6562,18.62553196,351.53,9,7239.12,6239.12
6563,43.08631425,529.38,10,7239.12,6239.12
6564,16.364,547.65,10,7239.12,6239.12
6565,19.95437383,451.34,10,7239.12,6239.12
6566,31.54074245,327.62,8,7239.12,6239.12
6567,11.37,402.81,10,7239.12,6239.12
6568,10.62221269,345.5,10,7239.12,6239.12
6569,10.43451522,276.12,11,7239.12,6239.12
6570,27.74998325,538.58,7,7239.12,6239.12
6571,17.92672704,369.97,8,7239.12,6239.12
6572,10.66576248,414.66,9,7239.12,6239.12
6573,27.48685134,432.33,11,7239.12,6239.12
6574,22.15592604,281.47,15,7239.12,6239.12
6575,20.88849814,421.37,12,7239.12,6239.12
6576,20.02299571,466.71,8,7239.12,6239.12
6577,12.75144807,306.77,8,7239.12,6239.12
6578,15.0329677,260.17,10,7239.12,6239.12
6579,11.37716587,304.58,8,7239.12,6239.12
6580,11.82656611,439.9,12,7239.12,6239.12
6581,15.5891493,696.28,11,7239.12,6239.12
6582,24.48651655,475.44,11,7239.12,6239.12
6583,12.68833164,367.6,12,7239.12,6239.12
6584,11.97874049,548.05,9,7239.12,6239.12
6585,10.04333892,321.6,11,7239.12,6239.12
6586,19.88269377,320.97,9,7239.12,6239.12
6587,8.542883547,527.84,11,7239.12,6239.12
6588,14.01288465,636.66,10,7239.12,6239.12
6589,18.00643935,370.72,12,7239.12,6239.12
6590,33.71288055,659.59,8,7239.12,6239.12
6591,8.607390339,357.86,7,7239.12,6239.12
6592,18.43031196,344.14,10,7239.12,6239.12
6593,9.635724491,300.82,8,7239.12,6239.12
6594,19.63036447,398.73,11,7239.12,6239.12
6595,24.35262173,385.14,12,7239.12,6239.12
6596,22.63993641,288.31,7,7239.12,6239.12
6597,13.47950527,318.29,10,7239.12,6239.12
6598,25.56610555,670.21,8,7239.12,6239.12
6599,12.5470619,398.26,8,7239.12,6239.12
6600,16.05018505,447.57,10,7239.12,6239.12
6601,23.8125675,648.24,13,7239.12,6239.12
6602,17.52896647,524.92,13,7239.12,6239.12
6603,10.53579579,387.81,7,7239.12,6239.12
6604,13.58059759,282.81,9,7239.12,6239.12
6605,16.43792693,355.11,9,7239.12,6239.12
6606,8.781275934,517.42,9,7239.12,6239.12
6607,12.53686676,289.05,11,7239.12,6239.12
6608,18.12516438,424.41,7,7239.12,6239.12
6609,20.32028279,341.46,10,7239.12,6239.12
6610,12.84202404,529.73,10,7239.12,6239.12
6611,8.055045466,514.99,9,7239.12,6239.12
6612,13.31005229,280.52,9,7239.12,6239.12
6613,29.4664363,633.27,11,7239.12,6239.12
6614,10.74472619,320.53,13,7239.12,6239.12
6615,37.44839417,456.26,9,7239.12,6239.12
6616,32.08348738,459.92,9,7239.12,6239.12
6617,16.6745517,722.9,9,7239.12,6239.12
6618,24.1852904,477.62,9,7239.12,6239.12
6619,29.0429435,415.59,12,7239.12,6239.12
6620,16.29475451,446.46,9,7239.12,6239.12
6621,11.63433227,333.17,8,7239.12,6239.12
6622,16.90131266,521.85,9,7239.12,6239.12
6623,29.558,403.74,10,7239.12,6239.12
6624,36.11152501,412,8,7239.12,6239.12
6625,15.92232664,400.32,9,7239.12,6239.12
6626,13.0896463,326.86,10,7239.12,6239.12
6627,32.30977089,646.01,10,7239.12,6239.12
6628,12.69793069,464.15,11,7239.12,6239.12
6629,47.88764364,558.14,12,7239.12,6239.12
6630,28.574,541.44,8,7239.12,6239.12
6631,19.03553469,483.83,13,7239.12,6239.12
6632,17.19266963,604.57,12,7239.12,6239.12
6633,15.33426381,360.61,8,7239.12,6239.12
6634,31.09975583,494.2,14,7239.12,6239.12
6635,17.66044861,441.46,9,7239.12,6239.12
6636,46.25305663,641.22,11,7239.12,6239.12
6637,30.99793799,333.73,8,7239.12,6239.12
6638,22.52860838,398.86,9,7239.12,6239.12
6639,36.99228996,372.32,7,7239.12,6239.12
6640,11.2687644,310.71,7,7239.12,6239.12
6641,45.19224298,529.79,15,7239.12,6239.12
6642,11.83377672,521.54,8,7239.12,6239.12
6643,15.02313503,756.39,13,7239.12,6239.12
6644,13.07022512,446.02,9,7239.12,6239.12
6645,9.869884372,366.53,8,7239.12,6239.12
6646,14.4314389,530.53,10,7239.12,6239.12
6647,13.54742722,367.18,10,7239.12,6239.12
6648,36.84988254,583.54,16,7239.12,6239.12
6649,14.96008663,404.32,10,7239.12,6239.12
6650,22.66218228,526.18,10,7239.12,6239.12
6651,16.64044389,382.98,10,7239.12,6239.12
6652,30.32256427,477.92,8,7239.12,6239.12
6653,19.78639507,558.16,10,7239.12,6239.12
6654,19.50513609,490.68,10,7239.12,6239.12
6655,10.35272872,235.41,7,7239.12,6239.12
6656,8.403761755,474.15,9,7239.12,6239.12
6657,10.61155831,441.22,8,7239.12,6239.12
6658,44.34915753,674.87,11,7239.12,6239.12
6659,12.48213146,412.62,9,7239.12,6239.12
6660,11.95160976,301.81,11,7239.12,6239.12
6661,22.68442505,493.86,10,7239.12,6239.12
6662,25.93835097,739.16,10,7239.12,6239.12
6663,27.57924878,421.16,8,7239.12,6239.12
6664,23.33113997,489.31,14,7239.12,6239.12
6665,16.0261703,331.91,11,7239.12,6239.12
6666,22.168,681.79,10,7239.12,6239.12
6667,18.68113573,276.63,11,7239.12,6239.12
6668,15.02352799,476.6,11,7239.12,6239.12
6669,11.84289426,289.18,12,7239.12,6239.12
6670,20.40001681,534.05,8,7239.12,6239.12
6671,16.13905544,546.42,12,7239.12,6239.12
6672,9.127037565,469.28,12,7239.12,6239.12
6673,11.604,573.45,12,7239.12,6239.12
6674,25.933,409.38,7,7239.12,6239.12
6675,12.2581694,355.16,8,7239.12,6239.12
6676,21.54705848,400.06,7,7239.12,6239.12
6677,22.24397505,549.92,8,7239.12,6239.12
6678,25.70404249,460.29,7,7239.12,6239.12
6679,14.86134396,390.21,10,7239.12,6239.12
6680,7.42519243,453.68,7,7239.12,6239.12
6681,21.67595211,692.15,11,7239.12,6239.12
6682,8.655,326.67,7,7239.12,6239.12
6683,40.47032238,573.08,10,7239.12,6239.12
6684,15.36496162,467.45,10,7239.12,6239.12
6685,18.97506989,413.37,11,7239.12,6239.12
6686,11.30278644,363.24,9,7239.12,6239.12
6687,18.80919769,906.34,8,7239.12,6239.12
6688,14.395,268.98,10,7239.12,6239.12
6689,11.17652914,638.25,8,7239.12,6239.12
6690,13.09363702,574.41,8,7239.12,6239.12
6691,17.01006763,456.11,8,7239.12,6239.12
6692,21.83734224,434.79,9,7239.12,6239.12
6693,11.21935013,375.16,6,7239.12,6239.12
6694,15.53037227,329.7,7,7239.12,6239.12
6695,15.99310446,401.71,11,7239.12,6239.12
6696,17.76928496,489.3,12,7239.12,6239.12
6697,13.33600677,419.02,10,7239.12,6239.12
6698,14.32241342,367.56,9,7239.12,6239.12
6699,26.115,444.27,14,7239.12,6239.12
6700,14.78965025,330.21,12,7239.12,6239.12
6701,34.33771566,434.87,11,7239.12,6239.12
6702,13.2618272,374.4,14,7239.12,6239.12
6703,25.14666874,291.04,11,7239.12,6239.12
6704,13.01536095,610.82,12,7239.12,6239.12
6705,25.82838546,344.56,9,7239.12,6239.12
6706,19.41359232,558.73,9,7239.12,6239.12
6707,12.64065322,262.21,8,7239.12,6239.12
6708,32.1238832,482.52,9,7239.12,6239.12
6709,25.7969938,358.67,11,7239.12,6239.12
6710,8.1835061,544.33,9,7239.12,6239.12
6711,12.35734563,332.53,10,7239.12,6239.12
6712,20.42096916,314.24,9,7239.12,6239.12
6713,15.55737884,372.65,12,7239.12,6239.12
6714,12.00636228,492.16,13,7239.12,6239.12
6715,27.20843629,390.89,9,7239.12,6239.12
6716,66.00146358,667.42,10,7239.12,6239.12
6717,14.49831383,485.56,9,7239.12,6239.12
6718,24.64973998,479.26,7,7239.12,6239.12
6719,18.56559318,521.32,10,7239.12,6239.12
6720,29.39302799,513.07,8,7239.12,6239.12
6721,50.606,506.06,10,7239.12,6239.12
6722,9.681310015,331.47,8,7239.12,6239.12
6723,19.05136909,369.74,10,7239.12,6239.12
6724,9.759,444.76,8,7239.12,6239.12
6725,30.41371214,323.83,12,7239.12,6239.12
6726,17.33943837,868.34,12,7239.12,6239.12
6727,10.836139,387.99,9,7239.12,6239.12
6728,26.14755154,446.71,10,7239.12,6239.12
6729,29.6414433,601.25,11,7239.12,6239.12
6730,26.66778203,494.13,10,7239.12,6239.12
6731,24.2625449,523.43,8,7239.12,6239.12
6732,9.259722837,370.02,11,7239.12,6239.12
6733,49.26125884,512.79,9,7239.12,6239.12
6734,30.26774415,459.66,8,7239.12,6239.12
6735,13.52794956,651.21,9,7239.12,6239.12
6736,25.23742309,368.32,9,7239.12,6239.12
6737,14.02643993,341.76,10,7239.12,6239.12
6738,15.20665393,423.71,13,7239.12,6239.12
6739,25.31160969,634.25,12,7239.12,6239.12
6740,18.76768573,306.56,8,7239.12,6239.12
6741,34.12266667,447.86,16,7239.12,6239.12
6742,24.58,427.67,10,7239.12,6239.12
6743,17.338,353.56,9,7239.12,6239.12
6744,12.89875019,499.68,9,7239.12,6239.12
6745,28.13045207,415.66,11,7239.12,6239.12
6746,14.75561965,419.16,8,7239.12,6239.12
6747,10.32122003,295.93,9,7239.12,6239.12
6748,19.35038985,672.07,9,7239.12,6239.12
6749,13.78811338,545,10,7239.12,6239.12
6750,35.28908426,630.99,9,7239.12,6239.12
6751,35.71921428,418.09,10,7239.12,6239.12
6752,18.86503979,401.76,11,7239.12,6239.12
6753,13.78435282,296.58,12,7239.12,6239.12
6754,15.55959331,535.14,9,7239.12,6239.12
6755,44.528312,498.49,14,7239.12,6239.12
6756,14.87729266,498.85,8,7239.12,6239.12
6757,19.91532847,409.26,8,7239.12,6239.12
6758,26.35509723,315.19,9,7239.12,6239.12
6759,12.32773189,800.95,11,7239.12,6239.12
6760,8.506137612,491.7,9,7239.12,6239.12
6761,11.59824762,354.49,9,7239.12,6239.12
6762,13.11059755,356.27,10,7239.12,6239.12
6763,18.97010728,405.45,11,7239.12,6239.12
6764,17.60083662,488.08,11,7239.12,6239.12
6765,12.93442299,386.65,11,7239.12,6239.12
6766,12.178,580.71,9,7239.12,6239.12
6767,12.78365461,342.68,9,7239.12,6239.12
6768,18.5413562,386.57,9,7239.12,6239.12
6769,10.55591461,311.96,8,7239.12,6239.12
6770,11.35348989,528.91,11,7239.12,6239.12
6771,29.62674764,478.49,7,7239.12,6239.12
6772,8.695244816,436.19,10,7239.12,6239.12
6773,23.96710329,479.39,13,7239.12,6239.12
6774,12.39342664,321.71,10,7239.12,6239.12
6775,17.68263297,623.94,14,7239.12,6239.12
6776,20.41143561,482.71,14,7239.12,6239.12
6777,8.950058497,547.74,10,7239.12,6239.12
6778,14.21249644,433.91,10,7239.12,6239.12
6779,12.54942205,408.19,9,7239.12,6239.12
6780,8.099001214,400.59,11,7239.12,6239.12
6781,15.13600191,407.04,7,7239.12,6239.12
6782,25.68641218,347.55,7,7239.12,6239.12
6783,8.589277464,363.01,12,7239.12,6239.12
6784,21.73704602,444.34,11,7239.12,6239.12
6785,39.67852782,506.3,9,7239.12,6239.12
6786,32.85327415,396.7,13,7239.12,6239.12
6787,10.34285994,413.33,10,7239.12,6239.12
6788,12.72235637,430.98,14,7239.12,6239.12
6789,17.21675749,660.91,12,7239.12,6239.12
6790,15.01291965,525.39,12,7239.12,6239.12
6791,27.12120945,614.61,9,7239.12,6239.12
6792,20.67956162,310.14,8,7239.12,6239.12
6793,17.61472252,369.51,9,7239.12,6239.12
6794,20.23717519,395.4,10,7239.12,6239.12
6795,21.01826206,466.7,11,7239.12,6239.12
6796,57.36,573.6,8,7239.12,6239.12
6797,20.72868871,692.56,11,7239.12,6239.12
6798,19.368,611.71,10,7239.12,6239.12
6799,21.18522141,393.63,9,7239.12,6239.12
6800,24.29077526,529.33,12,7239.12,6239.12
6801,13.01977705,502.11,13,7239.12,6239.12
6802,22.21119608,378.9,8,7239.12,6239.12
6803,39.18070819,423.9,10,7239.12,6239.12
6804,30.10571438,539.38,12,7239.12,6239.12
6805,16.15896007,587.48,9,7239.12,6239.12
6806,20.06779391,397.25,10,7239.12,6239.12
6807,9.799577713,375.09,8,7239.12,6239.12
6808,10.99811243,363.58,8,7239.12,6239.12
6809,20.89750398,330.54,9,7239.12,6239.12
6810,23.60837779,360.86,10,7239.12,6239.12
6811,19.30511754,364.22,12,7239.12,6239.12
6812,16.19158846,377.57,9,7239.12,6239.12
6813,27.922,364.04,12,7239.12,6239.12
6814,16.91262719,354.81,7,7239.12,6239.12
6815,27.20508478,571.84,8,7239.12,6239.12
6816,20.007272,531.89,10,7239.12,6239.12
6817,26.717,337.48,10,7239.12,6239.12
6818,14.05988899,448.74,13,7239.12,6239.12
6819,10.07303918,364.82,8,7239.12,6239.12
6820,17.7627021,394.84,13,7239.12,6239.12
6821,25.72536684,610.97,11,7239.12,6239.12
6822,14.76018611,384.91,8,7239.12,6239.12
6823,21.87366385,429.73,8,7239.12,6239.12
6824,18.25935109,317.79,8,7239.12,6239.12
6825,25.14848465,313.33,7,7239.12,6239.12
6826,34.053,421.47,12,7239.12,6239.12
6827,32.38058112,614.11,9,7239.12,6239.12
6828,20.96118945,318.51,11,7239.12,6239.12
6829,37.78,550.04,8,7239.12,6239.12
6830,20.8892046,265.67,8,7239.12,6239.12
6831,31.17000834,343.88,8,7239.12,6239.12
6832,12.73215351,390.83,9,7239.12,6239.12
6833,35.02991707,636.97,9,7239.12,6239.12
6834,41.62170419,681.16,16,7239.12,6239.12
6835,13.47059472,354.41,11,7239.12,6239.12
6836,24.25446819,464.86,8,7239.12,6239.12
6837,38.6381677,399.14,9,7239.12,6239.12
6838,16.73634234,295.05,11,7239.12,6239.12
6839,13.86224379,487.79,7,7239.12,6239.12
6840,26.41228327,464.48,11,7239.12,6239.12
6841,14.253,375.11,10,7239.12,6239.12
6842,31.36484444,574.72,13,7239.12,6239.12
6843,13.0874667,335.39,14,7239.12,6239.12
6844,18.34405914,446.96,10,7239.12,6239.12
6845,8.233403209,399.05,8,7239.12,6239.12
6846,22.346,483.71,9,7239.12,6239.12
6847,21.36000349,405.06,12,7239.12,6239.12
6848,8.606565604,561.96,8,7239.12,6239.12
6849,14.78576433,398.88,7,7239.12,6239.12
6850,16.41603289,473.27,10,7239.12,6239.12
6851,35.9217306,523.57,8,7239.12,6239.12
6852,21.25257182,302.09,10,7239.12,6239.12
6853,24.99126815,664.62,13,7239.12,6239.12
6854,29.13675634,416.19,7,7239.12,6239.12
6855,54.5304571,565.23,8,7239.12,6239.12
6856,20.89955937,302.91,8,7239.12,6239.12
6857,25.00900969,395.55,9,7239.12,6239.12
6858,8.575444928,515.14,9,7239.12,6239.12
6859,7.283743611,374.13,12,7239.12,6239.12
6860,32.34337671,502.27,8,7239.12,6239.12
6861,22.27989757,418.49,12,7239.12,6239.12
6862,18.48917596,512.96,10,7239.12,6239.12
6863,17.98068673,316.43,9,7239.12,6239.12
6864,26.20710929,535.41,11,7239.12,6239.12
6865,26.45045327,419.41,12,7239.12,6239.12
6866,23.2954015,449.14,9,7239.12,6239.12
6867,11.13286756,317.55,10,7239.12,6239.12
6868,20.63165359,342.54,13,7239.12,6239.12
6869,17.36855577,443.75,11,7239.12,6239.12
6870,29.25307505,344.61,10,7239.12,6239.12
6871,34.18942697,484.59,12,7239.12,6239.12
6872,20.41641774,353.56,8,7239.12,6239.12
6873,32.94569549,359.29,10,7239.12,6239.12
6874,15.47609546,343.28,11,7239.12,6239.12
6875,7.758536236,333.35,12,7239.12,6239.12
6876,14.70976075,325.73,8,7239.12,6239.12
6877,17.91924948,611.98,11,7239.12,6239.12
6878,9.11775731,456.05,9,7239.12,6239.12
6879,13.5879235,574.75,6,7239.12,6239.12
6880,21.11801498,512.53,8,7239.12,6239.12
6881,27.68951905,426.01,13,7239.12,6239.12
6882,16.01819101,335.97,8,7239.12,6239.12
6883,19.48058213,365.28,8,7239.12,6239.12
6884,26.87630157,362.65,10,7239.12,6239.12
6885,12.03856858,328.02,11,7239.12,6239.12
6886,21.7194493,345.99,9,7239.12,6239.12
6887,12.99,378.11,8,7239.12,6239.12
6888,17.49233664,646.02,7,7239.12,6239.12
6889,10.17737714,420,8,7239.12,6239.12
6890,22.61918339,323.88,9,7239.12,6239.12
6891,9.675516224,583.58,8,7239.12,6239.12
6892,24.33239391,508.53,13,7239.12,6239.12
6893,7.596485971,481.64,7,7239.12,6239.12
6894,12.13213542,480.04,10,7239.12,6239.12
6895,22.713,267.96,7,7239.12,6239.12
6896,9.505023787,499.58,10,7239.12,6239.12
6897,17.21785844,502.59,11,7239.12,6239.12
6898,22.0642894,577.61,10,7239.12,6239.12
6899,15.16708819,450.37,9,7239.12,6239.12
6900,23.1470185,442.32,7,7239.12,6239.12
6901,14.38192616,501.84,11,7239.12,6239.12
6902,33.47952908,476.33,8,7239.12,6239.12
6903,23.39304731,475.54,6,7239.12,6239.12
6904,11.23874551,335.7,9,7239.12,6239.12
6905,9.916351899,360.98,10,7239.12,6239.12
6906,21.43658544,348.18,8,7239.12,6239.12
6907,18.16221755,510.48,10,7239.12,6239.12
6908,41.25516135,833.28,9,7239.12,6239.12
6909,13.619,296.76,11,7239.12,6239.12
6910,19.29882996,498.29,9,7239.12,6239.12
6911,19.1733905,398.03,9,7239.12,6239.12
6912,28.11,477.44,10,7239.12,6239.12
6913,11.279,469.63,7,7239.12,6239.12
6914,10.11461357,461.22,9,7239.12,6239.12
6915,26.44893217,418.84,11,7239.12,6239.12
6916,10.26822478,438.84,9,7239.12,6239.12
6917,23.43713905,740.63,8,7239.12,6239.12
6918,23.79945075,437.05,9,7239.12,6239.12
6919,43.71,437.1,9,7239.12,6239.12
6920,21.63290257,496.27,8,7239.12,6239.12
6921,14.55455025,724.52,13,7239.12,6239.12
6922,21.16090046,421.31,10,7239.12,6239.12
6923,13.65758792,363.31,8,7239.12,6239.12
6924,15.54582604,426.08,12,7239.12,6239.12
6925,21.235,483.47,10,7239.12,6239.12
6926,15.28619953,362.9,9,7239.12,6239.12
6927,48.969,489.69,10,7239.12,6239.12
6928,13.10179533,465.74,10,7239.12,6239.12
6929,25.91784618,501.36,9,7239.12,6239.12
6930,27.82917099,735.23,9,7239.12,6239.12
6931,19.28365167,356.3,10,7239.12,6239.12
6932,16.37713047,299.22,12,7239.12,6239.12
6933,19.28564634,421.59,10,7239.12,6239.12
6934,10.45830307,545.64,8,7239.12,6239.12
6935,31.582,389.55,8,7239.12,6239.12
6936,13.54790309,328.31,12,7239.12,6239.12
6937,18.09254646,453.24,8,7239.12,6239.12
6938,26.4108205,361.02,10,7239.12,6239.12
6939,14.47257258,341.89,11,7239.12,6239.12
6940,15.58392887,408.43,9,7239.12,6239.12
6941,38.28899161,495.36,9,7239.12,6239.12
6942,18.6270439,350.68,9,7239.12,6239.12
6943,11.59459156,375.06,15,7239.12,6239.12
6944,23.55446606,426.75,7,7239.12,6239.12
6945,11.25392763,415.7,8,7239.12,6239.12
6946,15.8559057,577.92,9,7239.12,6239.12
6947,12.112,416.3,9,7239.12,6239.12
6948,14.41236708,331.44,12,7239.12,6239.12
6949,25.07611614,389.35,11,7239.12,6239.12
6950,21.704,336.36,8,7239.12,6239.12
6951,9.009632333,382.84,11,7239.12,6239.12
6952,8.961644192,565.94,9,7239.12,6239.12
6953,18.78085803,438.41,9,7239.12,6239.12
6954,11.92568917,442.06,7,7239.12,6239.12
6955,17.548,539.01,9,7239.12,6239.12
6956,16.79236715,381.8,12,7239.12,6239.12
6957,21.2885688,353.57,8,7239.12,6239.12
6958,11.4295302,360.06,7,7239.12,6239.12
6959,10.05447044,375.62,10,7239.12,6239.12
6960,22.75169516,499.4,8,7239.12,6239.12
6961,19.70581063,390.96,10,7239.12,6239.12
6962,34.55931227,389.95,9,7239.12,6239.12
6963,11.9926958,364.43,18,7239.12,6239.12
6964,20.20905234,319.37,9,7239.12,6239.12
6965,26.73661196,578.02,11,7239.12,6239.12
6966,23.70420478,395.12,8,7239.12,6239.12
6967,17.52877412,380.32,11,7239.12,6239.12
6968,14.4197344,249.96,9,7239.12,6239.12
6969,30.26620519,370.22,10,7239.12,6239.12
6970,14.44180376,397.57,10,7239.12,6239.12
6971,24.76983114,473.51,7,7239.12,6239.12
6972,21.34388345,344.45,10,7239.12,6239.12
6973,15.28246009,738.45,15,7239.12,6239.12
6974,14.94538357,834.61,9,7239.12,6239.12
6975,19.69277974,446.13,7,7239.12,6239.12
6976,39.65649216,461.09,9,7239.12,6239.12
6977,16.12728028,353.36,10,7239.12,6239.12
6978,15.14280587,565.34,8,7239.12,6239.12
6979,8.432373808,483.91,8,7239.12,6239.12
6980,20.22617612,871.91,13,7239.12,6239.12
6981,10.38343887,394.96,9,7239.12,6239.12
6982,16.27349183,424.73,11,7239.12,6239.12
6983,15.91224078,676.24,12,7239.12,6239.12
6984,8.714,353.82,6,7239.12,6239.12
6985,17.23703627,427.64,12,7239.12,6239.12
6986,12.54914968,376.27,9,7239.12,6239.12
6987,11.302,381.63,11,7239.12,6239.12
6988,24.1948079,416.37,14,7239.12,6239.12
6989,19.42180476,425.12,10,7239.12,6239.12
6990,13.93836295,394.11,8,7239.12,6239.12
6991,11.06550991,460.3,8,7239.12,6239.12
6992,35.873,388.35,13,7239.12,6239.12
6993,20.99639062,459.3,12,7239.12,6239.12
6994,22.02729609,358.36,16,7239.12,6239.12
6995,31.82065746,416.54,15,7239.12,6239.12
6996,11.22992032,307.28,11,7239.12,6239.12
6997,29.85964811,764.26,9,7239.12,6239.12
6998,15.32579687,506.49,8,7239.12,6239.12
6999,16.19180931,400.68,9,7239.12,6239.12
7000,7.979239426,393.33,11,7239.12,6239.12
7001,16.23679657,543.8,10,7239.12,6239.12
7002,17.66131969,324.91,11,7239.12,6239.12
7003,19.12542457,396.12,9,7239.12,6239.12
7004,14.94945124,511.34,15,7239.12,6239.12
7005,21.12771414,352.63,10,7239.12,6239.12
7006,17.07501065,473.07,9,7239.12,6239.12
7007,15.9626142,466.02,7,7239.12,6239.12
7008,29.49463008,360.77,8,7239.12,6239.12
7009,22.31735511,426.62,8,7239.12,6239.12
7010,16.63735275,433.05,12,7239.12,6239.12
7011,21.6525375,404.43,8,7239.12,6239.12
7012,14.43576648,384.62,7,7239.12,6239.12
7013,22.94984431,451.89,8,7239.12,6239.12
7014,22.62238804,501.91,11,7239.12,6239.12
7015,34.654348,470.36,11,7239.12,6239.12
7016,14.56017223,398.83,9,7239.12,6239.12
7017,11.36274818,383.31,9,7239.12,6239.12
7018,23.763,343,7,7239.12,6239.12
7019,10.10894223,401.51,9,7239.12,6239.12
7020,22.70169783,597.15,10,7239.12,6239.12
7021,45.08242828,625.14,11,7239.12,6239.12
7022,9.709245493,496.83,12,7239.12,6239.12
7023,14.0850799,489.78,9,7239.12,6239.12
7024,10.169,398.77,11,7239.12,6239.12
7025,26.15657412,587.1,11,7239.12,6239.12
7026,24.50089077,514.11,7,7239.12,6239.12
7027,13.15794011,461.71,9,7239.12,6239.12
7028,12.45764541,427.22,10,7239.12,6239.12
7029,27.7960202,468.72,14,7239.12,6239.12
7030,15.24811817,499.77,8,7239.12,6239.12
7031,18.17813035,304.79,9,7239.12,6239.12
7032,14.60355422,457.85,10,7239.12,6239.12
7033,10.90314887,363.28,11,7239.12,6239.12
7034,22.82818939,977.22,9,7239.12,6239.12
7035,7.523983156,350.8,9,7239.12,6239.12
7036,45.10510617,508.1,7,7239.12,6239.12
7037,12.92847372,340.97,9,7239.12,6239.12
7038,19.00889538,541.13,10,7239.12,6239.12
7039,12.01038923,528.08,10,7239.12,6239.12
7040,21.9050269,354.27,9,7239.12,6239.12
7041,8.952714356,467.49,8,7239.12,6239.12
7042,13.34135011,275.09,9,7239.12,6239.12
7043,14.07405262,474.39,6,7239.12,6239.12
7044,34.642,506.72,10,7239.12,6239.12
7045,22.11252491,407.62,8,7239.12,6239.12
7046,9.416411503,304.55,10,7239.12,6239.12
7047,19.29153402,366.94,9,7239.12,6239.12
7048,18.09092147,579.91,9,7239.12,6239.12
7049,30.64853794,433.34,9,7239.12,6239.12
7050,26.844,391.41,13,7239.12,6239.12
7051,22.57118308,495.11,9,7239.12,6239.12
7052,15.40519044,403.45,7,7239.12,6239.12
7053,13.77094596,346.23,11,7239.12,6239.12
7054,15.78391221,498.34,8,7239.12,6239.12
7055,17.99686308,440.61,14,7239.12,6239.12
7056,19.63434247,483.17,12,7239.12,6239.12
7057,8.575662543,366.02,13,7239.12,6239.12
7058,11.97869498,580.17,9,7239.12,6239.12
7059,21.98755869,470.4,11,7239.12,6239.12
7060,12.81016587,487.51,10,7239.12,6239.12
7061,23.73207366,355.22,9,7239.12,6239.12
7062,12.51466053,658.95,8,7239.12,6239.12
7063,12.89331525,328.95,10,7239.12,6239.12
7064,9.677753442,408.43,8,7239.12,6239.12
7065,19.46678097,454.16,8,7239.12,6239.12
7066,15.1753923,326.59,16,7239.12,6239.12
7067,17.69732248,363.53,9,7239.12,6239.12
7068,29.39881083,428.16,11,7239.12,6239.12
7069,16.36159686,515.84,7,7239.12,6239.12
7070,10.29932609,261.17,8,7239.12,6239.12
7071,31.06749466,594.84,9,7239.12,6239.12
7072,11.07085661,501.28,11,7239.12,6239.12
7073,19.05497991,510.12,8,7239.12,6239.12
7074,33.16747735,445.95,7,7239.12,6239.12
7075,26.37967808,356.19,6,7239.12,6239.12
7076,11.29784787,368.81,9,7239.12,6239.12
7077,11.13522349,481.51,8,7239.12,6239.12
7078,11.01643604,773.28,19,7239.12,6239.12
7079,22.923,380.03,7,7239.12,6239.12
7080,35.912,456.22,10,7239.12,6239.12
7081,13.16954966,656.82,13,7239.12,6239.12
7082,19.00807089,386.27,8,7239.12,6239.12
7083,10.35262769,756.07,10,7239.12,6239.12
7084,24.825,347.61,8,7239.12,6239.12
7085,12.82717826,422.33,14,7239.12,6239.12
7086,17.92080515,510.42,10,7239.12,6239.12
7087,15.305,325.11,8,7239.12,6239.12
7088,16.543,380.66,8,7239.12,6239.12
7089,26.5356353,392.49,12,7239.12,6239.12
7090,11.9302682,568.97,9,7239.12,6239.12
7091,17.86,318.69,9,7239.12,6239.12
7092,16.04803157,367.56,11,7239.12,6239.12
7093,14.52314856,810.9,9,7239.12,6239.12
7094,7.704236908,366.07,8,7239.12,6239.12
7095,26.65954662,397.5,9,7239.12,6239.12
7096,33.40459952,526.54,10,7239.12,6239.12
7097,14.80024982,431.3,14,7239.12,6239.12
7098,27.77725496,424.74,17,7239.12,6239.12
7099,17.34455,335.73,8,7239.12,6239.12
7100,18.04335482,431.77,8,7239.12,6239.12
7101,18.70158429,599.92,12,7239.12,6239.12
7102,23.71414359,531.9,8,7239.12,6239.12
7103,20.07885348,457.34,7,7239.12,6239.12
7104,14.97208789,441.19,8,7239.12,6239.12
7105,21.65890114,496.58,10,7239.12,6239.12
7106,32.10101182,577.02,13,7239.12,6239.12
7107,13.78055074,471.72,13,7239.12,6239.12
7108,11.67853671,685.67,7,7239.12,6239.12
7109,13.39956591,598.84,9,7239.12,6239.12
7110,16.30898482,477.47,9,7239.12,6239.12
7111,15.32272565,502.78,8,7239.12,6239.12
7112,32.08404268,573.86,6,7239.12,6239.12
7113,21.377,326.42,11,7239.12,6239.12
7114,28.1522202,480.39,9,7239.12,6239.12
7115,22.13834231,508.21,16,7239.12,6239.12
7116,17.81102826,441.4,8,7239.12,6239.12
7117,11.897,466.16,12,7239.12,6239.12
7118,37.39246671,565.06,8,7239.12,6239.12
7119,25.17314934,368.89,10,7239.12,6239.12
7120,17.0899391,433.22,16,7239.12,6239.12
7121,16.78405619,361.75,8,7239.12,6239.12
7122,15.38062095,368.86,8,7239.12,6239.12
7123,17.69251912,603.66,10,7239.12,6239.12
7124,36.82371403,517.4,7,7239.12,6239.12
7125,48.00536438,522.51,12,7239.12,6239.12
7126,21.472,374.72,10,7239.12,6239.12
7127,13.698738,507.14,9,7239.12,6239.12
7128,24.22297231,383.3,11,7239.12,6239.12
7129,27.43470044,679.36,11,7239.12,6239.12
7130,15.66043266,248.93,11,7239.12,6239.12
7131,12.892,434.71,9,7239.12,6239.12
7132,10.50597701,298.39,7,7239.12,6239.12
7133,14.4867098,313.66,14,7239.12,6239.12
7134,24.902,342.44,13,7239.12,6239.12
7135,17.65763377,332.97,7,7239.12,6239.12
7136,28.67016662,389.92,10,7239.12,6239.12
7137,20.62165253,335.07,16,7239.12,6239.12
7138,13.69309501,314.53,11,7239.12,6239.12
7139,17.46084492,376.89,8,7239.12,6239.12
7140,28.57427648,356.39,10,7239.12,6239.12
7141,15.69298105,649.48,12,7239.12,6239.12
7142,8.051172257,293.62,10,7239.12,6239.12
7143,19.36591004,483.99,12,7239.12,6239.12
7144,9.302548973,399,9,7239.12,6239.12
7145,14.56635463,610.91,13,7239.12,6239.12
7146,24.54706812,453.62,10,7239.12,6239.12
7147,21.1425299,356.18,10,7239.12,6239.12
7148,14.04134687,383.09,11,7239.12,6239.12
7149,17.06900442,478.77,12,7239.12,6239.12
7150,14.32455504,426.23,6,7239.12,6239.12
7151,15.61176479,425.38,12,7239.12,6239.12
7152,13.47470798,275.65,7,7239.12,6239.12
7153,22.75110776,414.32,8,7239.12,6239.12
7154,20.88460884,554.64,8,7239.12,6239.12
7155,23.92625042,324.43,9,7239.12,6239.12
7156,9.61755209,505.16,7,7239.12,6239.12
7157,7.696182101,344.57,12,7239.12,6239.12
7158,20.17699541,474.5,11,7239.12,6239.12
7159,19.6498922,626.85,8,7239.12,6239.12
7160,10.4270278,403.55,10,7239.12,6239.12
7161,20.7048676,501.64,11,7239.12,6239.12
7162,23.15496466,316.1,11,7239.12,6239.12
7163,12.28375429,353.24,8,7239.12,6239.12
7164,10.02916339,351.92,9,7239.12,6239.12
7165,13.64474329,301.22,12,7239.12,6239.12
7166,17.38926573,431.6,8,7239.12,6239.12
7167,8.765151667,436.04,12,7239.12,6239.12
7168,13.65766821,394.91,9,7239.12,6239.12
7169,20.99163663,381.48,8,7239.12,6239.12
7170,15.41034425,799.37,12,7239.12,6239.12
7171,34.6491895,569.65,7,7239.12,6239.12
7172,26.50984476,509.46,10,7239.12,6239.12
7173,28.428,302.42,10,7239.12,6239.12
7174,13.51969574,454.18,9,7239.12,6239.12
7175,18.34702716,447.64,8,7239.12,6239.12
7176,22.75309548,508.65,12,7239.12,6239.12
7177,9.535623703,319.5,9,7239.12,6239.12
7178,21.82,669.41,13,7239.12,6239.12
7179,11.12784027,343.58,11,7239.12,6239.12
7180,18.27058146,660.06,8,7239.12,6239.12
7181,23.36859881,430.51,13,7239.12,6239.12
7182,28.29165381,313.07,8,7239.12,6239.12
7183,25.53145164,305.36,10,7239.12,6239.12
7184,27.20186823,355.27,11,7239.12,6239.12
7185,39.69079125,587.9,12,7239.12,6239.12
7186,20.39141703,311.06,10,7239.12,6239.12
7187,11.79037454,529.58,7,7239.12,6239.12
7188,36.01322858,498.74,11,7239.12,6239.12
7189,23.80255941,436.28,12,7239.12,6239.12
7190,17.0296707,344.89,9,7239.12,6239.12
7191,31.42902706,425.22,9,7239.12,6239.12
7192,17.45559163,580.35,7,7239.12,6239.12
7193,13.86063224,305.54,7,7239.12,6239.12
7194,23.029,458.12,11,7239.12,6239.12
7195,15.93483873,302.27,14,7239.12,6239.12
7196,12.79236786,335.76,8,7239.12,6239.12
7197,17.0433329,627.12,10,7239.12,6239.12
7198,14.47612528,434.98,8,7239.12,6239.12
7199,8.149627522,343.18,11,7239.12,6239.12
7200,15.33937422,576.92,8,7239.12,6239.12
7201,17.77884847,487.92,7,7239.12,6239.12
7202,12.77060313,357.39,11,7239.12,6239.12
7203,27.565,371.54,7,7239.12,6239.12
7204,15.90430316,425.26,8,7239.12,6239.12
7205,23.63996235,496.68,10,7239.12,6239.12
7206,12.68812615,344.17,7,7239.12,6239.12
7207,17.65642432,491.65,12,7239.12,6239.12
7208,14.82620231,454.39,8,7239.12,6239.12
7209,31.98772986,580.83,10,7239.12,6239.12
7210,24.27870708,412.83,8,7239.12,6239.12
7211,6.666734401,393.7,10,7239.12,6239.12
7212,14.05404029,439.31,8,7239.12,6239.12
7213,49.10613081,495.21,12,7239.12,6239.12
7214,7.908058268,455.14,8,7239.12,6239.12
7215,5.916071815,305.31,9,7239.12,6239.12
7216,18.24200539,292.17,7,7239.12,6239.12
7217,24.46199038,587.1,8,7239.12,6239.12
7218,43.77331817,823.63,15,7239.12,6239.12
7219,17.632,584.68,9,7239.12,6239.12
7220,38.55983276,409.49,8,7239.12,6239.12
7221,25.47008547,356.11,6,7239.12,6239.12
7222,22.69152999,323.2,8,7239.12,6239.12
7223,25.479,503.64,9,7239.12,6239.12
7224,27.31007108,673.4,10,7239.12,6239.12
7225,14.91448298,324.56,10,7239.12,6239.12
7226,18.67017105,440.42,7,7239.12,6239.12
7227,16.46888256,420.69,8,7239.12,6239.12
7228,10.26770526,516.35,11,7239.12,6239.12
7229,20.59329962,365.47,12,7239.12,6239.12
7230,25.50933744,419.53,8,7239.12,6239.12
7231,23.45247315,299.8,7,7239.12,6239.12
7232,11.4425596,562.46,13,7239.12,6239.12
7233,18.3220068,382.44,7,7239.12,6239.12
7234,22.26950716,524.34,10,7239.12,6239.12
7235,15.39252281,423.51,12,7239.12,6239.12
7236,10.89817814,455.77,9,7239.12,6239.12
7237,11.07012854,458,10,7239.12,6239.12
7238,11.41281121,359.71,11,7239.12,6239.12
7239,11.96200518,466.67,10,7239.12,6239.12
7240,12.12449173,335.65,10,7239.12,6239.12
7241,21.90285675,674.47,8,7239.12,6239.12
7242,16.34321724,522.38,12,7239.12,6239.12
7243,13.2008785,310.75,6,7239.12,6239.12
7244,25.30554435,446.19,9,7239.12,6239.12
7245,28.38737032,415.1,15,7239.12,6239.12
7246,19.13382218,359.48,14,7239.12,6239.12
7247,36.79390345,435.5,10,7239.12,6239.12
7248,14.418,293.32,7,7239.12,6239.12
7249,14.5178945,346.72,12,7239.12,6239.12
7250,15.92048298,373.98,9,7239.12,6239.12
7251,41.67534772,796.12,10,7239.12,6239.12
7252,18.46296783,470.97,8,7239.12,6239.12
7253,13.15662739,323.73,9,7239.12,6239.12
7254,9.135065506,473.45,11,7239.12,6239.12
7255,19.22916453,476.03,7,7239.12,6239.12
7256,18.81383559,483.27,13,7239.12,6239.12
7257,17.90846052,503.93,13,7239.12,6239.12
7258,21.94386418,310.98,7,7239.12,6239.12
7259,10.07618668,586.01,13,7239.12,6239.12
7260,14.95783049,487.75,12,7239.12,6239.12
7261,16.27535628,488.22,11,7239.12,6239.12
7262,36.09553154,508.42,6,7239.12,6239.12
7263,9.748211834,486.33,8,7239.12,6239.12
7264,14.2544318,326.67,10,7239.12,6239.12
7265,16.80480129,585.77,11,7239.12,6239.12
7266,8.94681917,309.81,9,7239.12,6239.12
7267,20.03922519,527.15,10,7239.12,6239.12
7268,18.155,321.98,8,7239.12,6239.12
7269,20.32123336,469.42,9,7239.12,6239.12
7270,14.84354941,484.11,8,7239.12,6239.12
7271,23.76773936,423.61,10,7239.12,6239.12
7272,26.58163181,354.33,10,7239.12,6239.12
7273,30.42304453,368.49,10,7239.12,6239.12
7274,23.02717596,512.87,11,7239.12,6239.12
7275,11.66882182,535.93,9,7239.12,6239.12
7276,25.534,440.04,14,7239.12,6239.12
7277,21.92317363,616.26,11,7239.12,6239.12
7278,12.04343734,524.78,10,7239.12,6239.12
7279,14.22371506,313.37,9,7239.12,6239.12
7280,29.427,418.48,11,7239.12,6239.12
7281,16.34600315,312.6,14,7239.12,6239.12
7282,18.75673073,524.46,12,7239.12,6239.12
7283,30.24032088,444.82,11,7239.12,6239.12
7284,16.49938369,440.39,8,7239.12,6239.12
7285,14.95083983,349.64,13,7239.12,6239.12
7286,12.52186249,354.08,9,7239.12,6239.12
7287,42.39395881,489.54,11,7239.12,6239.12
7288,23.07557028,314.91,11,7239.12,6239.12
7289,17.60181202,642.5,9,7239.12,6239.12
7290,25.0483246,400.74,11,7239.12,6239.12
7291,28.26121345,518.11,8,7239.12,6239.12
7292,15.34097094,357.39,7,7239.12,6239.12
7293,18.08959063,391.04,10,7239.12,6239.12
7294,23.24250578,392.21,9,7239.12,6239.12
7295,19.051,366.12,9,7239.12,6239.12
7296,23.82270855,336.83,10,7239.12,6239.12
7297,18.94602494,320.83,7,7239.12,6239.12
7298,8.438422288,356.16,11,7239.12,6239.12
7299,13.49842973,318.85,10,7239.12,6239.12
7300,19.95283597,390.9,11,7239.12,6239.12
7301,34.69147176,350.2,9,7239.12,6239.12
7302,32.508,737.85,10,7239.12,6239.12
7303,15.4966002,424.29,10,7239.12,6239.12
7304,18.08332209,306.72,9,7239.12,6239.12
7305,15.814,271.54,10,7239.12,6239.12
7306,51.7594955,645.12,12,7239.12,6239.12
7307,13.02839552,513.07,10,7239.12,6239.12
7308,12.96701001,359.26,10,7239.12,6239.12
7309,29.51407961,455.94,10,7239.12,6239.12
7310,12.94112511,622.45,14,7239.12,6239.12
7311,16.55402811,450.04,9,7239.12,6239.12
7312,19.34427975,397.86,8,7239.12,6239.12
7313,17.49557441,404.52,10,7239.12,6239.12
7314,8.920769304,413.49,9,7239.12,6239.12
7315,17.66032163,500.68,8,7239.12,6239.12
7316,29.25867887,547.07,11,7239.12,6239.12
7317,13.359,284.63,8,7239.12,6239.12
7318,35.46944601,410.08,9,7239.12,6239.12
7319,16.88383945,593.69,9,7239.12,6239.12
7320,15.50500127,438.99,8,7239.12,6239.12
7321,10.68387091,443.23,9,7239.12,6239.12
7322,13.56384987,487.45,12,7239.12,6239.12
7323,23.21941373,483.52,14,7239.12,6239.12
7324,26.04195773,699,10,7239.12,6239.12
7325,17.89882329,364.34,9,7239.12,6239.12
7326,29.753,500.65,8,7239.12,6239.12
7327,25.956,412.67,10,7239.12,6239.12
7328,12.15808496,479.05,11,7239.12,6239.12
7329,21.08735746,326.17,12,7239.12,6239.12
7330,20.97947285,396.35,12,7239.12,6239.12
7331,17.99160581,340.42,9,7239.12,6239.12
7332,11.84968753,437.63,7,7239.12,6239.12
7333,40.78311822,515.05,8,7239.12,6239.12
7334,12.58154938,418.51,9,7239.12,6239.12
7335,22.20728618,426.57,8,7239.12,6239.12
7336,16.86287924,304.31,8,7239.12,6239.12
7337,11.67122932,395.21,12,7239.12,6239.12
7338,31.0233594,421.97,9,7239.12,6239.12
7339,14.43111883,403.53,9,7239.12,6239.12
7340,23.80622678,722.05,17,7239.12,6239.12
7341,8.37626037,328.14,8,7239.12,6239.12
7342,12.98282178,396.34,12,7239.12,6239.12
7343,11.86157193,442.08,9,7239.12,6239.12
7344,19.76877402,320.95,8,7239.12,6239.12
7345,19.68200219,566.09,13,7239.12,6239.12
7346,15.41117867,384.25,11,7239.12,6239.12
7347,30.76400842,448.61,12,7239.12,6239.12
7348,39.76202624,459.82,10,7239.12,6239.12
7349,26.53924502,272.29,12,7239.12,6239.12
7350,21.90473652,323.28,8,7239.12,6239.12
7351,26.263,387.39,12,7239.12,6239.12
7352,7.26551409,407.39,11,7239.12,6239.12
7353,21.10933818,849.33,16,7239.12,6239.12
7354,21.021,294.27,13,7239.12,6239.12
7355,19.58255745,478.49,11,7239.12,6239.12
7356,10.78014184,266.76,9,7239.12,6239.12
7357,17.38243904,397.26,9,7239.12,6239.12
7358,70.23518415,743.91,8,7239.12,6239.12
7359,19.36881231,334.96,9,7239.12,6239.12
7360,15.12751447,326.06,8,7239.12,6239.12
7361,26.51166045,601.99,16,7239.12,6239.12
7362,14.6868602,416.43,12,7239.12,6239.12
7363,19.00073778,567.39,8,7239.12,6239.12
7364,27.52736762,503.17,11,7239.12,6239.12
7365,22.65104662,263.29,12,7239.12,6239.12
7366,49.28313625,494.3,9,7239.12,6239.12
7367,9.403696385,396.41,13,7239.12,6239.12
7368,23.85727634,327.94,15,7239.12,6239.12
7369,10.30253867,352.74,11,7239.12,6239.12
7370,19.81843353,423.73,10,7239.12,6239.12
7371,13.79739386,468.12,12,7239.12,6239.12
7372,13.38960792,338.63,9,7239.12,6239.12
7373,15.14802864,343.63,9,7239.12,6239.12
7374,18.83330694,562.45,7,7239.12,6239.12
7375,19.43904187,474.75,11,7239.12,6239.12
7376,48.12099912,575.07,9,7239.12,6239.12
7377,22.47627104,374.19,9,7239.12,6239.12
7378,14.524,311.12,13,7239.12,6239.12
7379,42.33093606,449.69,7,7239.12,6239.12
7380,23.18876092,425.85,15,7239.12,6239.12
7381,17.90468478,444.79,12,7239.12,6239.12
7382,14.64537539,353.61,10,7239.12,6239.12
7383,28.01687527,351.61,7,7239.12,6239.12
7384,21.26251033,541.1,15,7239.12,6239.12
7385,17.94190541,485.84,13,7239.12,6239.12
7386,22.33679317,518.62,11,7239.12,6239.12
7387,16.24862452,416.41,13,7239.12,6239.12
7388,14.72714645,366.15,9,7239.12,6239.12
7389,7.906388858,534.99,11,7239.12,6239.12
7390,7.602294396,595.62,13,7239.12,6239.12
7391,38.55270783,412.46,8,7239.12,6239.12
7392,14.84299466,359.91,11,7239.12,6239.12
7393,19.87148234,582.01,13,7239.12,6239.12
7394,27.17087044,366.38,10,7239.12,6239.12
7395,16.98981018,468.02,8,7239.12,6239.12
7396,10.14589429,413.71,9,7239.12,6239.12
7397,31.958,319.58,10,7239.12,6239.12
7398,18.31160198,358.12,10,7239.12,6239.12
7399,60.163,601.63,13,7239.12,6239.12
7400,32.86903817,451.19,10,7239.12,6239.12
7401,21.34984055,352.14,12,7239.12,6239.12
7402,17.06738232,588.27,13,7239.12,6239.12
7403,14.44756407,643.22,10,7239.12,6239.12
7404,25.62193024,297.51,10,7239.12,6239.12
7405,18.07709993,385.27,11,7239.12,6239.12
7406,20.23637015,469.06,15,7239.12,6239.12
7407,60.914,609.14,8,7239.12,6239.12
7408,10.4824283,428.63,8,7239.12,6239.12
7409,33.496,337.11,10,7239.12,6239.12
7410,19.00456599,544,13,7239.12,6239.12
7411,11.26349442,279.47,12,7239.12,6239.12
7412,16.51661532,501.08,12,7239.12,6239.12
7413,24.30603597,527.31,6,7239.12,6239.12
7414,23.63667172,884.27,12,7239.12,6239.12
7415,21.47222093,428.2,11,7239.12,6239.12
7416,27.804,298.83,9,7239.12,6239.12
7417,17.44541247,415.29,10,7239.12,6239.12
7418,9.087702217,515.24,14,7239.12,6239.12
7419,15.51428685,311.44,9,7239.12,6239.12
7420,13.56882989,306.23,7,7239.12,6239.12
7421,20.62360032,412.71,11,7239.12,6239.12
7422,42.51394597,474.8,13,7239.12,6239.12
7423,15.6750041,459.24,8,7239.12,6239.12
7424,20.59580638,508.44,7,7239.12,6239.12
7425,18.43100121,509.96,13,7239.12,6239.12
7426,32.186,360.72,9,7239.12,6239.12
7427,22.13338551,433.95,8,7239.12,6239.12
7428,6.887381398,383.89,14,7239.12,6239.12
7429,23.57350394,476.68,15,7239.12,6239.12
7430,12.55464152,345.83,9,7239.12,6239.12
7431,21.5645365,393.41,8,7239.12,6239.12
7432,23.729,371.53,8,7239.12,6239.12
7433,14.4270404,330.96,9,7239.12,6239.12
7434,33.62,430.54,9,7239.12,6239.12
7435,20.18517271,503.27,9,7239.12,6239.12
7436,29.78601607,697.24,11,7239.12,6239.12
7437,22.67427899,324.79,9,7239.12,6239.12
7438,60.749,607.49,9,7239.12,6239.12
7439,11.93400156,341.69,9,7239.12,6239.12
7440,17.49086361,403.66,9,7239.12,6239.12
7441,20.65948472,579.92,13,7239.12,6239.12
7442,9.548830928,382.42,8,7239.12,6239.12
7443,19.56029454,415.9,7,7239.12,6239.12
7444,14.29718431,464.76,8,7239.12,6239.12
7445,27.63315979,490.64,14,7239.12,6239.12
7446,9.090042017,234.44,9,7239.12,6239.12
7447,30.52952843,357.11,10,7239.12,6239.12
7448,23.36650097,406.33,9,7239.12,6239.12
7449,36.79294725,393.14,9,7239.12,6239.12
7450,10.70760367,433.79,11,7239.12,6239.12
7451,21.62642969,345.92,9,7239.12,6239.12
7452,27.70541919,321.81,10,7239.12,6239.12
7453,15.97583048,380.56,9,7239.12,6239.12
7454,8.670850865,570.04,8,7239.12,6239.12
7455,13.61533651,394.1,10,7239.12,6239.12
7456,22.03185705,471.6,8,7239.12,6239.12
7457,24.88283209,445.3,11,7239.12,6239.12
7458,11.34735132,449.75,8,7239.12,6239.12
7459,14.30407057,486.66,8,7239.12,6239.12
7460,19.30122887,365.49,10,7239.12,6239.12
7461,20.73571838,463.08,10,7239.12,6239.12
7462,11.24114386,532.58,10,7239.12,6239.12
7463,22.20984873,514.19,12,7239.12,6239.12
7464,12.58505092,506.43,10,7239.12,6239.12
7465,15.91583401,478.5,9,7239.12,6239.12
7466,13.22484562,283.81,8,7239.12,6239.12
7467,6.123834647,408.57,10,7239.12,6239.12
7468,14.03660422,422.2,7,7239.12,6239.12
7469,14.05217342,498.81,11,7239.12,6239.12
7470,12.30485211,605.94,9,7239.12,6239.12
7471,8.199554348,464.74,8,7239.12,6239.12
7472,17.98698966,445.46,10,7239.12,6239.12
7473,18.84006291,562.06,8,7239.12,6239.12
7474,21.84195003,437.7,15,7239.12,6239.12
7475,18.64003757,735.63,13,7239.12,6239.12
7476,18.87743899,388.3,8,7239.12,6239.12
7477,17.63168522,333.4,9,7239.12,6239.12
7478,63.69798566,697.27,9,7239.12,6239.12
7479,18.17115368,379.05,8,7239.12,6239.12
7480,16.51025968,443.94,12,7239.12,6239.12
7481,57.89517249,629.5,8,7239.12,6239.12
7482,25.40483639,424.07,6,7239.12,6239.12
7483,22.19354648,373.66,9,7239.12,6239.12
7484,17.8551105,401.46,7,7239.12,6239.12
7485,19.56539089,441.27,10,7239.12,6239.12
7486,13.22381434,689.29,10,7239.12,6239.12
7487,21.16876506,389.05,9,7239.12,6239.12
7488,30.14885007,303.21,8,7239.12,6239.12
7489,13.57509962,402.76,10,7239.12,6239.12
7490,14.91080651,439.06,11,7239.12,6239.12
7491,17.53645519,400.58,10,7239.12,6239.12
7492,12.98568156,415.46,8,7239.12,6239.12
7493,16.21204796,310.48,9,7239.12,6239.12
7494,8.35828241,318.33,12,7239.12,6239.12
7495,25.25019066,442.33,12,7239.12,6239.12
7496,27.09592166,494.17,9,7239.12,6239.12
7497,22.40899821,422.93,10,7239.12,6239.12
7498,38.31740383,486.7,10,7239.12,6239.12
7499,21.66886952,542.66,11,7239.12,6239.12
7500,33.207,522.72,8,7239.12,6239.12
7501,15.34872421,433.65,9,7239.12,6239.12
7502,8.919966817,454.83,14,7239.12,6239.12
7503,13.3968843,349.18,8,7239.12,6239.12
7504,11.16986305,532.52,10,7239.12,6239.12
7505,32.10366863,492.63,11,7239.12,6239.12
7506,26.07520496,406.15,10,7239.12,6239.12
7507,33.81601288,398.12,9,7239.12,6239.12
7508,17.12131176,609.04,8,7239.12,6239.12
7509,12.79946379,316.87,10,7239.12,6239.12
7510,15.22735423,518.55,8,7239.12,6239.12
7511,24.57625014,395.83,9,7239.12,6239.12
7512,8.943393809,446.71,10,7239.12,6239.12
7513,22.90267837,310.4,7,7239.12,6239.12
7514,11.1167507,394.24,7,7239.12,6239.12
7515,11.48158783,351.89,8,7239.12,6239.12
7516,20.52314361,318.44,7,7239.12,6239.12
7517,11.71618377,353.84,8,7239.12,6239.12
7518,23.70149098,772.34,11,7239.12,6239.12
7519,20.28963793,392.71,9,7239.12,6239.12
7520,19.96709144,622.52,9,7239.12,6239.12
7521,18.05131761,415.1,10,7239.12,6239.12
7522,36.1608649,471.61,9,7239.12,6239.12
7523,13.63416665,468.26,9,7239.12,6239.12
7524,23.11050282,610.64,9,7239.12,6239.12
7525,15.28258635,614.01,7,7239.12,6239.12
7526,30.11047474,554.65,14,7239.12,6239.12
7527,18.5991812,339.05,15,7239.12,6239.12
7528,10.8068974,458.26,8,7239.12,6239.12
7529,19.17167283,443.48,7,7239.12,6239.12
7530,17.27243588,342.09,12,7239.12,6239.12
7531,40.945,409.45,11,7239.12,6239.12
7532,13.05083991,335.18,13,7239.12,6239.12
7533,10.08456699,463.76,8,7239.12,6239.12
7534,21.52252871,314.2,7,7239.12,6239.12
7535,13.462,471.16,8,7239.12,6239.12
7536,21.61373436,472.35,11,7239.12,6239.12
7537,17.72391905,352.68,10,7239.12,6239.12
7538,14.86949042,254.13,7,7239.12,6239.12
7539,30.21185185,718.51,9,7239.12,6239.12
7540,57.359,573.59,11,7239.12,6239.12
7541,9.559863701,418.31,12,7239.12,6239.12
7542,22.7918509,469.14,16,7239.12,6239.12
7543,16.08594278,295.28,11,7239.12,6239.12
7544,13.87234735,324.04,9,7239.12,6239.12
7545,17.09380647,360.99,8,7239.12,6239.12
7546,21.14230445,341,7,7239.12,6239.12
7547,42.21,422.1,9,7239.12,6239.12
7548,25.98877799,489.21,13,7239.12,6239.12
7549,36.64507478,407.86,10,7239.12,6239.12
7550,15.98520473,287.99,9,7239.12,6239.12
7551,15.95332899,302.8,10,7239.12,6239.12
7552,16.2039648,379.27,10,7239.12,6239.12
7553,18.08857029,421.65,11,7239.12,6239.12
7554,10.3681541,358.32,10,7239.12,6239.12
7555,28.02123762,555.21,7,7239.12,6239.12
7556,14.24602805,451.34,11,7239.12,6239.12
7557,23.32411114,413.28,8,7239.12,6239.12
7558,23.25755708,471.64,9,7239.12,6239.12
7559,12.64367517,486.54,19,7239.12,6239.12
7560,9.417859114,266.16,8,7239.12,6239.12
7561,11.9744103,589.79,12,7239.12,6239.12
7562,18.82728329,315.65,10,7239.12,6239.12
7563,10.98833055,272.97,10,7239.12,6239.12
7564,15.74604201,400.53,8,7239.12,6239.12
7565,19.48115597,430.93,10,7239.12,6239.12
7566,34.17690563,405.28,9,7239.12,6239.12
7567,16.83284808,252.59,8,7239.12,6239.12
7568,10.73742824,316.48,9,7239.12,6239.12
7569,24.00888876,390.7,8,7239.12,6239.12
7570,15.01177443,365.52,11,7239.12,6239.12
7571,12.11362697,363.19,9,7239.12,6239.12
7572,19.734,419.89,11,7239.12,6239.12
7573,9.461093626,290.71,7,7239.12,6239.12
7574,9.149663355,437.45,10,7239.12,6239.12
7575,32.85511952,341,10,7239.12,6239.12
7576,13.35926512,648.77,11,7239.12,6239.12
7577,42.038,420.38,13,7239.12,6239.12
7578,27.84891107,309.07,13,7239.12,6239.12
7579,16.68781071,402.17,7,7239.12,6239.12
7580,11.04626456,712.23,10,7239.12,6239.12
7581,28.28252798,514.99,10,7239.12,6239.12
7582,12.83,367.53,7,7239.12,6239.12
7583,13.61463614,259.81,8,7239.12,6239.12
7584,20.5537231,409.04,11,7239.12,6239.12
7585,12.12966971,319.43,8,7239.12,6239.12
7586,31.48532936,403.46,12,7239.12,6239.12
7587,14.14325272,608.18,11,7239.12,6239.12
7588,10.18281861,406.77,10,7239.12,6239.12
7589,14.07846263,435.86,9,7239.12,6239.12
7590,24.96609988,369.73,9,7239.12,6239.12
7591,12.56400958,437.23,14,7239.12,6239.12
7592,16.27426055,595.74,13,7239.12,6239.12
7593,17.00538911,499.99,9,7239.12,6239.12
7594,39.01628645,478.04,8,7239.12,6239.12
7595,19.44994112,303.95,8,7239.12,6239.12
7596,8.051494189,604.54,7,7239.12,6239.12
7597,12.42902094,412.38,15,7239.12,6239.12
7598,7.676635004,371.78,7,7239.12,6239.12
7599,17.11761258,539.01,8,7239.12,6239.12
7600,17.65380206,368.46,14,7239.12,6239.12
7601,21.3667032,462.04,8,7239.12,6239.12
7602,13.67375909,513.41,11,7239.12,6239.12
7603,13.83236615,563.26,12,7239.12,6239.12
7604,18.00572142,332.96,10,7239.12,6239.12
7605,14.97088751,290.29,7,7239.12,6239.12
7606,32.47107683,335.99,15,7239.12,6239.12
7607,14.45239965,417.33,7,7239.12,6239.12
7608,20.34455535,360.77,14,7239.12,6239.12
7609,19.87559583,507.44,9,7239.12,6239.12
7610,10.38378729,596.1,7,7239.12,6239.12
7611,15.56104482,457.35,10,7239.12,6239.12
7612,10.88568505,345.11,8,7239.12,6239.12
7613,23.06,315.35,8,7239.12,6239.12
7614,37.74063617,382.29,8,7239.12,6239.12
7615,27.28845274,328.13,9,7239.12,6239.12
7616,12.41843039,504.35,10,7239.12,6239.12
7617,15.49654455,273.1,10,7239.12,6239.12
7618,21.75105566,437.52,8,7239.12,6239.12
7619,21.02022654,430.59,10,7239.12,6239.12
7620,11.52714657,563.84,8,7239.12,6239.12
7621,30.37570021,318.36,10,7239.12,6239.12
7622,7.282964111,399.4,9,7239.12,6239.12
7623,15.73777565,1079.72,10,7239.12,6239.12
7624,28.87427431,586.59,11,7239.12,6239.12
7625,24.65591088,508.95,9,7239.12,6239.12
7626,34.62201782,513.79,8,7239.12,6239.12
7627,29.897,424.85,11,7239.12,6239.12
7628,12.67148547,652.05,14,7239.12,6239.12
7629,26.99751821,504.14,8,7239.12,6239.12
7630,15.54730965,340.17,9,7239.12,6239.12
7631,27.7486454,442.6,12,7239.12,6239.12
7632,22.753,381.7,8,7239.12,6239.12
7633,35.36467825,445.02,11,7239.12,6239.12
7634,18.5625776,576.97,9,7239.12,6239.12
7635,21.85564433,384.62,10,7239.12,6239.12
7636,21.67,229.6,9,7239.12,6239.12
7637,27.788,291,8,7239.12,6239.12
7638,16.38255907,389.23,11,7239.12,6239.12
7639,26.33380151,340.12,11,7239.12,6239.12
7640,17.09937546,443.87,12,7239.12,6239.12
7641,19.25577301,523.82,10,7239.12,6239.12
7642,30.00393912,418.93,10,7239.12,6239.12
7643,22.59027644,304.16,15,7239.12,6239.12
7644,9.812964162,336.41,10,7239.12,6239.12
7645,12.3438773,403.4,8,7239.12,6239.12
7646,31.08935747,504.67,12,7239.12,6239.12
7647,16.14641522,622.46,10,7239.12,6239.12
7648,8.600490543,376.6,8,7239.12,6239.12
7649,44.9173168,538.9,11,7239.12,6239.12
7650,9.543170573,413.87,10,7239.12,6239.12
7651,15.85438419,341.05,9,7239.12,6239.12
7652,15.00768902,516.26,8,7239.12,6239.12
7653,20.88710531,321.16,11,7239.12,6239.12
7654,16.47118032,438.56,11,7239.12,6239.12
7655,15.34208205,404.15,11,7239.12,6239.12
7656,22.50475405,373.4,9,7239.12,6239.12
7657,18.509,405.09,10,7239.12,6239.12
7658,37.17367422,372.22,10,7239.12,6239.12
7659,25.80877378,476.83,11,7239.12,6239.12
7660,16.78800434,292.67,9,7239.12,6239.12
7661,17.92614675,530.65,13,7239.12,6239.12
7662,15.44366113,539.8,8,7239.12,6239.12
7663,33.1654735,365.52,10,7239.12,6239.12
7664,13.97403765,938.91,7,7239.12,6239.12
7665,25.42536556,463.39,9,7239.12,6239.12
7666,14.38574785,437.18,8,7239.12,6239.12
7667,13.25752744,375,11,7239.12,6239.12
7668,14.2297394,417.96,8,7239.12,6239.12
7669,15.62649585,401.54,9,7239.12,6239.12
7670,19.73296615,462.89,8,7239.12,6239.12
7671,40.68820042,407,12,7239.12,6239.12
7672,27.68948357,541.18,8,7239.12,6239.12
7673,26.01891479,669.36,10,7239.12,6239.12
7674,26.65972996,450.06,11,7239.12,6239.12
7675,33.39166199,446.53,13,7239.12,6239.12
7676,25.60210521,458.74,13,7239.12,6239.12
7677,15.7082304,333.1,12,7239.12,6239.12
7678,15.43050263,514.83,9,7239.12,6239.12
7679,13.36870685,485.51,9,7239.12,6239.12
7680,30.69156557,499.14,13,7239.12,6239.12
7681,13.53411499,259.63,11,7239.12,6239.12
7682,23.35113868,445.88,14,7239.12,6239.12
7683,20.20442106,634.62,9,7239.12,6239.12
7684,16.37453899,308.57,11,7239.12,6239.12
7685,14.56718717,318.86,7,7239.12,6239.12
7686,14.12462635,606.01,9,7239.12,6239.12
7687,30.83670351,514.68,9,7239.12,6239.12
7688,12.295,355.92,8,7239.12,6239.12
7689,30.21485645,406.71,11,7239.12,6239.12
7690,14.45343687,436.29,9,7239.12,6239.12
7691,13.2587705,480.15,8,7239.12,6239.12
7692,14.88135301,444.39,7,7239.12,6239.12
7693,28.11857589,729.05,8,7239.12,6239.12
7694,16.50980624,407.78,9,7239.12,6239.12
7695,17.08766612,390.46,8,7239.12,6239.12
7696,34.20604867,592.16,10,7239.12,6239.12
7697,16.56326377,544.1,12,7239.12,6239.12
7698,10.98323761,465.82,7,7239.12,6239.12
7699,20.44750564,312.67,11,7239.12,6239.12
7700,23.01219268,313.86,11,7239.12,6239.12
7701,16.29177378,404.76,8,7239.12,6239.12
7702,9.902653122,402.97,14,7239.12,6239.12
7703,43.08835939,454.44,11,7239.12,6239.12
7704,23.04775507,466.91,13,7239.12,6239.12
7705,17.22893249,493.54,7,7239.12,6239.12
7706,33.64189552,338.35,10,7239.12,6239.12
7707,31.29495002,482.13,10,7239.12,6239.12
7708,27.6057914,334.05,9,7239.12,6239.12
7709,35.28548525,545.81,11,7239.12,6239.12
7710,12.20015022,426.43,8,7239.12,6239.12
7711,23.16077372,517.62,11,7239.12,6239.12
7712,20.83891439,329.72,7,7239.12,6239.12
7713,18.76101607,510.84,9,7239.12,6239.12
7714,15.3036756,641.4,8,7239.12,6239.12
7715,21.41929145,416.66,11,7239.12,6239.12
7716,50.3293116,527.27,13,7239.12,6239.12
7717,15.37508088,365.93,10,7239.12,6239.12
7718,36.94253454,468.52,11,7239.12,6239.12
7719,23.992,349.32,13,7239.12,6239.12
7720,19.71449541,459.33,10,7239.12,6239.12
7721,20.26871327,316.65,10,7239.12,6239.12
7722,12.72355859,323.41,12,7239.12,6239.12
7723,6.043267729,368.53,8,7239.12,6239.12
7724,47.27046195,493.22,10,7239.12,6239.12
7725,25.06487245,571.83,8,7239.12,6239.12
7726,29.02254493,459.31,9,7239.12,6239.12
7727,13.02192493,482.53,10,7239.12,6239.12
7728,21.99918503,456.23,10,7239.12,6239.12
7729,10.82642158,400.67,11,7239.12,6239.12
7730,16.4220943,388.93,13,7239.12,6239.12
7731,17.98760371,346.22,10,7239.12,6239.12
7732,20.78344219,549.88,10,7239.12,6239.12
7733,8.095580596,573.19,8,7239.12,6239.12
7734,13.30771635,431.13,13,7239.12,6239.12
7735,10.18036844,689.43,9,7239.12,6239.12
7736,12.34160004,650.13,11,7239.12,6239.12
7737,46.44544512,631.22,12,7239.12,6239.12
7738,26.74551043,685.68,10,7239.12,6239.12
7739,32.296,322.96,7,7239.12,6239.12
7740,8.615643892,492.82,11,7239.12,6239.12
7741,15.10125389,398.65,8,7239.12,6239.12
7742,19.04931841,672.58,10,7239.12,6239.12
7743,17.86399408,443.96,12,7239.12,6239.12
7744,28.01259856,510.51,8,7239.12,6239.12
7745,25.28987208,861.98,9,7239.12,6239.12
7746,22.38693643,296.08,7,7239.12,6239.12
7747,14.11682893,751.1,17,7239.12,6239.12
7748,22.74228093,956.72,13,7239.12,6239.12
7749,9.908547015,708.36,16,7239.12,6239.12
7750,12.10483297,345.89,9,7239.12,6239.12
7751,8.941011981,351.75,12,7239.12,6239.12
7752,17.812,380.25,10,7239.12,6239.12
7753,14.49654661,472.3,13,7239.12,6239.12
7754,26.28195005,363.19,8,7239.12,6239.12
7755,35.78366617,460.5,14,7239.12,6239.12
7756,15.41920686,320.15,8,7239.12,6239.12
7757,20.88828255,523.64,8,7239.12,6239.12
7758,13.84353757,591,11,7239.12,6239.12
7759,20.75599902,624.54,7,7239.12,6239.12
7760,28.001,304.47,10,7239.12,6239.12
7761,35.54910547,635.65,14,7239.12,6239.12
7762,16.74264477,530.15,10,7239.12,6239.12
7763,9.017810747,501.96,9,7239.12,6239.12
7764,15.80224106,562.83,10,7239.12,6239.12
7765,8.250371471,298.11,10,7239.12,6239.12
7766,20.33278139,327.86,13,7239.12,6239.12
7767,20.695,430.68,11,7239.12,6239.12
7768,15.53626188,615.57,8,7239.12,6239.12
7769,7.559741735,358.22,8,7239.12,6239.12
7770,27.13048468,463.71,10,7239.12,6239.12
7771,9.222589734,406.59,14,7239.12,6239.12
7772,6.255199914,355.62,9,7239.12,6239.12
7773,29.53413206,486.12,12,7239.12,6239.12
7774,11.047,700.86,7,7239.12,6239.12
7775,13.29677964,367.48,11,7239.12,6239.12
7776,9.648899023,391.12,11,7239.12,6239.12
7777,19.30322234,354.18,11,7239.12,6239.12
7778,10.57068884,514.11,10,7239.12,6239.12
7779,11.2597614,467.03,10,7239.12,6239.12
7780,18.39770483,421.69,13,7239.12,6239.12
7781,12.15757207,467.81,12,7239.12,6239.12
7782,16.18866111,269.06,10,7239.12,6239.12
7783,7.071568055,389.36,8,7239.12,6239.12
7784,19.223,520.37,7,7239.12,6239.12
7785,16.49135782,450.44,10,7239.12,6239.12
7786,16.68030492,268.47,8,7239.12,6239.12
7787,15.62599273,398.43,9,7239.12,6239.12
7788,29.47365568,522.18,9,7239.12,6239.12
7789,28.42084433,558.61,10,7239.12,6239.12
7790,13.26528799,472.47,11,7239.12,6239.12
7791,18.25769692,333.3,10,7239.12,6239.12
7792,14.9048674,389.18,9,7239.12,6239.12
7793,18.48421371,385.51,10,7239.12,6239.12
7794,14.6822503,664.41,9,7239.12,6239.12
7795,46.82079486,564.42,13,7239.12,6239.12
7796,8.925314164,389,9,7239.12,6239.12
7797,21.21172492,544.32,9,7239.12,6239.12
7798,24.11480432,482.53,9,7239.12,6239.12
7799,20.52060017,384.59,8,7239.12,6239.12
7800,13.7906097,644.54,7,7239.12,6239.12
7801,42.82222826,520.38,12,7239.12,6239.12
7802,40.59043584,450.29,11,7239.12,6239.12
7803,9.852472518,446.24,9,7239.12,6239.12
7804,29.3419553,616.38,8,7239.12,6239.12
7805,14.1459374,394.09,9,7239.12,6239.12
7806,16.23233727,459.1,12,7239.12,6239.12
7807,23.45073686,345.73,8,7239.12,6239.12
7808,11.61169896,918.18,12,7239.12,6239.12
7809,10.79483505,805.91,9,7239.12,6239.12
7810,22.13014912,593.56,18,7239.12,6239.12
7811,13.10074881,605.66,10,7239.12,6239.12
7812,11.90815709,469.12,9,7239.12,6239.12
7813,45.011758,505.32,9,7239.12,6239.12
7814,19.50967244,488.18,8,7239.12,6239.12
7815,19.90157027,306.21,13,7239.12,6239.12
7816,9.239323664,662.66,10,7239.12,6239.12
7817,17.71698339,691.7,10,7239.12,6239.12
7818,25.722,343.97,8,7239.12,6239.12
7819,24.3848718,405.55,10,7239.12,6239.12
7820,14.07381488,399.56,9,7239.12,6239.12
7821,13.05951202,488.62,12,7239.12,6239.12
7822,25.97003076,381.34,13,7239.12,6239.12
7823,16.57597808,478.62,10,7239.12,6239.12
7824,28.95733386,499.26,9,7239.12,6239.12
7825,23.69059705,292.17,10,7239.12,6239.12
7826,29.66400446,395.22,10,7239.12,6239.12
7827,31.67569848,390.46,9,7239.12,6239.12
7828,6.181677338,363.89,9,7239.12,6239.12
7829,19.13670682,527.71,12,7239.12,6239.12
7830,27.64874024,365.75,7,7239.12,6239.12
7831,12.78501504,320.85,14,7239.12,6239.12
7832,16.50860555,417.52,15,7239.12,6239.12
7833,13.39894832,266.55,9,7239.12,6239.12
7834,25.464,254.64,7,7239.12,6239.12
7835,14.04928818,350.78,8,7239.12,6239.12
7836,25.86445642,560.45,11,7239.12,6239.12
7837,8.880390043,388.15,7,7239.12,6239.12
7838,12.75042844,311.34,11,7239.12,6239.12
7839,15.43695087,277.07,12,7239.12,6239.12
7840,20.01660763,362.83,8,7239.12,6239.12
7841,18.8311075,315.26,10,7239.12,6239.12
7842,11.9850955,561.28,9,7239.12,6239.12
7843,13.27004953,366.54,9,7239.12,6239.12
7844,25.46287158,403.86,9,7239.12,6239.12
7845,11.387,459.38,9,7239.12,6239.12
7846,14.77569434,299.36,10,7239.12,6239.12
7847,10.18609753,397.21,8,7239.12,6239.12
7848,17.73300627,374.01,8,7239.12,6239.12
7849,27.93382706,410.52,7,7239.12,6239.12
7850,13.09717035,401.85,9,7239.12,6239.12
7851,16.75942472,508.31,10,7239.12,6239.12
7852,16.033666,320.71,12,7239.12,6239.12
7853,38.076,380.76,8,7239.12,6239.12
7854,9.862917956,397.95,9,7239.12,6239.12
7855,30.715,418.6,8,7239.12,6239.12
7856,15.97890639,393.55,9,7239.12,6239.12
7857,19.578,615.74,11,7239.12,6239.12
7858,19.70305902,444.17,8,7239.12,6239.12
7859,16.39180606,710.97,9,7239.12,6239.12
7860,27.49248994,380.53,13,7239.12,6239.12
7861,20.30800503,347.15,9,7239.12,6239.12
7862,26.26093812,472.97,11,7239.12,6239.12
7863,15.41653609,626.27,13,7239.12,6239.12
7864,15.72928922,385.19,9,7239.12,6239.12
7865,59.25806805,865.95,17,7239.12,6239.12
7866,15.17053233,540.91,9,7239.12,6239.12
7867,11.20141719,409.36,8,7239.12,6239.12
7868,14.61086159,471.38,10,7239.12,6239.12
7869,17.02518317,384.81,9,7239.12,6239.12
7870,11.81666816,400.62,7,7239.12,6239.12
7871,12.41916176,505.25,9,7239.12,6239.12
7872,29.917,594.79,14,7239.12,6239.12
7873,33.44,342.38,10,7239.12,6239.12
7874,20.6702616,452.94,10,7239.12,6239.12
7875,13.18633453,437.31,14,7239.12,6239.12
7876,37.20362676,722.58,9,7239.12,6239.12
7877,20.70362001,467.26,10,7239.12,6239.12
7878,15.02357375,366.79,14,7239.12,6239.12
7879,12.90387261,342.77,9,7239.12,6239.12
7880,15.77397984,353.15,9,7239.12,6239.12
7881,9.710778795,402.26,12,7239.12,6239.12
7882,22.5915808,545.22,12,7239.12,6239.12
7883,22.14574512,367.49,10,7239.12,6239.12
7884,9.655356455,287.04,9,7239.12,6239.12
7885,15.45952436,834.4,9,7239.12,6239.12
7886,12.53758517,660.3,9,7239.12,6239.12
7887,20.27521045,414.28,7,7239.12,6239.12
7888,12.4805746,388.54,9,7239.12,6239.12
7889,10.63158067,391.77,14,7239.12,6239.12
7890,13.16709367,319.11,10,7239.12,6239.12
7891,15.00273813,410.94,8,7239.12,6239.12
7892,11.01227247,355.26,10,7239.12,6239.12
7893,10.352063,363.03,9,7239.12,6239.12
7894,5.680441911,312.25,9,7239.12,6239.12
7895,43.37479963,576.36,9,7239.12,6239.12
7896,9.633389598,317.32,10,7239.12,6239.12
7897,14.81858767,318.74,9,7239.12,6239.12
7898,18.387,371.23,11,7239.12,6239.12
7899,29.96018147,465.05,8,7239.12,6239.12
7900,16.84636119,632.5,9,7239.12,6239.12
7901,14.94995157,624.21,12,7239.12,6239.12
7902,31.28516738,473.16,8,7239.12,6239.12
7903,15.92039801,421.31,6,7239.12,6239.12
7904,10.47367878,483.46,12,7239.12,6239.12
7905,19.2875652,658.65,13,7239.12,6239.12
7906,9.23116556,469.11,9,7239.12,6239.12
7907,20.91942792,290.12,9,7239.12,6239.12
7908,10.13042339,479.4,12,7239.12,6239.12
7909,12.55030994,395.68,9,7239.12,6239.12
7910,20.13452857,320.36,11,7239.12,6239.12
7911,26.57990348,668.66,13,7239.12,6239.12
7912,13.50602158,421.13,9,7239.12,6239.12
7913,13.783,325.96,8,7239.12,6239.12
7914,11.73220865,544.97,8,7239.12,6239.12
7915,24.60927045,487.33,8,7239.12,6239.12
7916,23.08418353,368.25,8,7239.12,6239.12
7917,78.604,786.04,10,7239.12,6239.12
7918,25.380966,390.5,11,7239.12,6239.12
7919,14.21862734,248.2,11,7239.12,6239.12
7920,28.79881945,402.02,11,7239.12,6239.12
7921,19.8662974,682.9,8,7239.12,6239.12
7922,13.08352463,438.23,12,7239.12,6239.12
7923,41.744,417.44,12,7239.12,6239.12
7924,17.37161855,408.61,10,7239.12,6239.12
7925,20.91691323,461.63,14,7239.12,6239.12
7926,19.428,390.37,7,7239.12,6239.12
7927,10.32510971,485.03,7,7239.12,6239.12
7928,14.66219721,551.13,8,7239.12,6239.12
7929,8.875146015,699.76,10,7239.12,6239.12
7930,19.965,219.94,8,7239.12,6239.12
7931,16.49627982,501.73,16,7239.12,6239.12
7932,15.44581076,870.74,9,7239.12,6239.12
7933,26.364,538.32,9,7239.12,6239.12
7934,26.64130355,420.16,8,7239.12,6239.12
7935,8.973284114,386.28,9,7239.12,6239.12
7936,13.82569749,257.14,7,7239.12,6239.12
7937,23.00813008,506.57,10,7239.12,6239.12
7938,14.4872111,489.93,7,7239.12,6239.12
7939,13.66308071,286.38,6,7239.12,6239.12
7940,22.12366388,490.74,10,7239.12,6239.12
7941,25.96380949,501.26,10,7239.12,6239.12
7942,15.91585485,430.84,9,7239.12,6239.12
7943,14.772,279.96,9,7239.12,6239.12
7944,12.45765437,534.69,10,7239.12,6239.12
7945,13.6662709,454.97,12,7239.12,6239.12
7946,40.1731935,417.52,9,7239.12,6239.12
7947,15.3999601,258.85,8,7239.12,6239.12
7948,14.12868018,283.33,9,7239.12,6239.12
7949,9.45246838,463.36,8,7239.12,6239.12
7950,25.43312112,399.57,9,7239.12,6239.12
7951,28.625958,348.76,8,7239.12,6239.12
7952,28.94904205,291.32,11,7239.12,6239.12
7953,22.1115865,503.94,11,7239.12,6239.12
7954,33.98668705,571.34,14,7239.12,6239.12
7955,16.1095692,700.87,12,7239.12,6239.12
7956,14.70948089,384.99,11,7239.12,6239.12
7957,12.6219323,489.7,17,7239.12,6239.12
7958,23.15169385,534.87,14,7239.12,6239.12
7959,11.32430047,391.93,9,7239.12,6239.12
7960,27.05024435,708.5,11,7239.12,6239.12
7961,36.23425105,699.62,12,7239.12,6239.12
7962,21.08784492,690.84,16,7239.12,6239.12
7963,49.717,497.17,14,7239.12,6239.12
7964,40.78128453,442.95,9,7239.12,6239.12
7965,17.2184681,471.65,9,7239.12,6239.12
7966,22.36391162,338.1,7,7239.12,6239.12
7967,23.42862928,300.84,11,7239.12,6239.12
7968,9.850788423,537.13,10,7239.12,6239.12
7969,21.006,313.36,8,7239.12,6239.12
7970,12.85431197,303.91,7,7239.12,6239.12
7971,18.93548197,482.94,10,7239.12,6239.12
7972,21.13729892,388.65,11,7239.12,6239.12
7973,19.04764167,400.97,8,7239.12,6239.12
7974,11.25502485,516.23,11,7239.12,6239.12
7975,14.31877961,888.98,18,7239.12,6239.12
7976,18.67155009,346.15,8,7239.12,6239.12
7977,19.52504819,396.36,11,7239.12,6239.12
7978,23.25224185,487.33,8,7239.12,6239.12
7979,33.44996302,352.77,10,7239.12,6239.12
7980,24.88051792,360.64,10,7239.12,6239.12
7981,19.08,494.82,9,7239.12,6239.12
7982,7.492590852,394.36,8,7239.12,6239.12
7983,21.74817177,542.41,10,7239.12,6239.12
7984,14.10091516,354.98,7,7239.12,6239.12
7985,13.4667026,408.45,10,7239.12,6239.12
7986,23.05184601,491.44,11,7239.12,6239.12
7987,15.61705765,411.08,7,7239.12,6239.12
7988,14.54477659,259.96,8,7239.12,6239.12
7989,14.79606999,652.23,8,7239.12,6239.12
7990,11.01830899,314.73,9,7239.12,6239.12
7991,45.46220358,1225.07,9,7239.12,6239.12
7992,15.01944315,675.92,10,7239.12,6239.12
7993,9.891823088,368.66,6,7239.12,6239.12
7994,37.36024882,622.22,9,7239.12,6239.12
7995,30.277263,591.43,10,7239.12,6239.12
7996,13.37277418,827.53,11,7239.12,6239.12
7997,51.24788837,536.96,10,7239.12,6239.12
7998,29.50756265,434.85,8,7239.12,6239.12
7999,18.24929066,440.75,11,7239.12,6239.12
8000,20.53310084,883.18,16,7239.12,6239.12
8001,21.77949419,512.38,12,7239.12,6239.12
8002,15.49647541,475.28,8,7239.12,6239.12
8003,24.47010671,467.71,7,7239.12,6239.12
8004,20.93535076,405.82,11,7239.12,6239.12
8005,12.26507558,470.47,11,7239.12,6239.12
8006,9.22470669,368.69,9,7239.12,6239.12
8007,21.45171916,289.03,10,7239.12,6239.12
8008,17.84339194,341.99,6,7239.12,6239.12
8009,12.069,322.4,7,7239.12,6239.12
8010,14.99485459,369.93,9,7239.12,6239.12
8011,19.84197775,446.97,21,7239.12,6239.12
8012,14.14301306,486.91,8,7239.12,6239.12
8013,17.64787726,279.05,9,7239.12,6239.12
8014,10.82272144,315.59,10,7239.12,6239.12
8015,21.427,291.15,9,7239.12,6239.12
8016,24.13587429,611.27,8,7239.12,6239.12
8017,19.26634086,513.29,8,7239.12,6239.12
8018,17.91969514,372.88,12,7239.12,6239.12
8019,15.43205747,346.05,10,7239.12,6239.12
8020,30.23956404,336.27,7,7239.12,6239.12
8021,13.51609655,328.03,12,7239.12,6239.12
8022,8.877959218,553.91,12,7239.12,6239.12
8023,8.518739661,336.18,9,7239.12,6239.12
8024,8.397845751,354.35,8,7239.12,6239.12
8025,17.50444813,667.15,10,7239.12,6239.12
8026,21.2401495,471.68,11,7239.12,6239.12
8027,20.50501535,465.47,9,7239.12,6239.12
8028,16.54131848,353.18,10,7239.12,6239.12
8029,15.74739629,523.46,11,7239.12,6239.12
8030,11.57,273.15,10,7239.12,6239.12
8031,14.13774154,409.06,7,7239.12,6239.12
8032,9.1128306,347.35,11,7239.12,6239.12
8033,11.28918877,415.94,8,7239.12,6239.12
8034,13.34258645,331.3,12,7239.12,6239.12
8035,27.17975028,421.95,8,7239.12,6239.12
8036,20.53228127,520.33,8,7239.12,6239.12
8037,10.30198089,404.56,8,7239.12,6239.12
8038,15.57856752,523.64,10,7239.12,6239.12
8039,17.26501601,457.15,10,7239.12,6239.12
8040,12.57142067,422.79,10,7239.12,6239.12
8041,22.64432338,724.41,9,7239.12,6239.12
8042,12.26229885,419.38,11,7239.12,6239.12
8043,13.9356309,434.71,10,7239.12,6239.12
8044,21.97608206,525.04,10,7239.12,6239.12
8045,15.11914024,321.35,7,7239.12,6239.12
8046,8.71041258,456.55,9,7239.12,6239.12
8047,22.41091706,334.53,7,7239.12,6239.12
8048,11.87541428,420.11,8,7239.12,6239.12
8049,21.45623153,378.99,15,7239.12,6239.12
8050,11.24635804,273.4,9,7239.12,6239.12
8051,26.07042631,866.74,7,7239.12,6239.12
8052,40.659,406.59,9,7239.12,6239.12
8053,34.48189807,491.83,9,7239.12,6239.12
8054,25.0154561,384.39,7,7239.12,6239.12
8055,12.67606773,485.02,7,7239.12,6239.12
8056,8.715737804,536.94,12,7239.12,6239.12
8057,40.49123497,658.76,7,7239.12,6239.12
8058,11.9579476,459.03,9,7239.12,6239.12
8059,23.624,359.84,8,7239.12,6239.12
8060,55.6567566,582.96,11,7239.12,6239.12
8061,14.67852139,553.08,12,7239.12,6239.12
8062,23.83480537,493.43,11,7239.12,6239.12
8063,13.13597489,364.04,10,7239.12,6239.12
8064,14.00084977,297.16,11,7239.12,6239.12
8065,79.77269787,801.58,12,7239.12,6239.12
8066,13.65388488,339.46,7,7239.12,6239.12
8067,10.55062308,228.91,10,7239.12,6239.12
8068,28.677,521.72,8,7239.12,6239.12
8069,13.75697336,398.75,9,7239.12,6239.12
8070,23.01436999,359.71,8,7239.12,6239.12
8071,33.61884562,373.25,10,7239.12,6239.12
8072,16.5163981,552.86,11,7239.12,6239.12
8073,12.42512152,556.1,12,7239.12,6239.12
8074,11.46675933,509.08,12,7239.12,6239.12
8075,25.115,433.36,8,7239.12,6239.12
8076,20.27956763,357.28,11,7239.12,6239.12
8077,26.52944914,283.95,8,7239.12,6239.12
8078,14.00693917,414.2,11,7239.12,6239.12
8079,35.67189076,367.82,9,7239.12,6239.12
8080,47.06862335,517.03,17,7239.12,6239.12
8081,8.032019537,299.71,10,7239.12,6239.12
8082,13.72951201,360.02,8,7239.12,6239.12
8083,14.1142719,472.79,12,7239.12,6239.12
8084,8.688539455,472.82,7,7239.12,6239.12
8085,21.57704818,424.55,13,7239.12,6239.12
8086,25.94415189,565.1,11,7239.12,6239.12
8087,11.50442478,329.82,7,7239.12,6239.12
8088,17.97943421,879.66,14,7239.12,6239.12
8089,20.76610709,671.01,10,7239.12,6239.12
8090,13.48119699,740.63,8,7239.12,6239.12
8091,7.441908534,371.24,10,7239.12,6239.12
8092,33.014,371.39,10,7239.12,6239.12
8093,25.87150569,413.6,10,7239.12,6239.12
8094,18.14312369,526.59,9,7239.12,6239.12
8095,16.32635568,533.32,9,7239.12,6239.12
8096,11.999,480.17,9,7239.12,6239.12
8097,7.207197327,525.76,11,7239.12,6239.12
8098,24.16,506.65,8,7239.12,6239.12
8099,26.05571327,397.89,10,7239.12,6239.12
8100,24.08748888,704.27,10,7239.12,6239.12
8101,8.475252237,505.77,9,7239.12,6239.12
8102,26.30278271,405.02,10,7239.12,6239.12
8103,45.57639203,473.68,9,7239.12,6239.12
8104,13.62930925,535.7,11,7239.12,6239.12
8105,14.10098063,365.26,8,7239.12,6239.12
8106,9.738285117,437.77,8,7239.12,6239.12
8107,11.56590549,398.08,18,7239.12,6239.12
8108,11.74940059,435.37,10,7239.12,6239.12
8109,40.056,400.56,13,7239.12,6239.12
8110,17.15504008,548.83,11,7239.12,6239.12
8111,29.32584347,427.04,9,7239.12,6239.12
8112,12.29811212,342.65,11,7239.12,6239.12
8113,21.75340042,358.07,7,7239.12,6239.12
8114,35.614,401.24,11,7239.12,6239.12
8115,23.71867831,618.82,11,7239.12,6239.12
8116,18.3846233,500.78,8,7239.12,6239.12
8117,50.45950817,677.54,9,7239.12,6239.12
8118,10.08043678,407.67,10,7239.12,6239.12
8119,11.25312761,396.29,8,7239.12,6239.12
8120,15.45201843,547.11,9,7239.12,6239.12
8121,33.76705121,392.83,9,7239.12,6239.12
8122,16.25806358,370.22,11,7239.12,6239.12
8123,21.79527837,444.71,14,7239.12,6239.12
8124,21.068706,379.99,9,7239.12,6239.12
8125,27.31635389,566.57,9,7239.12,6239.12
8126,43.3699082,725.7,9,7239.12,6239.12
8127,15.43483638,733.65,9,7239.12,6239.12
8128,14.39223941,344.85,9,7239.12,6239.12
8129,23.08595031,450.49,11,7239.12,6239.12
8130,22.32880725,426.9,9,7239.12,6239.12
8131,25.24614938,434.36,8,7239.12,6239.12
8132,12.82286143,385.19,9,7239.12,6239.12
8133,7.785033,487.73,11,7239.12,6239.12
8134,34.29439495,382.65,11,7239.12,6239.12
8135,13.76817822,321.9,9,7239.12,6239.12
8136,11.91967132,296.72,10,7239.12,6239.12
8137,15.48224432,584.78,12,7239.12,6239.12
8138,12.56829622,410.86,7,7239.12,6239.12
8139,11.49313626,564.94,10,7239.12,6239.12
8140,19.73891789,301.13,10,7239.12,6239.12
8141,19.93349573,368.06,8,7239.12,6239.12
8142,24.46809817,398.37,9,7239.12,6239.12
8143,24.65910019,402.81,9,7239.12,6239.12
8144,16.72074396,492.66,9,7239.12,6239.12
8145,22.16913353,440.79,12,7239.12,6239.12
8146,10.94000532,703.45,18,7239.12,6239.12
8147,13.27145884,566.02,9,7239.12,6239.12
8148,26.67280019,361.59,10,7239.12,6239.12
8149,18.25971774,602.41,12,7239.12,6239.12
8150,22.15687168,481.51,8,7239.12,6239.12
8151,19.82494295,354.59,8,7239.12,6239.12
8152,16.03591849,575.24,16,7239.12,6239.12
8153,18.82663194,474.83,12,7239.12,6239.12
8154,18.56678624,484.73,9,7239.12,6239.12
8155,19.54442139,402.63,8,7239.12,6239.12
8156,8.253051577,474.17,11,7239.12,6239.12
8157,22.28003728,514.57,12,7239.12,6239.12
8158,10.53648242,380.78,10,7239.12,6239.12
8159,30.14369134,775.35,13,7239.12,6239.12
8160,34.0785263,454.72,11,7239.12,6239.12
8161,24.37,486.36,9,7239.12,6239.12
8162,9.129787132,456,10,7239.12,6239.12
8163,22.05332461,343.84,12,7239.12,6239.12
8164,12.24022362,427.31,8,7239.12,6239.12
8165,24.44192753,461.24,7,7239.12,6239.12
8166,25.459,320.17,10,7239.12,6239.12
8167,9.518815546,456.28,7,7239.12,6239.12
8168,20.27243734,475.47,11,7239.12,6239.12
8169,18.43649451,484.52,8,7239.12,6239.12
8170,8.576337296,382.27,12,7239.12,6239.12
8171,43.319,433.19,11,7239.12,6239.12
8172,14.62548058,267.03,9,7239.12,6239.12
8173,27.44584292,336.25,12,7239.12,6239.12
8174,19.27510913,418.16,8,7239.12,6239.12
8175,17.90683983,631.11,9,7239.12,6239.12
8176,11.88623259,373.74,7,7239.12,6239.12
8177,21.95100692,503.69,8,7239.12,6239.12
8178,14.50350548,399.34,7,7239.12,6239.12
8179,17.3566725,437.06,13,7239.12,6239.12
8180,24.53767489,388.58,11,7239.12,6239.12
8181,25.95037227,599.59,9,7239.12,6239.12
8182,11.56674942,507.35,8,7239.12,6239.12
8183,16.71036599,394.18,9,7239.12,6239.12
8184,38.57419147,718.02,10,7239.12,6239.12
8185,20.50341272,474.63,9,7239.12,6239.12
8186,9.550333331,357.08,7,7239.12,6239.12
8187,13.08662718,367.64,10,7239.12,6239.12
8188,32.34224513,622.74,7,7239.12,6239.12
8189,9.779311185,496.71,13,7239.12,6239.12
8190,24.63174005,726.19,12,7239.12,6239.12
8191,12.09530959,488.18,10,7239.12,6239.12
8192,29.16301167,495.36,12,7239.12,6239.12
8193,24.91290719,364.1,9,7239.12,6239.12
8194,22.5940824,373.61,10,7239.12,6239.12
8195,11.02408408,396.34,10,7239.12,6239.12
8196,11.27148592,382.5,11,7239.12,6239.12
8197,17.64218507,606.14,8,7239.12,6239.12
8198,26.37572592,383.78,8,7239.12,6239.12
8199,8.794644487,360.33,12,7239.12,6239.12
8200,12.67479249,453.52,11,7239.12,6239.12
8201,43.03177936,575.89,10,7239.12,6239.12
8202,34.09632504,373.44,9,7239.12,6239.12
8203,17.96241211,345.41,11,7239.12,6239.12
8204,12.10529367,312.57,11,7239.12,6239.12
8205,29.86948456,450.85,8,7239.12,6239.12
8206,9.494039022,384.55,11,7239.12,6239.12
8207,15.19458234,559.99,10,7239.12,6239.12
8208,12.339,534.19,8,7239.12,6239.12
8209,26.57455702,297.55,9,7239.12,6239.12
8210,25.85708011,400.34,8,7239.12,6239.12
8211,25.445,345.39,11,7239.12,6239.12
8212,47.82328103,518.72,12,7239.12,6239.12
8213,12.16934067,430.31,8,7239.12,6239.12
8214,14.33712972,375.34,8,7239.12,6239.12
8215,12.13625897,294.52,10,7239.12,6239.12
8216,18.037,478.44,16,7239.12,6239.12
8217,29.49309212,370.39,8,7239.12,6239.12
8218,10.87379339,392.81,9,7239.12,6239.12
8219,23.89493181,354.78,8,7239.12,6239.12
8220,15.26456699,412.04,9,7239.12,6239.12
8221,20.031,319.17,14,7239.12,6239.12
8222,12.82681006,618.69,9,7239.12,6239.12
8223,12.53638855,270.08,8,7239.12,6239.12
8224,11.90059566,322.01,9,7239.12,6239.12
8225,22.52794323,378.8,10,7239.12,6239.12
8226,29.88226008,516.71,9,7239.12,6239.12
8227,21.25331917,649.85,7,7239.12,6239.12
8228,18.71359877,451.84,10,7239.12,6239.12
8229,17.24657255,400.32,13,7239.12,6239.12
8230,15.01975371,454.69,7,7239.12,6239.12
8231,41.32414197,521.57,8,7239.12,6239.12
8232,24.76962772,405.78,10,7239.12,6239.12
8233,27.9030303,437.38,7,7239.12,6239.12
8234,20.21402886,468.26,14,7239.12,6239.12
8235,20.78854751,583.34,7,7239.12,6239.12
8236,13.92481955,525.25,14,7239.12,6239.12
8237,14.29952313,325.66,7,7239.12,6239.12
8238,32.02723642,576.66,8,7239.12,6239.12
8239,24.56866672,396.35,10,7239.12,6239.12
8240,22.26172421,451,11,7239.12,6239.12
8241,27.10252385,349.72,7,7239.12,6239.12
8242,19.96106884,454.64,8,7239.12,6239.12
8243,27.593,353.49,8,7239.12,6239.12
8244,25.34707192,327.91,8,7239.12,6239.12
8245,16.4884324,654.39,8,7239.12,6239.12
8246,24.20248982,566.26,9,7239.12,6239.12
8247,32.65351634,453.91,15,7239.12,6239.12
8248,14.02781909,468.43,9,7239.12,6239.12
8249,17.4231199,400.39,9,7239.12,6239.12
8250,15.70834219,290.41,7,7239.12,6239.12
8251,10.98111614,397,7,7239.12,6239.12
8252,21.58865867,325.4,9,7239.12,6239.12
8253,22.18395482,670.53,9,7239.12,6239.12
8254,17.38887761,685.4,15,7239.12,6239.12
8255,27.10414952,389.39,12,7239.12,6239.12
8256,15.31641281,585.95,8,7239.12,6239.12
8257,15.30721407,638.96,9,7239.12,6239.12
8258,7.602125756,489.51,9,7239.12,6239.12
8259,9.127654884,240.16,9,7239.12,6239.12
8260,19.6546212,357.28,10,7239.12,6239.12
8261,16.46792002,348.56,11,7239.12,6239.12
8262,12.94733548,455.06,7,7239.12,6239.12
8263,8.782277344,286.43,8,7239.12,6239.12
8264,36.77986627,710.69,13,7239.12,6239.12
8265,15.58596624,370.72,14,7239.12,6239.12
8266,10.83306168,593.34,7,7239.12,6239.12
8267,14.04226076,305.59,7,7239.12,6239.12
8268,21.77188836,633.71,12,7239.12,6239.12
8269,17.69275547,322.06,9,7239.12,6239.12
8270,15.62886252,354.05,8,7239.12,6239.12
8271,22.1911392,379.97,12,7239.12,6239.12
8272,15.42976829,429.96,13,7239.12,6239.12
8273,12.00195529,260.26,8,7239.12,6239.12
8274,24.79774136,581.45,19,7239.12,6239.12
8275,22.94039623,485.99,16,7239.12,6239.12
8276,28.69609103,662.52,7,7239.12,6239.12
8277,22.18066519,408.92,12,7239.12,6239.12
8278,15.97075292,273.25,8,7239.12,6239.12
8279,22.88629826,754.25,10,7239.12,6239.12
8280,16.52582222,493.78,11,7239.12,6239.12
8281,16.94435176,351.25,9,7239.12,6239.12
8282,33.73481606,525.72,13,7239.12,6239.12
8283,12.31267635,315.21,8,7239.12,6239.12
8284,27.963,353.49,8,7239.12,6239.12
8285,9.528606327,332.13,13,7239.12,6239.12
8286,19.33918472,385.37,8,7239.12,6239.12
8287,11.14115957,549.98,7,7239.12,6239.12
8288,15.65664835,484.88,9,7239.12,6239.12
8289,17.42623127,669.74,8,7239.12,6239.12
8290,11.98252185,608.24,10,7239.12,6239.12
8291,31.025,310.25,13,7239.12,6239.12
8292,9.780441609,302.68,10,7239.12,6239.12
8293,14.83057404,659.57,7,7239.12,6239.12
8294,14.29457529,295.08,8,7239.12,6239.12
8295,27.84713577,387,11,7239.12,6239.12
8296,13.35063875,510.2,11,7239.12,6239.12
8297,17.20244421,534.48,11,7239.12,6239.12
8298,19.36762409,438.46,10,7239.12,6239.12
8299,28.95978164,496.92,11,7239.12,6239.12
8300,56.924,569.24,7,7239.12,6239.12
8301,34.91858009,358.75,8,7239.12,6239.12
8302,19.39154335,400.44,11,7239.12,6239.12
8303,15.05068065,382.71,10,7239.12,6239.12
8304,15.65100047,525.39,11,7239.12,6239.12
8305,16.53856008,412.7,8,7239.12,6239.12
8306,20.71957846,411.35,10,7239.12,6239.12
8307,13.62151528,526.24,11,7239.12,6239.12
8308,18.09381024,549.12,12,7239.12,6239.12
8309,21.02051562,390.41,8,7239.12,6239.12
8310,33.49727217,373.92,9,7239.12,6239.12
8311,9.721716143,360.46,7,7239.12,6239.12
8312,17.68344918,344.73,7,7239.12,6239.12
8313,42.49,424.9,11,7239.12,6239.12
8314,37.35531222,537.98,9,7239.12,6239.12
8315,40.851,408.51,9,7239.12,6239.12
8316,14.62765457,679.4,16,7239.12,6239.12
8317,13.22781573,540.15,12,7239.12,6239.12
8318,14.77284917,489.88,10,7239.12,6239.12
8319,13.33404194,439.07,9,7239.12,6239.12
8320,23.46331402,437.21,8,7239.12,6239.12
8321,20.41255284,683.3,9,7239.12,6239.12
8322,22.82646044,445.1,9,7239.12,6239.12
8323,29.21498058,431.85,8,7239.12,6239.12
8324,14.26416758,636.01,9,7239.12,6239.12
8325,27.8255309,472.79,9,7239.12,6239.12
8326,22.8680512,480.97,14,7239.12,6239.12
8327,24.21675171,373.03,15,7239.12,6239.12
8328,40.21719593,805.47,13,7239.12,6239.12
8329,24.11756339,360.08,11,7239.12,6239.12
8330,17.98403904,813.74,10,7239.12,6239.12
8331,19.87306212,452.4,10,7239.12,6239.12
8332,8.743532746,529.78,13,7239.12,6239.12
8333,12.80967761,365.83,13,7239.12,6239.12
8334,14.45080109,302.05,9,7239.12,6239.12
8335,11.79817534,425.78,9,7239.12,6239.12
8336,20.52684548,642.48,8,7239.12,6239.12
8337,7.648038386,317.98,9,7239.12,6239.12
8338,14.68099738,404.41,12,7239.12,6239.12
8339,7.465992673,385.33,9,7239.12,6239.12
8340,22.88593227,515.35,8,7239.12,6239.12
8341,18.54962104,532.75,11,7239.12,6239.12
8342,39.7588429,758.64,13,7239.12,6239.12
8343,8.263728967,516.18,7,7239.12,6239.12
8344,17.78112649,439.44,8,7239.12,6239.12
8345,12.59529737,486.71,12,7239.12,6239.12
8346,48.47246377,668.92,9,7239.12,6239.12
8347,33.68856005,381.56,10,7239.12,6239.12
8348,10.33281567,466.17,8,7239.12,6239.12
8349,11.48592878,302.79,9,7239.12,6239.12
8350,12.68758904,542.16,10,7239.12,6239.12
8351,17.56854556,487.94,9,7239.12,6239.12
8352,11.07978919,377.71,8,7239.12,6239.12
8353,52.176,521.76,14,7239.12,6239.12
8354,16.04505357,584.77,9,7239.12,6239.12
8355,9.513782542,376.18,8,7239.12,6239.12
8356,20.74241667,620.77,14,7239.12,6239.12
8357,21.39239411,304.6,8,7239.12,6239.12
8358,32.16075587,438.44,9,7239.12,6239.12
8359,40.52915313,530.02,10,7239.12,6239.12
8360,10.65866991,573.31,12,7239.12,6239.12
8361,15.93703669,526.83,10,7239.12,6239.12
8362,15.657101,504.41,8,7239.12,6239.12
8363,26.85043078,318.14,11,7239.12,6239.12
8364,15.5776392,416.88,9,7239.12,6239.12
8365,14.91483597,358.23,14,7239.12,6239.12
8366,15.55513452,440.81,9,7239.12,6239.12
8367,14.24875176,377.11,12,7239.12,6239.12
8368,20.89255634,324.24,9,7239.12,6239.12
8369,37.568,375.68,10,7239.12,6239.12
8370,16.04187804,366.82,8,7239.12,6239.12
8371,23.92906144,659.26,11,7239.12,6239.12
8372,18.24276589,315.7,13,7239.12,6239.12
8373,24.71515846,824.08,8,7239.12,6239.12
8374,24.29897525,352.6,12,7239.12,6239.12
8375,15.65022213,537.8,9,7239.12,6239.12
8376,20.699,278.18,9,7239.12,6239.12
8377,21.06234748,666.32,8,7239.12,6239.12
8378,21.31534216,404.4,10,7239.12,6239.12
8379,15.313,301.81,9,7239.12,6239.12
8380,13.5035768,399.94,9,7239.12,6239.12
8381,10.06572825,576.72,10,7239.12,6239.12
8382,8.932794534,331.23,15,7239.12,6239.12
8383,13.55467725,320.3,10,7239.12,6239.12
8384,20.53276116,480.84,9,7239.12,6239.12
8385,7.837016271,421.01,8,7239.12,6239.12
8386,8.539101068,488.11,9,7239.12,6239.12
8387,52.19937433,547.3,14,7239.12,6239.12
8388,25.36733804,977.85,11,7239.12,6239.12
8389,9.297354256,457.96,8,7239.12,6239.12
8390,27.601,358.21,9,7239.12,6239.12
8391,11.78230107,335.21,8,7239.12,6239.12
8392,21.59167704,488.75,9,7239.12,6239.12
8393,26.57007207,810.35,16,7239.12,6239.12
8394,6.225130179,288.95,10,7239.12,6239.12
8395,10.16905842,467.85,9,7239.12,6239.12
8396,10.97790203,494.37,7,7239.12,6239.12
8397,26.25451228,498.83,12,7239.12,6239.12
8398,8.771870384,410.17,10,7239.12,6239.12
8399,31.64570498,384.72,9,7239.12,6239.12
8400,13.67225538,640.82,9,7239.12,6239.12
8401,21.65759441,452.57,11,7239.12,6239.12
8402,15.44629946,270.25,9,7239.12,6239.12
8403,17.68876128,356.7,10,7239.12,6239.12
8404,12.1346842,424.45,11,7239.12,6239.12
8405,12.39708923,438.34,7,7239.12,6239.12
8406,11.67706511,309.32,14,7239.12,6239.12
8407,13.30572494,577.37,10,7239.12,6239.12
8408,12.30143896,295.22,10,7239.12,6239.12
8409,39.09971993,571.24,9,7239.12,6239.12
8410,26.60732608,399.36,9,7239.12,6239.12
8411,27.28480407,544.28,10,7239.12,6239.12
8412,16.26683691,405.56,13,7239.12,6239.12
8413,17.17238432,324.39,9,7239.12,6239.12
8414,17.99188356,538.22,7,7239.12,6239.12
8415,41.41698165,449.25,8,7239.12,6239.12
8416,26.459,463.11,8,7239.12,6239.12
8417,17.11835589,414.83,10,7239.12,6239.12
8418,15.79635901,531.29,8,7239.12,6239.12
8419,16.55646424,506.28,9,7239.12,6239.12
8420,19.48319954,309.41,14,7239.12,6239.12
8421,17.39867173,331.16,9,7239.12,6239.12
8422,8.531564501,357.28,8,7239.12,6239.12
8423,57.9679958,640.1,10,7239.12,6239.12
8424,22.2766676,416.08,10,7239.12,6239.12
8425,36.4006918,555.86,13,7239.12,6239.12
8426,11.7343738,425.38,11,7239.12,6239.12
8427,10.33487841,472.46,8,7239.12,6239.12
8428,10.98306943,460.91,9,7239.12,6239.12
8429,14.65168043,377.96,9,7239.12,6239.12
8430,10.72981011,424.86,10,7239.12,6239.12
8431,32.45982695,551.46,7,7239.12,6239.12
8432,10.38742099,327.23,8,7239.12,6239.12
8433,15.19421471,363.97,8,7239.12,6239.12
8434,18.34307587,290.89,9,7239.12,6239.12
8435,40.2081101,480.31,9,7239.12,6239.12
8436,11.72456643,417.63,10,7239.12,6239.12
8437,8.992715757,383.29,9,7239.12,6239.12
8438,19.58840362,451.95,10,7239.12,6239.12
8439,14.633,388.29,8,7239.12,6239.12
8440,14.59066029,442.57,10,7239.12,6239.12
8441,27.42227766,582.6,8,7239.12,6239.12
8442,15.90318822,364.83,9,7239.12,6239.12
8443,28.6831916,381.2,12,7239.12,6239.12
8444,23.70252093,418.67,8,7239.12,6239.12
8445,15.63222806,403.5,8,7239.12,6239.12
8446,15.97958337,482.33,8,7239.12,6239.12
8447,41.70064426,606.49,9,7239.12,6239.12
8448,7.905800265,476.33,8,7239.12,6239.12
8449,19.87034095,398.77,11,7239.12,6239.12
8450,11.42794226,354.17,12,7239.12,6239.12
8451,22.31456332,398.46,12,7239.12,6239.12
8452,15.72826064,668.13,12,7239.12,6239.12
8453,16.36039495,401.27,12,7239.12,6239.12
8454,13.78396792,580.64,9,7239.12,6239.12
8455,14.28029275,515.51,11,7239.12,6239.12
8456,20.54848567,732.66,12,7239.12,6239.12
8457,11.11984248,430.4,11,7239.12,6239.12
8458,10.016,503.11,12,7239.12,6239.12
8459,48.56971944,495.28,13,7239.12,6239.12
8460,29.24465589,365.14,9,7239.12,6239.12
8461,16.17902578,296.73,8,7239.12,6239.12
8462,25.32455047,355.62,9,7239.12,6239.12
8463,12.70432802,292.59,9,7239.12,6239.12
8464,20.043,335.23,18,7239.12,6239.12
8465,19.10615285,470.27,12,7239.12,6239.12
8466,14.24444336,756.36,8,7239.12,6239.12
8467,13.96638341,350.06,7,7239.12,6239.12
8468,18.24836402,359.73,10,7239.12,6239.12
8469,18.44153784,283.67,11,7239.12,6239.12
8470,10.01508058,508.04,11,7239.12,6239.12
8471,8.686456189,450.82,8,7239.12,6239.12
8472,18.15003356,305.18,11,7239.12,6239.12
8473,40.28519133,420.38,12,7239.12,6239.12
8474,10.99581877,394.76,16,7239.12,6239.12
8475,21.055,359.9,11,7239.12,6239.12
8476,17.60418988,402.26,7,7239.12,6239.12
8477,22.01817269,543.11,9,7239.12,6239.12
8478,23.61940359,583.9,10,7239.12,6239.12
8479,18.28735594,475.21,9,7239.12,6239.12
8480,20.56314776,493.24,8,7239.12,6239.12
8481,29.85968452,395.58,14,7239.12,6239.12
8482,19.2559093,321.68,12,7239.12,6239.12
8483,18.43149286,438.57,9,7239.12,6239.12
8484,11.96118664,229.53,9,7239.12,6239.12
8485,13.97093686,411.94,12,7239.12,6239.12
8486,17.386,393.65,9,7239.12,6239.12
8487,12.75454158,555.49,9,7239.12,6239.12
8488,21.3478287,471.35,13,7239.12,6239.12
8489,20.52005497,465.99,7,7239.12,6239.12
8490,19.33201809,421.32,10,7239.12,6239.12
8491,20.82308723,964.15,9,7239.12,6239.12
8492,7.804329204,371.13,10,7239.12,6239.12
8493,25.75424988,537.31,10,7239.12,6239.12
8494,58.65585851,596.97,7,7239.12,6239.12
8495,19.5809178,400.65,6,7239.12,6239.12
8496,15.15334894,518.34,11,7239.12,6239.12
8497,34.9395712,517.79,9,7239.12,6239.12
8498,11.2649087,571.48,6,7239.12,6239.12
8499,25.05916093,405.54,8,7239.12,6239.12
8500,17.60574621,337.8,9,7239.12,6239.12
8501,30.27506442,355.98,12,7239.12,6239.12
8502,21.52284213,425.47,9,7239.12,6239.12
8503,14.02071283,466.12,11,7239.12,6239.12
8504,10.45492984,636.7,9,7239.12,6239.12
8505,13.72359143,588.13,11,7239.12,6239.12
8506,17.29391629,366.16,13,7239.12,6239.12
8507,8.268532642,421.99,8,7239.12,6239.12
8508,8.453993283,480.5,11,7239.12,6239.12
8509,16.57773214,724.8,8,7239.12,6239.12
8510,29.88960971,369.05,9,7239.12,6239.12
8511,14.3751508,552.33,12,7239.12,6239.12
8512,17.33346498,382.81,9,7239.12,6239.12
8513,17.37058548,461.21,14,7239.12,6239.12
8514,20.71858941,339.65,11,7239.12,6239.12
8515,24.21218246,421.66,8,7239.12,6239.12
8516,33.00626619,459.84,10,7239.12,6239.12
8517,11.04690966,404.71,11,7239.12,6239.12
8518,25.941,432.65,9,7239.12,6239.12
8519,16.21908644,898.02,12,7239.12,6239.12
8520,16.60322082,405.09,9,7239.12,6239.12
8521,7.12750025,393.3,12,7239.12,6239.12
8522,18.49891487,425.34,8,7239.12,6239.12
8523,12.991,351.85,9,7239.12,6239.12
8524,14.65749644,663.86,11,7239.12,6239.12
8525,22.84678758,520.34,6,7239.12,6239.12
8526,14.83525568,336.72,11,7239.12,6239.12
8527,17.44428549,466.07,12,7239.12,6239.12
8528,11.41369076,405.43,12,7239.12,6239.12
8529,38.648,386.48,11,7239.12,6239.12
8530,13.11941653,378.46,8,7239.12,6239.12
8531,34.13258811,373.29,8,7239.12,6239.12
8532,22.01817056,657.98,15,7239.12,6239.12
8533,17.15654295,337.12,9,7239.12,6239.12
8534,18.90714485,339.02,10,7239.12,6239.12
8535,14.17661235,542.96,8,7239.12,6239.12
8536,18.68484794,526.59,9,7239.12,6239.12
8537,19.61970882,482.01,8,7239.12,6239.12
8538,15.17347947,538.77,8,7239.12,6239.12
8539,8.979728043,352.51,9,7239.12,6239.12
8540,13.016,367.47,10,7239.12,6239.12
8541,12.80475833,489.12,11,7239.12,6239.12
8542,24.2857227,412.17,9,7239.12,6239.12
8543,12.11140408,443.48,7,7239.12,6239.12
8544,26.21466065,304.32,12,7239.12,6239.12
8545,26.71400092,369.85,9,7239.12,6239.12
8546,23.51392849,322.95,9,7239.12,6239.12
8547,20.86589547,376.47,15,7239.12,6239.12
8548,10.99548581,561.72,9,7239.12,6239.12
8549,17.32030346,405.41,11,7239.12,6239.12
8550,20.08316781,562.16,16,7239.12,6239.12
8551,40.581,405.81,8,7239.12,6239.12
8552,10.803,402.06,13,7239.12,6239.12
8553,14.74029862,471.37,10,7239.12,6239.12
8554,16.89589585,581.64,10,7239.12,6239.12
8555,32.41215318,641.75,8,7239.12,6239.12
8556,27.009,274.74,7,7239.12,6239.12
8557,14.01048377,424.03,9,7239.12,6239.12
8558,16.14576855,514.03,16,7239.12,6239.12
8559,31.23642341,468.16,16,7239.12,6239.12
8560,11.63,430.71,9,7239.12,6239.12
8561,25.66841827,359.36,8,7239.12,6239.12
8562,14.33358192,620.22,8,7239.12,6239.12
8563,13.88866859,324.84,9,7239.12,6239.12
8564,12.85171128,512.91,13,7239.12,6239.12
8565,32.31367292,602.65,8,7239.12,6239.12
8566,6.83081201,355.57,9,7239.12,6239.12
8567,13.41969713,373.98,9,7239.12,6239.12
8568,19.47572407,648.23,14,7239.12,6239.12
8569,20.09169346,494.17,8,7239.12,6239.12
8570,22.92424033,381.55,9,7239.12,6239.12
8571,24.09100964,697.03,8,7239.12,6239.12
8572,12.0010625,370.48,11,7239.12,6239.12
8573,11.66562945,560.49,12,7239.12,6239.12
8574,17.42172961,569.68,17,7239.12,6239.12
8575,10.4297535,458.83,12,7239.12,6239.12
8576,33.15457939,516.86,10,7239.12,6239.12
8577,19.63498411,350.46,8,7239.12,6239.12
8578,12.29763657,388.55,8,7239.12,6239.12
8579,11.10700097,537.58,13,7239.12,6239.12
8580,41.3616318,490.52,10,7239.12,6239.12
8581,9.013165525,465.76,10,7239.12,6239.12
8582,12.036,285.62,9,7239.12,6239.12
8583,19.21813251,337.27,10,7239.12,6239.12
8584,42.39581854,744.47,10,7239.12,6239.12
8585,18.16068842,340.73,10,7239.12,6239.12
8586,28.31212937,421.22,8,7239.12,6239.12
8587,13.6506318,386.57,11,7239.12,6239.12
8588,23.87498144,474.74,11,7239.12,6239.12
8589,13.431,589.1,8,7239.12,6239.12
8590,19.2846438,490.26,9,7239.12,6239.12
8591,13.73745429,596.09,12,7239.12,6239.12
8592,17.13293519,601.51,12,7239.12,6239.12
8593,24.98643495,443.13,8,7239.12,6239.12
8594,29.91734373,339.87,11,7239.12,6239.12
8595,23.73687477,607.09,12,7239.12,6239.12
8596,22.09041728,481.01,13,7239.12,6239.12
8597,11.54614684,698.38,13,7239.12,6239.12
8598,26.40163584,481.05,12,7239.12,6239.12
8599,12.78055624,491.93,10,7239.12,6239.12
8600,29.79189391,410.57,11,7239.12,6239.12
8601,38.82351239,536.77,7,7239.12,6239.12
8602,25.836,358.24,9,7239.12,6239.12
8603,29.10530276,379.05,9,7239.12,6239.12
8604,18.39059604,430.78,18,7239.12,6239.12
8605,16.59095374,410.14,13,7239.12,6239.12
8606,8.535164975,291.87,8,7239.12,6239.12
8607,22.53917341,334.11,11,7239.12,6239.12
8608,18.23293134,382.66,11,7239.12,6239.12
8609,15.97108693,335.7,10,7239.12,6239.12
8610,22.45668811,292.43,8,7239.12,6239.12
8611,14.52525072,355.98,7,7239.12,6239.12
8612,8.677134199,407.46,10,7239.12,6239.12
8613,12.38668294,654.63,12,7239.12,6239.12
8614,24.23033446,363.26,10,7239.12,6239.12
8615,10.224,459.36,11,7239.12,6239.12
8616,12.93817822,554.89,11,7239.12,6239.12
8617,14.30512376,474.85,9,7239.12,6239.12
8618,16.36883952,496.39,11,7239.12,6239.12
8619,9.75843576,339.57,14,7239.12,6239.12
8620,27.75434097,376.01,12,7239.12,6239.12
8621,35.03,713.44,11,7239.12,6239.12
8622,10.85267657,240.2,11,7239.12,6239.12
8623,10.29233017,318.57,8,7239.12,6239.12
8624,8.598005612,453.2,9,7239.12,6239.12
8625,9.864050827,640.75,10,7239.12,6239.12
8626,7.44488911,321.96,10,7239.12,6239.12
8627,18.45551695,434.58,11,7239.12,6239.12
8628,13.87339624,317.15,8,7239.12,6239.12
8629,21.86568125,509.53,9,7239.12,6239.12
8630,9.688147911,577.5,8,7239.12,6239.12
8631,14.49675526,399.73,10,7239.12,6239.12
8632,8.391128152,345.79,10,7239.12,6239.12
8633,9.91477248,385.06,10,7239.12,6239.12
8634,9.382545577,264.1,8,7239.12,6239.12
8635,23.99113345,821.57,11,7239.12,6239.12
8636,17.88664504,457.87,8,7239.12,6239.12
8637,27.46715389,362.3,8,7239.12,6239.12
8638,26.81405376,526.14,8,7239.12,6239.12
8639,45.33382686,587.88,10,7239.12,6239.12
8640,15.90634764,689.89,14,7239.12,6239.12
8641,18.64,752.4,9,7239.12,6239.12
8642,23.801,457.55,9,7239.12,6239.12
8643,32.11095319,499.29,9,7239.12,6239.12
8644,15.64325086,507.17,6,7239.12,6239.12
8645,12.05002369,359.48,10,7239.12,6239.12
8646,14.26728675,288.68,11,7239.12,6239.12
8647,14.85074168,458.83,8,7239.12,6239.12
8648,21.04306668,455.17,8,7239.12,6239.12
8649,17.45571631,396.74,8,7239.12,6239.12
8650,8.568488285,645.28,12,7239.12,6239.12
8651,23.10659676,504.18,11,7239.12,6239.12
8652,14.91517552,233.7,9,7239.12,6239.12
8653,10.07059555,229.92,7,7239.12,6239.12
8654,29.67334946,515.07,10,7239.12,6239.12
8655,12.25929708,381.12,10,7239.12,6239.12
8656,17.45121889,300.43,10,7239.12,6239.12
8657,15.60162217,400.66,7,7239.12,6239.12
8658,23.82892995,413.98,10,7239.12,6239.12
8659,17.47980326,439,7,7239.12,6239.12
8660,16.205,382.35,10,7239.12,6239.12
8661,15.44378418,523.51,8,7239.12,6239.12
8662,42.3285561,579.77,10,7239.12,6239.12
8663,18.6729647,535.35,11,7239.12,6239.12
8664,12.53548314,318.88,19,7239.12,6239.12
8665,32.43700153,489.27,14,7239.12,6239.12
8666,13.36045964,398.52,11,7239.12,6239.12
8667,15.27609737,565.22,9,7239.12,6239.12
8668,24.337,314.89,7,7239.12,6239.12
8669,20.273,731.97,11,7239.12,6239.12
8670,15.1200868,461.27,12,7239.12,6239.12
8671,12.15596966,363.21,7,7239.12,6239.12
8672,50.069,500.69,10,7239.12,6239.12
8673,15.90606515,436.53,14,7239.12,6239.12
8674,17.326,492.11,9,7239.12,6239.12
8675,11.0862262,546.48,8,7239.12,6239.12
8676,32.71946995,448.22,9,7239.12,6239.12
8677,11.01156003,398.59,8,7239.12,6239.12
8678,24.20835747,406.59,9,7239.12,6239.12
8679,25.11246558,441.5,10,7239.12,6239.12
8680,27.614,458.92,9,7239.12,6239.12
8681,16.06601456,428.36,9,7239.12,6239.12
8682,32.78720637,450.72,9,7239.12,6239.12
8683,31.44853577,669.25,11,7239.12,6239.12
8684,9.098709244,404.67,9,7239.12,6239.12
8685,20.80609749,340.3,13,7239.12,6239.12
8686,30.46099195,342.14,9,7239.12,6239.12
8687,12.02230912,273.97,7,7239.12,6239.12
8688,12.45851728,424.09,10,7239.12,6239.12
8689,17.89394554,510.6,15,7239.12,6239.12
8690,23.06199208,549.22,14,7239.12,6239.12
8691,17.87,342.32,8,7239.12,6239.12
8692,17.32193583,403.54,11,7239.12,6239.12
8693,18.06376151,251.96,8,7239.12,6239.12
8694,15.68111276,433.19,8,7239.12,6239.12
8695,15.36058472,416.96,14,7239.12,6239.12
8696,20.52651063,401.2,15,7239.12,6239.12
8697,12.58812776,306.86,8,7239.12,6239.12
8698,18.68849856,542.8,10,7239.12,6239.12
8699,15.83090544,581.31,12,7239.12,6239.12
8700,16.90463492,751.22,10,7239.12,6239.12
8701,27.35428568,431.44,12,7239.12,6239.12
8702,16.99543483,483.73,8,7239.12,6239.12
8703,16.04309333,368.53,13,7239.12,6239.12
8704,13.285,313.56,13,7239.12,6239.12
8705,37.207,379.34,10,7239.12,6239.12
8706,17.28159348,334.9,9,7239.12,6239.12
8707,16.901,418.3,9,7239.12,6239.12
8708,11.77190646,626.79,9,7239.12,6239.12
8709,12.48020566,364.11,9,7239.12,6239.12
8710,22.55076947,331.6,13,7239.12,6239.12
8711,10.81727185,436.12,9,7239.12,6239.12
8712,11.71357906,455.12,11,7239.12,6239.12
8713,15.49036132,402.01,7,7239.12,6239.12
8714,23.28837414,310.3,11,7239.12,6239.12
8715,14.27519306,419.77,12,7239.12,6239.12
8716,19.11189932,338.05,11,7239.12,6239.12
8717,19.22016975,481.71,17,7239.12,6239.12
8718,7.345081803,555.82,9,7239.12,6239.12
8719,13.48117137,410.82,12,7239.12,6239.12
8720,15.51413726,342.97,11,7239.12,6239.12
8721,31.52517892,388.51,14,7239.12,6239.12
8722,9.164328432,298.09,9,7239.12,6239.12
8723,20.98094765,510.64,9,7239.12,6239.12
8724,14.14231492,507.48,11,7239.12,6239.12
8725,19.9082829,631.65,10,7239.12,6239.12
8726,14.20179777,671.63,11,7239.12,6239.12
8727,21.6202365,459.83,8,7239.12,6239.12
8728,35.64211768,658.62,11,7239.12,6239.12
8729,35.92341452,363.43,8,7239.12,6239.12
8730,30.71276867,361.52,8,7239.12,6239.12
8731,9.826070131,235.05,7,7239.12,6239.12
8732,20.96524686,355.08,8,7239.12,6239.12
8733,38.19299421,387.72,13,7239.12,6239.12
8734,20.91314688,286.46,12,7239.12,6239.12
8735,21.7457219,468.1,8,7239.12,6239.12
8736,15.76615914,356.04,11,7239.12,6239.12
8737,11.87038702,722.05,12,7239.12,6239.12
8738,7.081840106,314.82,9,7239.12,6239.12
8739,23.79112901,362.51,8,7239.12,6239.12
8740,37.0822992,412.37,11,7239.12,6239.12
8741,18.9674801,435.58,12,7239.12,6239.12
8742,13.37731476,450.55,11,7239.12,6239.12
8743,12.10659174,278.52,14,7239.12,6239.12
8744,16.63821909,598.52,12,7239.12,6239.12
8745,7.197625474,347.98,8,7239.12,6239.12
8746,14.38468997,372,8,7239.12,6239.12
8747,37.16613217,476.31,12,7239.12,6239.12
8748,10.67827703,448.21,9,7239.12,6239.12
8749,24.86246586,323.65,9,7239.12,6239.12
8750,16.10206608,338.24,8,7239.12,6239.12
8751,13.99511126,436.09,10,7239.12,6239.12
8752,15.78262727,305.73,13,7239.12,6239.12
8753,17.43830369,530.83,11,7239.12,6239.12
8754,15.44193953,359.63,8,7239.12,6239.12
8755,22.56035609,355.21,8,7239.12,6239.12
8756,19.208,651.38,8,7239.12,6239.12
8757,21.72490817,296.69,8,7239.12,6239.12
8758,17.37010647,494.15,9,7239.12,6239.12
8759,15.317,331.81,7,7239.12,6239.12
8760,25.41,417.2,10,7239.12,6239.12
8761,27.88362062,431.31,11,7239.12,6239.12
8762,37.28,418.59,10,7239.12,6239.12
8763,16.904,255.81,12,7239.12,6239.12
8764,20.68256191,525.85,9,7239.12,6239.12
8765,14.19087009,493.06,11,7239.12,6239.12
8766,34.949,435.86,9,7239.12,6239.12
8767,9.130197891,600.17,11,7239.12,6239.12
8768,15.47254502,577.79,13,7239.12,6239.12
8769,27.01388633,537.81,8,7239.12,6239.12
8770,53.34190571,605.66,11,7239.12,6239.12
8771,14.82822042,444.54,11,7239.12,6239.12
8772,23.327,369.63,11,7239.12,6239.12
8773,26.76659722,383.61,11,7239.12,6239.12
8774,15.205099,281.37,8,7239.12,6239.12
8775,34.64687858,469.24,8,7239.12,6239.12
8776,21.93160605,534.55,12,7239.12,6239.12
8777,20.3718687,704.18,14,7239.12,6239.12
8778,15.49118182,538.77,15,7239.12,6239.12
8779,12.4340545,392.49,10,7239.12,6239.12
8780,15.26268652,320.98,8,7239.12,6239.12
8781,18.75492734,431.75,12,7239.12,6239.12
8782,11.08707083,533.44,12,7239.12,6239.12
8783,26.9151641,345.16,8,7239.12,6239.12
8784,14.09820698,730.93,10,7239.12,6239.12
8785,13.26583835,526.48,13,7239.12,6239.12
8786,11.13667961,289.07,7,7239.12,6239.12
8787,42.33762919,431.34,12,7239.12,6239.12
8788,28.64737894,639.06,11,7239.12,6239.12
8789,19.90745443,402.52,7,7239.12,6239.12
8790,9.4696572,292.13,12,7239.12,6239.12
8791,14.39176957,699.88,7,7239.12,6239.12
8792,21.96124523,424.29,11,7239.12,6239.12
8793,14.92824092,308.32,9,7239.12,6239.12
8794,19.3763483,492.19,13,7239.12,6239.12
8795,21.60316848,698.18,14,7239.12,6239.12
8796,15.23192016,390.86,12,7239.12,6239.12
8797,18.305,512.52,7,7239.12,6239.12
8798,13.84608821,389.46,9,7239.12,6239.12
8799,17.57302727,453.66,8,7239.12,6239.12
8800,15.45465041,566.86,10,7239.12,6239.12
8801,10.98471046,521.52,8,7239.12,6239.12
8802,13.00880853,627.9,7,7239.12,6239.12
8803,9.718983461,383.46,8,7239.12,6239.12
8804,12.96327859,787.57,7,7239.12,6239.12
8805,22.90339014,304.06,9,7239.12,6239.12
8806,47.80399021,480.65,10,7239.12,6239.12
8807,29.54449516,524.92,16,7239.12,6239.12
8808,35.31304735,508.07,12,7239.12,6239.12
8809,20.59293147,488.23,9,7239.12,6239.12
8810,13.51916903,332.75,10,7239.12,6239.12
8811,8.835862817,477.78,14,7239.12,6239.12
8812,15.24056772,304.87,11,7239.12,6239.12
8813,14.31955839,421.41,21,7239.12,6239.12
8814,13.76085055,373.54,10,7239.12,6239.12
8815,36.89131318,399.71,12,7239.12,6239.12
8816,35.46392795,491.03,9,7239.12,6239.12
8817,32.61958866,678.98,16,7239.12,6239.12
8818,18.09909468,623.95,8,7239.12,6239.12
8819,9.205308701,354.38,11,7239.12,6239.12
8820,12.07146145,542.85,7,7239.12,6239.12
8821,20.03071448,353.47,9,7239.12,6239.12
8822,10.28433346,543.49,10,7239.12,6239.12
8823,12.97672545,612.19,10,7239.12,6239.12
8824,11.37428205,734.31,8,7239.12,6239.12
8825,16.55096782,352.68,8,7239.12,6239.12
8826,15.81967333,433.13,11,7239.12,6239.12
8827,30.3703609,712.68,7,7239.12,6239.12
8828,11.16319996,486.53,12,7239.12,6239.12
8829,37.16328651,511.43,9,7239.12,6239.12
8830,16.05130286,314.77,11,7239.12,6239.12
8831,8.789614094,546.52,10,7239.12,6239.12
8832,27.46240336,329.98,10,7239.12,6239.12
8833,10.96095742,557.95,10,7239.12,6239.12
8834,22.3945281,385.4,12,7239.12,6239.12
8835,30.13644099,390.98,11,7239.12,6239.12
8836,13.87946979,345.28,10,7239.12,6239.12
8837,11.68721653,347.66,10,7239.12,6239.12
8838,12.28455464,441.09,9,7239.12,6239.12
8839,23.10385064,269.28,11,7239.12,6239.12
8840,18.38843228,619.46,11,7239.12,6239.12
8841,13.26680934,485.41,8,7239.12,6239.12
8842,19.00842965,309.08,7,7239.12,6239.12
8843,18.84603708,400.85,12,7239.12,6239.12
8844,19.51,369.44,14,7239.12,6239.12
8845,13.3418893,381.23,14,7239.12,6239.12
8846,14.26979375,457.12,8,7239.12,6239.12
8847,12.26926894,448.29,11,7239.12,6239.12
8848,8.305946566,364.09,9,7239.12,6239.12
8849,12.93363057,384.99,9,7239.12,6239.12
8850,27.22343059,543.2,9,7239.12,6239.12
8851,39.54790056,483.06,11,7239.12,6239.12
8852,21.24652766,429.99,9,7239.12,6239.12
8853,14.98474595,505.69,9,7239.12,6239.12
8854,10.26755036,388.78,11,7239.12,6239.12
8855,25.461,299.34,9,7239.12,6239.12
8856,13.73979174,347.82,13,7239.12,6239.12
8857,19.45450273,494.71,7,7239.12,6239.12
8858,13.241,318.5,8,7239.12,6239.12
8859,29.13311762,774.3,14,7239.12,6239.12
8860,35.004,467.96,12,7239.12,6239.12
8861,37.1032159,374.39,9,7239.12,6239.12
8862,31.56413947,466.69,11,7239.12,6239.12
8863,12.58681023,420.5,9,7239.12,6239.12
8864,23.08521579,325.49,8,7239.12,6239.12
8865,18.565,556.76,10,7239.12,6239.12
8866,21.03020991,312.54,9,7239.12,6239.12
8867,8.352543038,393.34,11,7239.12,6239.12
8868,8.432294651,516.18,15,7239.12,6239.12
8869,20.00540519,836.46,13,7239.12,6239.12
8870,31.95861474,400.32,10,7239.12,6239.12
8871,13.49067874,379.36,9,7239.12,6239.12
8872,12.10885702,365.81,10,7239.12,6239.12
8873,21.45230466,459.29,10,7239.12,6239.12
8874,20.04551926,669.3,16,7239.12,6239.12
8875,10.13668871,425.05,9,7239.12,6239.12
8876,13.55491477,636.49,11,7239.12,6239.12
8877,12.85835378,415.96,9,7239.12,6239.12
8878,13.47796088,351.05,7,7239.12,6239.12
8879,26.28802502,514.96,15,7239.12,6239.12
8880,11.13236708,606.9,10,7239.12,6239.12
8881,20.50655039,331.98,10,7239.12,6239.12
8882,14.48778817,372.43,11,7239.12,6239.12
8883,19.47001629,633.79,10,7239.12,6239.12
8884,28.06009282,500.67,8,7239.12,6239.12
8885,14.13400022,292.55,10,7239.12,6239.12
8886,18.96030819,456.24,8,7239.12,6239.12
8887,16.2627304,382.17,11,7239.12,6239.12
8888,29.2440561,502.68,8,7239.12,6239.12
8889,13.37763704,296.54,10,7239.12,6239.12
8890,17.35979393,266.65,9,7239.12,6239.12
8891,18.11034585,585.33,12,7239.12,6239.12
8892,10.8155598,526.64,8,7239.12,6239.12
8893,16.64657482,371.35,13,7239.12,6239.12
8894,25.91987369,469.51,10,7239.12,6239.12
8895,32.38636364,503.88,10,7239.12,6239.12
8896,22.93101411,426.87,7,7239.12,6239.12
8897,25.241,389.21,8,7239.12,6239.12
8898,11.6344543,802.12,9,7239.12,6239.12
8899,13.32880735,502.21,12,7239.12,6239.12
8900,24.54983213,392.19,12,7239.12,6239.12
8901,10.20210971,351.94,10,7239.12,6239.12
8902,32.72782857,331.87,7,7239.12,6239.12
8903,19.41448754,435.15,7,7239.12,6239.12
8904,23.38419595,297.43,9,7239.12,6239.12
8905,41.738,417.38,9,7239.12,6239.12
8906,14.66987081,378.31,8,7239.12,6239.12
8907,10.40818824,443.07,8,7239.12,6239.12
8908,11.18376709,522.67,10,7239.12,6239.12
8909,16.28200984,459.83,10,7239.12,6239.12
8910,18.17149731,388.9,9,7239.12,6239.12
8911,46.016,460.16,11,7239.12,6239.12
8912,40.83265474,516.48,19,7239.12,6239.12
8913,9.737120443,432.04,9,7239.12,6239.12
8914,16.03704671,577.81,10,7239.12,6239.12
8915,12.21865319,320.67,9,7239.12,6239.12
8916,14.27516124,301.46,8,7239.12,6239.12
8917,33.21361495,405.58,10,7239.12,6239.12
8918,12.25900672,423.65,6,7239.12,6239.12
8919,16.019,655.01,11,7239.12,6239.12
8920,22.11414773,408.17,10,7239.12,6239.12
8921,27.31242456,432.2,11,7239.12,6239.12
8922,19.08227892,411.87,10,7239.12,6239.12
8923,14.42289248,375.95,11,7239.12,6239.12
8924,15.03708573,482.71,7,7239.12,6239.12
8925,27.351,854.15,9,7239.12,6239.12
8926,14.98373845,422.94,8,7239.12,6239.12
8927,15.43634399,391.56,10,7239.12,6239.12
8928,16.576,465.75,8,7239.12,6239.12
8929,11.97090162,442.66,11,7239.12,6239.12
8930,25.77975878,491.62,13,7239.12,6239.12
8931,23.58575218,369.84,8,7239.12,6239.12
8932,23.00292906,409.16,9,7239.12,6239.12
8933,16.71801754,483.2,8,7239.12,6239.12
8934,18.7129261,283.92,9,7239.12,6239.12
8935,17.0525449,388.23,19,7239.12,6239.12
8936,17.06105211,358,11,7239.12,6239.12
8937,13.71193856,593.12,9,7239.12,6239.12
8938,9.886318256,547.33,8,7239.12,6239.12
8939,32.0410302,950.84,9,7239.12,6239.12
8940,21.79456232,442.41,9,7239.12,6239.12
8941,14.52178234,359.1,14,7239.12,6239.12
8942,29.57903305,454.26,10,7239.12,6239.12
8943,34.27171652,630.98,8,7239.12,6239.12
8944,20.25272888,617.85,9,7239.12,6239.12
8945,15.33483542,511.13,14,7239.12,6239.12
8946,31.24179947,507.17,8,7239.12,6239.12
8947,27.93219858,630.48,9,7239.12,6239.12
8948,24.809,398.71,12,7239.12,6239.12
8949,29.27680325,339.81,9,7239.12,6239.12
8950,16.58279609,292.56,8,7239.12,6239.12
8951,37.96297102,436.54,8,7239.12,6239.12
8952,10.78641437,446.27,9,7239.12,6239.12
8953,11.82657329,430.11,9,7239.12,6239.12
8954,23.628,339.66,10,7239.12,6239.12
8955,14.90596633,363.61,11,7239.12,6239.12
8956,41.34939328,416.07,10,7239.12,6239.12
8957,30.45405435,379.6,9,7239.12,6239.12
8958,18.56653171,424.65,9,7239.12,6239.12
8959,29.17101332,492.15,9,7239.12,6239.12
8960,18.31391238,336.04,13,7239.12,6239.12
8961,28.52234338,545.4,10,7239.12,6239.12
8962,12.12957658,326.06,9,7239.12,6239.12
8963,28.10428551,686.41,10,7239.12,6239.12
8964,33.07751668,451.76,13,7239.12,6239.12
8965,8.604366856,262.75,12,7239.12,6239.12
8966,17.163,457.34,10,7239.12,6239.12
8967,19.84922248,504.92,10,7239.12,6239.12
8968,19.10808563,335.22,9,7239.12,6239.12
8969,20.579,275.03,10,7239.12,6239.12
8970,47.52267208,479.48,13,7239.12,6239.12
8971,15.51030731,502.9,11,7239.12,6239.12
8972,20.43818824,662.23,8,7239.12,6239.12
8973,21.20356494,585.74,10,7239.12,6239.12
8974,17.10872571,430.55,14,7239.12,6239.12
8975,19.16188922,453.81,15,7239.12,6239.12
8976,24.26043341,360.66,12,7239.12,6239.12
8977,10.67819527,309.93,10,7239.12,6239.12
8978,22.08533535,425.24,16,7239.12,6239.12
8979,13.65608482,715.12,8,7239.12,6239.12
8980,11.68687925,449.26,7,7239.12,6239.12
8981,13.68712965,456.84,10,7239.12,6239.12
8982,20.85953444,402.71,12,7239.12,6239.12
8983,13.87919112,500.94,9,7239.12,6239.12
8984,11.34432972,464.95,10,7239.12,6239.12
8985,11.05345018,398.3,7,7239.12,6239.12
8986,19.24580929,362.56,8,7239.12,6239.12
8987,29.93502648,348.77,11,7239.12,6239.12
8988,37.351,373.51,8,7239.12,6239.12
8989,45.08585389,655.12,8,7239.12,6239.12
8990,58.02706705,732.76,9,7239.12,6239.12
8991,14.015622,563.18,14,7239.12,6239.12
8992,13.23802477,592.58,11,7239.12,6239.12
8993,28.49508041,302.43,7,7239.12,6239.12
8994,10.771,369.13,11,7239.12,6239.12
8995,14.2048288,555.45,8,7239.12,6239.12
8996,52.29176934,679.04,13,7239.12,6239.12
8997,9.612355045,625.08,11,7239.12,6239.12
8998,12.76566565,414.6,9,7239.12,6239.12
8999,13.57184911,624.7,12,7239.12,6239.12
9000,17.9,341.85,6,7239.12,6239.12
9001,38.11601145,668.41,21,7239.12,6239.12
9002,16.2,451.06,10,7239.12,6239.12
9003,19.88601157,616.18,14,7239.12,6239.12
9004,11.61819672,445.58,7,7239.12,6239.12
9005,28.19666464,632.02,15,7239.12,6239.12
9006,13.86580627,342.61,9,7239.12,6239.12
9007,22.759,331.44,9,7239.12,6239.12
9008,47.18755373,795.87,10,7239.12,6239.12
9009,20.72261002,352.21,11,7239.12,6239.12
9010,12.7287429,447.81,9,7239.12,6239.12
9011,13.76665764,368.91,10,7239.12,6239.12
9012,36.326,363.26,8,7239.12,6239.12
9013,14.73936354,355.55,9,7239.12,6239.12
9014,14.41115325,385.96,11,7239.12,6239.12
9015,13.12696232,397.24,8,7239.12,6239.12
9016,31.17732595,611.06,11,7239.12,6239.12
9017,22.36127163,483.31,12,7239.12,6239.12
9018,8.351968021,356.56,8,7239.12,6239.12
9019,24.58069455,247.24,9,7239.12,6239.12
9020,8.545376403,381.87,7,7239.12,6239.12
9021,12.19913877,349.89,10,7239.12,6239.12
9022,13.07279057,442.88,8,7239.12,6239.12
9023,18.95899862,555.11,11,7239.12,6239.12
9024,14.7449153,406.02,11,7239.12,6239.12
9025,25.36293563,533.38,9,7239.12,6239.12
9026,20.7051587,432.04,9,7239.12,6239.12
9027,52.93,529.3,8,7239.12,6239.12
9028,35.40155617,442.7,10,7239.12,6239.12
9029,9.811205824,521.86,8,7239.12,6239.12
9030,30.54452582,653.02,12,7239.12,6239.12
9031,15.28316959,409.43,8,7239.12,6239.12
9032,14.38131642,486.1,11,7239.12,6239.12
9033,24.87436589,314.31,11,7239.12,6239.12
9034,11.52315654,452,11,7239.12,6239.12
9035,17.81244014,380.42,13,7239.12,6239.12
9036,42.21575538,494.68,8,7239.12,6239.12
9037,21.4322524,401.93,12,7239.12,6239.12
9038,13.86893811,339.82,7,7239.12,6239.12
9039,28.02883244,599.22,9,7239.12,6239.12
9040,7.166052275,337.31,8,7239.12,6239.12
9041,33.8784632,419.91,10,7239.12,6239.12
9042,12.43456909,480.63,11,7239.12,6239.12
9043,23.06677121,473.66,9,7239.12,6239.12
9044,10.06993396,349.94,10,7239.12,6239.12
9045,17.97153998,253.06,10,7239.12,6239.12
9046,6.083469007,459.6,10,7239.12,6239.12
9047,54.26880421,705.12,11,7239.12,6239.12
9048,19.78782595,423.68,12,7239.12,6239.12
9049,8.377336033,475.29,11,7239.12,6239.12
9050,20.89104592,421.41,7,7239.12,6239.12
9051,23.265,443.42,12,7239.12,6239.12
9052,9.53899757,516.75,9,7239.12,6239.12
9053,12.86117389,603.78,8,7239.12,6239.12
9054,12.7748621,690.48,9,7239.12,6239.12
9055,24.653,561.31,11,7239.12,6239.12
9056,15.77080838,256.05,14,7239.12,6239.12
9057,12.8385306,313.4,11,7239.12,6239.12
9058,26.141,278.54,9,7239.12,6239.12
9059,13.83194612,379.39,11,7239.12,6239.12
9060,15.05664022,321.4,8,7239.12,6239.12
9061,20.14652676,341.95,8,7239.12,6239.12
9062,6.637650319,309.43,7,7239.12,6239.12
9063,16.0450438,321.37,9,7239.12,6239.12
9064,9.233799142,374.58,9,7239.12,6239.12
9065,12.34735503,443.86,7,7239.12,6239.12
9066,57.451,574.51,10,7239.12,6239.12
9067,22.65507567,507.92,6,7239.12,6239.12
9068,17.89263741,429.67,10,7239.12,6239.12
9069,13.56989015,365.47,10,7239.12,6239.12
9070,20.15343633,895,8,7239.12,6239.12
9071,19.58059221,462.38,10,7239.12,6239.12
9072,18.64995427,462.89,19,7239.12,6239.12
9073,18.33349561,311.23,11,7239.12,6239.12
9074,26.65452097,423.68,9,7239.12,6239.12
9075,12.56056307,372.72,6,7239.12,6239.12
9076,23.04362185,326.1,9,7239.12,6239.12
9077,21.24219767,492.71,10,7239.12,6239.12
9078,15.99012361,508.24,18,7239.12,6239.12
9079,23.27340014,429.6,12,7239.12,6239.12
9080,30.24,417.66,9,7239.12,6239.12
9081,16.56535911,442.17,8,7239.12,6239.12
9082,30.5957406,450.06,14,7239.12,6239.12
9083,27.98951285,290.38,9,7239.12,6239.12
9084,26.81982225,436.97,9,7239.12,6239.12
9085,20.02232143,361.46,11,7239.12,6239.12
9086,24.14807302,432.76,12,7239.12,6239.12
9087,8.290879249,419.44,12,7239.12,6239.12
9088,13.61272165,458.65,11,7239.12,6239.12
9089,15.59659953,467.65,8,7239.12,6239.12
9090,21.39572752,487.47,11,7239.12,6239.12
9091,8.257896918,360.32,8,7239.12,6239.12
9092,16.44222955,347.84,9,7239.12,6239.12
9093,16.15162479,465.44,14,7239.12,6239.12
9094,32.70242894,626.33,9,7239.12,6239.12
9095,59.95278486,860.91,11,7239.12,6239.12
9096,13.20408606,299.49,10,7239.12,6239.12
9097,15.82107135,594.57,12,7239.12,6239.12
9098,62.32324001,654.93,13,7239.12,6239.12
9099,8.804298512,307.31,10,7239.12,6239.12
9100,14.23123856,294.35,8,7239.12,6239.12
9101,11.10491951,302.91,9,7239.12,6239.12
9102,38.39310663,508.39,15,7239.12,6239.12
9103,18.21967265,552.7,10,7239.12,6239.12
9104,12.72481418,242.56,8,7239.12,6239.12
9105,29.75093882,567.28,9,7239.12,6239.12
9106,11.66667784,348.08,10,7239.12,6239.12
9107,27.25925643,389.47,13,7239.12,6239.12
9108,20.8701724,324.92,7,7239.12,6239.12
9109,11.5988681,470.26,7,7239.12,6239.12
9110,18.90628853,451.44,10,7239.12,6239.12
9111,17.32607605,360.27,15,7239.12,6239.12
9112,15.04530169,795.91,10,7239.12,6239.12
9113,27.33418617,334.13,10,7239.12,6239.12
9114,18.36690106,496.81,12,7239.12,6239.12
9115,15.6957347,395.4,12,7239.12,6239.12
9116,18.13511966,522.5,8,7239.12,6239.12
9117,11.29456664,565.97,10,7239.12,6239.12
9118,6.410856017,335.41,8,7239.12,6239.12
9119,18.05802511,434.66,6,7239.12,6239.12
9120,18.46427348,323.47,8,7239.12,6239.12
9121,27.04698165,456.33,8,7239.12,6239.12
9122,20.8054697,649.91,7,7239.12,6239.12
9123,14.78594116,326.79,11,7239.12,6239.12
9124,21.16901318,586.84,11,7239.12,6239.12
9125,10.13341621,321.76,9,7239.12,6239.12
9126,15.60876169,397.77,8,7239.12,6239.12
9127,35.63254878,489.11,8,7239.12,6239.12
9128,13.53016506,704.72,13,7239.12,6239.12
9129,17.86411247,334.36,8,7239.12,6239.12
9130,32.89983744,502.02,12,7239.12,6239.12
9131,9.265468491,378.89,10,7239.12,6239.12
9132,10.12301642,334.08,8,7239.12,6239.12
9133,29.0799408,531.45,10,7239.12,6239.12
9134,16.35473043,693.82,13,7239.12,6239.12
9135,28.12143658,356.03,12,7239.12,6239.12
9136,12.87754055,694.1,14,7239.12,6239.12
9137,8.073414641,331.44,14,7239.12,6239.12
9138,13.29680699,297.34,9,7239.12,6239.12
9139,9.335644339,350.43,19,7239.12,6239.12
9140,29.17670982,447.75,9,7239.12,6239.12
9141,10.40301793,425.82,15,7239.12,6239.12
9142,30.17977296,467.37,11,7239.12,6239.12
9143,7.948386791,504.79,10,7239.12,6239.12
9144,20.087,305.72,11,7239.12,6239.12
9145,19.09745472,359.16,9,7239.12,6239.12
9146,27.78707104,347.83,10,7239.12,6239.12
9147,22.49924639,313.34,6,7239.12,6239.12
9148,19.86559259,294.31,8,7239.12,6239.12
9149,29.534,453.95,9,7239.12,6239.12
9150,24.53173161,324.28,12,7239.12,6239.12
9151,23.27083303,401.96,12,7239.12,6239.12
9152,12.08952172,459.83,8,7239.12,6239.12
9153,15.50010422,448.39,9,7239.12,6239.12
9154,23.27666504,367.35,10,7239.12,6239.12
9155,18.27040773,431.08,9,7239.12,6239.12
9156,19.06128801,326.71,14,7239.12,6239.12
9157,8.314471103,411.07,11,7239.12,6239.12
9158,13.55150225,550.55,10,7239.12,6239.12
9159,15.78386563,416.01,8,7239.12,6239.12
9160,20.77738197,292.6,11,7239.12,6239.12
9161,27.811095,377.95,8,7239.12,6239.12
9162,14.98530304,387.84,8,7239.12,6239.12
9163,9.732158827,344.74,12,7239.12,6239.12
9164,11.48312348,357.4,11,7239.12,6239.12
9165,27.69486695,406.22,10,7239.12,6239.12
9166,31.99182728,408.67,11,7239.12,6239.12
9167,19.94119013,364.22,9,7239.12,6239.12
9168,12.44854057,381.17,9,7239.12,6239.12
9169,13.82695995,418.29,10,7239.12,6239.12
9170,14.0222092,570.43,7,7239.12,6239.12
9171,9.700842766,423.29,15,7239.12,6239.12
9172,21.23914505,476.85,11,7239.12,6239.12
9173,7.735512844,392.02,11,7239.12,6239.12
9174,9.148687387,478.51,8,7239.12,6239.12
9175,12.36886022,394.63,9,7239.12,6239.12
9176,11.50747284,604.3,7,7239.12,6239.12
9177,18.2386964,535.78,8,7239.12,6239.12
9178,24.50174327,530.88,12,7239.12,6239.12
9179,24.73737512,779.21,9,7239.12,6239.12
9180,11.94217892,448.35,7,7239.12,6239.12
9181,12.70928404,421.07,9,7239.12,6239.12
9182,31.05590551,394.91,8,7239.12,6239.12
9183,13.06959617,483.21,10,7239.12,6239.12
9184,12.01833761,554.91,11,7239.12,6239.12
9185,24.64980393,443.8,9,7239.12,6239.12
9186,10.51212208,698.52,8,7239.12,6239.12
9187,16.06892663,465.62,9,7239.12,6239.12
9188,12.18594025,433.12,9,7239.12,6239.12
9189,14.4293719,537.62,11,7239.12,6239.12
9190,23.8,396.29,7,7239.12,6239.12
9191,17.228,434.99,9,7239.12,6239.12
9192,8.497388428,336.39,8,7239.12,6239.12
9193,18.26330853,383.13,10,7239.12,6239.12
9194,32.77679217,498.83,8,7239.12,6239.12
9195,17.32123283,537.27,11,7239.12,6239.12
9196,23.47261783,429.34,8,7239.12,6239.12
9197,10.07206241,328.1,13,7239.12,6239.12
9198,21.95899501,433.8,9,7239.12,6239.12
9199,16.12867084,518.24,11,7239.12,6239.12
9200,18.95631022,397.98,10,7239.12,6239.12
9201,9.143542142,600.29,11,7239.12,6239.12
9202,11.15276335,413.34,9,7239.12,6239.12
9203,10.72049025,348,9,7239.12,6239.12
9204,15.52820844,400.21,10,7239.12,6239.12
9205,24.81832384,530.66,9,7239.12,6239.12
9206,16.54502476,431.81,8,7239.12,6239.12
9207,11.15289567,461.06,10,7239.12,6239.12
9208,11.62197628,348.24,16,7239.12,6239.12
9209,21.92294897,483.13,8,7239.12,6239.12
9210,12.95701164,362.11,8,7239.12,6239.12
9211,28.38683943,1174.25,10,7239.12,6239.12
9212,12.90258618,362.51,9,7239.12,6239.12
9213,12.27574137,352.11,10,7239.12,6239.12
9214,21.10033109,422.13,8,7239.12,6239.12
9215,14.41469118,520.11,11,7239.12,6239.12
9216,35.97066953,378.71,11,7239.12,6239.12
9217,16.84743091,399.02,9,7239.12,6239.12
9218,30.526,418.05,10,7239.12,6239.12
9219,31.34405121,682.57,9,7239.12,6239.12
9220,35.246,385,11,7239.12,6239.12
9221,22.89946293,540.4,10,7239.12,6239.12
9222,17.268,540.59,11,7239.12,6239.12
9223,10.3484599,427.35,12,7239.12,6239.12
9224,15.26739471,596.6,10,7239.12,6239.12
9225,26.12376238,422.16,12,7239.12,6239.12
9226,33.4575491,335.79,10,7239.12,6239.12
9227,21.5714197,597.18,11,7239.12,6239.12
9228,27.77898644,408.59,7,7239.12,6239.12
9229,14.96010811,359.48,10,7239.12,6239.12
9230,10.57828568,346.78,7,7239.12,6239.12
9231,22.1504988,409.75,7,7239.12,6239.12
9232,9.547542096,551.53,9,7239.12,6239.12
9233,14.34081378,387.12,8,7239.12,6239.12
9234,13.39285714,363.4,9,7239.12,6239.12
9235,9.465077393,503.86,14,7239.12,6239.12
9236,14.25543206,488.91,9,7239.12,6239.12
9237,12.53007776,579.58,15,7239.12,6239.12
9238,39.03620856,470.48,12,7239.12,6239.12
9239,20.88122735,364.74,8,7239.12,6239.12
9240,16.66794349,373.79,14,7239.12,6239.12
9241,15.163,307.02,7,7239.12,6239.12
9242,10.30759887,376.39,10,7239.12,6239.12
9243,20.98219933,365.2,8,7239.12,6239.12
9244,26.52077059,426.21,12,7239.12,6239.12
9245,14.71397272,370.8,12,7239.12,6239.12
9246,39.762,399.23,12,7239.12,6239.12
9247,13.80158202,298.07,12,7239.12,6239.12
9248,19.40677288,385.46,11,7239.12,6239.12
9249,18.36059061,336.66,6,7239.12,6239.12
9250,20.47205565,579.35,7,7239.12,6239.12
9251,16.83041343,468.52,14,7239.12,6239.12
9252,39.75355021,404.23,8,7239.12,6239.12
9253,33.63552625,416.28,17,7239.12,6239.12
9254,7.879664005,442.73,8,7239.12,6239.12
9255,8.678859347,520.19,8,7239.12,6239.12
9256,14.65794831,727.88,11,7239.12,6239.12
9257,14.90564596,407.34,10,7239.12,6239.12
9258,10.03448641,549.35,16,7239.12,6239.12
9259,22.7380061,473.76,8,7239.12,6239.12
9260,18.1537085,320.56,13,7239.12,6239.12
9261,26.54509673,440.58,11,7239.12,6239.12
9262,19.20346085,511.5,10,7239.12,6239.12
9263,21.99597788,426.32,7,7239.12,6239.12
9264,14.32068688,318.25,9,7239.12,6239.12
9265,21.178,494.91,13,7239.12,6239.12
9266,21.51942653,389,7,7239.12,6239.12
9267,43.66513148,587.82,8,7239.12,6239.12
9268,14.98364624,295.11,9,7239.12,6239.12
9269,15.1454572,705.33,8,7239.12,6239.12
9270,12.66119182,550.49,11,7239.12,6239.12
9271,11.12808241,290.35,10,7239.12,6239.12
9272,26.56615669,667.48,8,7239.12,6239.12
9273,13.444,441.06,10,7239.12,6239.12
9274,11.70040512,365.64,13,7239.12,6239.12
9275,13.94697616,323.74,13,7239.12,6239.12
9276,31.6817412,615.44,8,7239.12,6239.12
9277,13.07855678,314.79,10,7239.12,6239.12
9278,12.23432026,323.38,8,7239.12,6239.12
9279,15.28445402,778.42,11,7239.12,6239.12
9280,15.15993317,314.49,8,7239.12,6239.12
9281,26.0209852,315.2,11,7239.12,6239.12
9282,19.46730673,486.27,8,7239.12,6239.12
9283,51.60769751,594.82,9,7239.12,6239.12
9284,14.70016515,704.06,13,7239.12,6239.12
9285,20.43755078,528.15,8,7239.12,6239.12
9286,12.80170016,448.77,9,7239.12,6239.12
9287,15.55358693,412.08,7,7239.12,6239.12
9288,9.250352434,523.89,8,7239.12,6239.12
9289,23.82676034,477.84,9,7239.12,6239.12
9290,16.59539884,379.32,11,7239.12,6239.12
9291,17.95959338,365.82,12,7239.12,6239.12
9292,32.39047772,610.58,9,7239.12,6239.12
9293,17.22735592,531.09,10,7239.12,6239.12
9294,9.675010485,364.44,10,7239.12,6239.12
9295,16.24426915,526.16,10,7239.12,6239.12
9296,18.11024198,582.7,14,7239.12,6239.12
9297,11.92572131,619.22,7,7239.12,6239.12
9298,17.69942458,571.81,8,7239.12,6239.12
9299,13.28642224,357.73,8,7239.12,6239.12
9300,12.791,549.95,8,7239.12,6239.12
9301,19.41596506,416.92,11,7239.12,6239.12
9302,14.82582382,461.07,9,7239.12,6239.12
9303,20.63366402,725.69,10,7239.12,6239.12
9304,15.35727935,309.42,11,7239.12,6239.12
9305,18.32458089,373.59,12,7239.12,6239.12
9306,36.2758095,656.73,9,7239.12,6239.12
9307,25.34419916,737.06,8,7239.12,6239.12
9308,25.80315435,522.55,9,7239.12,6239.12
9309,17.39805782,357.54,10,7239.12,6239.12
9310,10.83995762,588.63,8,7239.12,6239.12
9311,30.0123023,538.65,7,7239.12,6239.12
9312,58.04462113,624.92,10,7239.12,6239.12
9313,35.12192891,537.65,9,7239.12,6239.12
9314,37.991,561.92,10,7239.12,6239.12
9315,12.54369512,495.56,7,7239.12,6239.12
9316,14.90858871,498.74,14,7239.12,6239.12
9317,12.5710994,329.87,8,7239.12,6239.12
9318,13.73178991,498.35,8,7239.12,6239.12
9319,25.41043175,416.12,14,7239.12,6239.12
9320,14.60374901,391.44,8,7239.12,6239.12
9321,16.49592198,415.43,14,7239.12,6239.12
9322,12.25596039,271.32,10,7239.12,6239.12
9323,17.33738664,397.89,9,7239.12,6239.12
9324,20.55929105,286.09,12,7239.12,6239.12
9325,8.194667785,248.56,9,7239.12,6239.12
9326,18.83,420.83,12,7239.12,6239.12
9327,24.39392022,586.79,12,7239.12,6239.12
9328,18.74660184,471,12,7239.12,6239.12
9329,20.90036239,474.46,8,7239.12,6239.12
9330,22.03195266,372.34,13,7239.12,6239.12
9331,13.48897096,321.33,8,7239.12,6239.12
9332,19.739,334.37,11,7239.12,6239.12
9333,12.997,339.14,7,7239.12,6239.12
9334,37.34790796,854.86,11,7239.12,6239.12
9335,16.72452971,487.79,7,7239.12,6239.12
9336,34.1026717,504.69,11,7239.12,6239.12
9337,29.25373134,294.98,8,7239.12,6239.12
9338,10.49311207,735.5,10,7239.12,6239.12
9339,16.39214999,589.4,13,7239.12,6239.12
9340,9.662017922,302.34,8,7239.12,6239.12
9341,15.94686024,415.66,12,7239.12,6239.12
9342,15.63928865,436.1,10,7239.12,6239.12
9343,25.38697987,738.36,10,7239.12,6239.12
9344,29.148,388.65,12,7239.12,6239.12
9345,12.32324333,339.98,9,7239.12,6239.12
9346,17.66366555,557.05,10,7239.12,6239.12
9347,16.033,505.99,8,7239.12,6239.12
9348,18.3414719,265.8,8,7239.12,6239.12
9349,12.50298908,376.46,9,7239.12,6239.12
9350,8.305482592,392.4,8,7239.12,6239.12
9351,8.698950018,457.69,8,7239.12,6239.12
9352,51.73377048,703.75,9,7239.12,6239.12
9353,8.592982339,490.6,11,7239.12,6239.12
9354,18.669415,475.51,8,7239.12,6239.12
9355,18.93949552,645.03,10,7239.12,6239.12
9356,11.56627259,560.57,10,7239.12,6239.12
9357,18.59035078,389.64,12,7239.12,6239.12
9358,8.372087356,412.26,6,7239.12,6239.12
9359,23.84027335,326.44,11,7239.12,6239.12
9360,12.95544296,339.79,8,7239.12,6239.12
9361,9.627081975,347.09,12,7239.12,6239.12
9362,8.28694799,356.83,13,7239.12,6239.12
9363,20.26825323,486.13,9,7239.12,6239.12
9364,16.0907147,410.28,9,7239.12,6239.12
9365,15.34276734,363.62,9,7239.12,6239.12
9366,87.247,872.47,8,7239.12,6239.12
9367,16.30870021,538.67,7,7239.12,6239.12
9368,12.93649698,328.04,8,7239.12,6239.12
9369,24.06307143,411.89,8,7239.12,6239.12
9370,19.79999617,417,11,7239.12,6239.12
9371,19.40029765,320.85,13,7239.12,6239.12
9372,11.97730799,494.04,11,7239.12,6239.12
9373,7.542733235,383.33,8,7239.12,6239.12
9374,9.062673535,311.72,16,7239.12,6239.12
9375,14.14712333,696.55,12,7239.12,6239.12
9376,13.9497146,359.15,8,7239.12,6239.12
9377,28.92946123,371.57,9,7239.12,6239.12
9378,36.66359804,605.36,10,7239.12,6239.12
9379,7.291,370.97,8,7239.12,6239.12
9380,13.46701331,383.04,11,7239.12,6239.12
9381,27.55839469,375.05,8,7239.12,6239.12
9382,10.37625068,453.3,8,7239.12,6239.12
9383,18.29782926,343.41,13,7239.12,6239.12
9384,8.133131842,308.67,16,7239.12,6239.12
9385,21.19357687,384.07,9,7239.12,6239.12
9386,22.19290314,416.05,11,7239.12,6239.12
9387,20.61635144,363.45,8,7239.12,6239.12
9388,19.00641827,342.03,11,7239.12,6239.12
9389,9.03420113,309.7,8,7239.12,6239.12
9390,14.42795705,462.99,9,7239.12,6239.12
9391,30.308171,460.35,10,7239.12,6239.12
9392,13.33876547,681,9,7239.12,6239.12
9393,30.62,306.2,12,7239.12,6239.12
9394,11.66739516,349.68,11,7239.12,6239.12
9395,24.88503189,488.54,9,7239.12,6239.12
9396,17.00265436,540.63,9,7239.12,6239.12
9397,13.54464955,404.63,8,7239.12,6239.12
9398,13.39980252,400.98,7,7239.12,6239.12
9399,44.511,472.6,11,7239.12,6239.12
9400,21.60418788,399.53,12,7239.12,6239.12
9401,16.70957037,606.27,13,7239.12,6239.12
9402,14.16874026,226.38,8,7239.12,6239.12
9403,12.62071145,359.4,9,7239.12,6239.12
9404,17.36124371,476.99,20,7239.12,6239.12
9405,11.26166257,306.31,11,7239.12,6239.12
9406,17.25030535,591.77,10,7239.12,6239.12
9407,22.3308132,508.62,12,7239.12,6239.12
9408,17.29895623,435.98,11,7239.12,6239.12
9409,13.17361315,580.82,11,7239.12,6239.12
9410,33.60855554,402.57,10,7239.12,6239.12
9411,9.61888157,462.32,8,7239.12,6239.12
9412,16.38767439,400.91,8,7239.12,6239.12
9413,12.17360104,469.08,8,7239.12,6239.12
9414,14.35625799,468.07,9,7239.12,6239.12
9415,67.16848365,677.73,9,7239.12,6239.12
9416,8.953650577,609.45,11,7239.12,6239.12
9417,29.18153917,406.85,7,7239.12,6239.12
9418,11.62449632,292.32,11,7239.12,6239.12
9419,29.75874273,458.24,9,7239.12,6239.12
9420,14.47585709,455.71,9,7239.12,6239.12
9421,15.23825617,341.6,14,7239.12,6239.12
9422,18.66484483,431.66,12,7239.12,6239.12
9423,11.92768389,525.1,12,7239.12,6239.12
9424,11.351,339.57,12,7239.12,6239.12
9425,11.00927531,339.82,10,7239.12,6239.12
9426,16.1672529,279.45,9,7239.12,6239.12
9427,21.48028184,435.75,9,7239.12,6239.12
9428,10.20043186,335.08,8,7239.12,6239.12
9429,7.148278439,247.7,8,7239.12,6239.12
9430,19.03342513,526.62,9,7239.12,6239.12
9431,14.48930825,472.96,9,7239.12,6239.12
9432,19.0881596,489.68,13,7239.12,6239.12
9433,67.81594172,985.82,12,7239.12,6239.12
9434,14.7479295,461.82,10,7239.12,6239.12
9435,25.626,365.13,8,7239.12,6239.12
9436,22.496,479.07,8,7239.12,6239.12
9437,18.81069839,656.61,9,7239.12,6239.12
9438,11.74791624,482.23,11,7239.12,6239.12
9439,23.39404992,347.35,16,7239.12,6239.12
9440,16.71672687,395.71,9,7239.12,6239.12
9441,33.663,336.63,8,7239.12,6239.12
9442,12.79235887,423.05,10,7239.12,6239.12
9443,32.5076278,529.52,9,7239.12,6239.12
9444,20.91565087,650.14,6,7239.12,6239.12
9445,8.786973206,304.31,7,7239.12,6239.12
9446,9.846,379.08,7,7239.12,6239.12
9447,17.34240056,590.37,15,7239.12,6239.12
9448,10.71171096,360.45,8,7239.12,6239.12
9449,18.14748743,373.58,7,7239.12,6239.12
9450,13.55985098,530.67,8,7239.12,6239.12
9451,10.26352996,282.71,11,7239.12,6239.12
9452,26.26067923,371.93,14,7239.12,6239.12
9453,11.93424793,467.01,11,7239.12,6239.12
9454,26.50097159,491.96,17,7239.12,6239.12
9455,74.469,744.69,11,7239.12,6239.12
9456,16.72649866,537.26,14,7239.12,6239.12
9457,26.38407883,378.14,12,7239.12,6239.12
9458,12.7097881,263.01,9,7239.12,6239.12
9459,10.43359978,633.17,10,7239.12,6239.12
9460,30.30311861,519.95,11,7239.12,6239.12
9461,17.48998744,403,15,7239.12,6239.12
9462,17.66636461,250.67,8,7239.12,6239.12
9463,30.627,366,9,7239.12,6239.12
9464,17.3940913,494.2,9,7239.12,6239.12
9465,28.46411197,509.63,12,7239.12,6239.12
9466,12.0154552,325.28,11,7239.12,6239.12
9467,11.4886154,328.37,11,7239.12,6239.12
9468,18.71201127,419.14,8,7239.12,6239.12
9469,13.51591197,330.3,10,7239.12,6239.12
9470,18.67385642,393.78,13,7239.12,6239.12
9471,18.6025614,796.68,9,7239.12,6239.12
9472,21.39180686,390.2,20,7239.12,6239.12
9473,30.93692379,551.24,10,7239.12,6239.12
9474,18.47685837,336.23,10,7239.12,6239.12
9475,14.24322265,478.42,9,7239.12,6239.12
9476,21.25664634,390.95,8,7239.12,6239.12
9477,16.73641152,426.74,8,7239.12,6239.12
9478,8.986184237,334.6,11,7239.12,6239.12
9479,12.10018992,336.37,13,7239.12,6239.12
9480,51.0179168,555.83,13,7239.12,6239.12
9481,35.46598814,470.04,10,7239.12,6239.12
9482,19.62799674,438.51,11,7239.12,6239.12
9483,16.26007712,433.04,10,7239.12,6239.12
9484,13.97158322,542.55,12,7239.12,6239.12
9485,20.39401075,567.29,10,7239.12,6239.12
9486,14.61051799,355.87,7,7239.12,6239.12
9487,25.76575789,589.25,7,7239.12,6239.12
9488,22.6154014,593.99,9,7239.12,6239.12
9489,30.9069502,343.88,10,7239.12,6239.12
9490,22.04447061,388.94,7,7239.12,6239.12
9491,15.08450423,362.01,9,7239.12,6239.12
9492,14.02882966,593.86,12,7239.12,6239.12
9493,18.4275875,474.64,13,7239.12,6239.12
9494,34.54747878,372.37,10,7239.12,6239.12
9495,11.97240072,373.81,14,7239.12,6239.12
9496,24.72862973,551.99,9,7239.12,6239.12
9497,33.30186351,539.69,7,7239.12,6239.12
9498,21.99576174,389.32,18,7239.12,6239.12
9499,18.08,395.14,7,7239.12,6239.12
9500,10.04626134,777.01,9,7239.12,6239.12
9501,36.54053519,369.37,8,7239.12,6239.12
9502,41.81987311,476.55,9,7239.12,6239.12
9503,30.38598265,396.61,8,7239.12,6239.12
9504,34.11753452,606.33,14,7239.12,6239.12
9505,16.15576546,372.69,10,7239.12,6239.12
9506,13.69756272,443.21,11,7239.12,6239.12
9507,18.39376623,350.76,12,7239.12,6239.12
9508,21.92921241,356.33,8,7239.12,6239.12
9509,25.18464439,503.64,7,7239.12,6239.12
9510,7.279191482,342.31,9,7239.12,6239.12
9511,25.99744299,442.81,9,7239.12,6239.12
9512,22.06,363.46,8,7239.12,6239.12
9513,16.69004554,270.09,12,7239.12,6239.12
9514,16.79349874,468.06,8,7239.12,6239.12
9515,28.17328944,370.93,9,7239.12,6239.12
9516,15.25465362,350.38,9,7239.12,6239.12
9517,13.83397304,336.44,8,7239.12,6239.12
9518,18.177,451.52,9,7239.12,6239.12
9519,22.247,500.57,9,7239.12,6239.12
9520,11.99929852,670.54,9,7239.12,6239.12
9521,19.51972907,339.77,11,7239.12,6239.12
9522,22.895,254.31,8,7239.12,6239.12
9523,10.51509209,527.11,7,7239.12,6239.12
9524,17.21152323,366.58,11,7239.12,6239.12
9525,20.20611555,392.72,9,7239.12,6239.12
9526,24.6631729,371.68,9,7239.12,6239.12
9527,12.32552292,446.28,10,7239.12,6239.12
9528,13.49617587,408,12,7239.12,6239.12
9529,28.70858677,738.96,12,7239.12,6239.12
9530,16.36201922,610.75,9,7239.12,6239.12
9531,19.0508388,367.16,9,7239.12,6239.12
9532,16.31401905,576.65,8,7239.12,6239.12
9533,14.25971455,344.52,8,7239.12,6239.12
9534,10.64222982,259.42,9,7239.12,6239.12
9535,24.11357752,547.32,9,7239.12,6239.12
9536,25.70349234,363.91,9,7239.12,6239.12
9537,18.03836974,285.33,7,7239.12,6239.12
9538,26.09156468,384.38,11,7239.12,6239.12
9539,24.26126441,362.71,10,7239.12,6239.12
9540,50.72366156,677.8,10,7239.12,6239.12
9541,20.8014873,392.92,9,7239.12,6239.12
9542,15.11671677,328.93,9,7239.12,6239.12
9543,20.06932709,473.26,8,7239.12,6239.12
9544,25.49325397,512.07,8,7239.12,6239.12
9545,26.08046549,363.37,8,7239.12,6239.12
9546,33.14538584,333.31,8,7239.12,6239.12
9547,13.01210713,483.61,9,7239.12,6239.12
9548,14.93173895,321.57,8,7239.12,6239.12
9549,15.63838761,590.81,8,7239.12,6239.12
9550,16.64706023,418.87,12,7239.12,6239.12
9551,13.10241031,456.31,8,7239.12,6239.12
9552,18.99896911,390.71,8,7239.12,6239.12
9553,15.51009017,561.29,9,7239.12,6239.12
9554,31.77732981,605.32,9,7239.12,6239.12
9555,14.08019222,440.83,12,7239.12,6239.12
9556,10.98341946,611.09,8,7239.12,6239.12
9557,16.47514046,580.91,8,7239.12,6239.12
9558,17.68565596,597.23,9,7239.12,6239.12
9559,25.95391557,644.28,8,7239.12,6239.12
9560,15.35473192,305.75,7,7239.12,6239.12
9561,20.09221616,273.62,11,7239.12,6239.12
9562,25.66215319,329.18,14,7239.12,6239.12
9563,9.84214036,763.07,9,7239.12,6239.12
9564,37.81168256,380.17,10,7239.12,6239.12
9565,11.92813585,261.37,10,7239.12,6239.12
9566,8.165426192,322.59,9,7239.12,6239.12
9567,23.71184881,410,7,7239.12,6239.12
9568,18.58577317,424.56,13,7239.12,6239.12
9569,9.621378596,263.3,7,7239.12,6239.12
9570,16.1441239,318.48,9,7239.12,6239.12
9571,11.90262838,361.85,7,7239.12,6239.12
9572,9.802,401.85,10,7239.12,6239.12
9573,29.15605552,407.79,10,7239.12,6239.12
9574,22.71742383,630.12,8,7239.12,6239.12
9575,26.18034587,385.73,8,7239.12,6239.12
9576,35.92502447,557.93,10,7239.12,6239.12
9577,14.27645885,457.12,8,7239.12,6239.12
9578,23.90238385,545.88,13,7239.12,6239.12
9579,12.63057698,653.34,9,7239.12,6239.12
9580,22.61009569,517.42,8,7239.12,6239.12
9581,15.53281637,359.5,11,7239.12,6239.12
9582,6.507531236,349.69,8,7239.12,6239.12
9583,35.68554974,382.31,6,7239.12,6239.12
9584,16.14592973,663.01,10,7239.12,6239.12
9585,29.29453696,435.91,8,7239.12,6239.12
9586,15.61200416,493.86,12,7239.12,6239.12
9587,17.51228055,263.92,8,7239.12,6239.12
9588,17.53,417.34,10,7239.12,6239.12
9589,8.914052663,434.47,9,7239.12,6239.12
9590,24.98497695,989.55,12,7239.12,6239.12
9591,36.28318054,605.94,8,7239.12,6239.12
9592,28.8805643,344.81,10,7239.12,6239.12
9593,10.18617996,332.55,10,7239.12,6239.12
9594,14.93753795,506.75,12,7239.12,6239.12
9595,20.75685331,295.15,9,7239.12,6239.12
9596,13.22057079,642.36,13,7239.12,6239.12
9597,40.49841276,639.15,13,7239.12,6239.12
9598,27.904,333.97,11,7239.12,6239.12
9599,12.85939657,431.2,9,7239.12,6239.12
9600,19.04293094,475.94,13,7239.12,6239.12
9601,30.45312706,554.32,8,7239.12,6239.12
9602,23.87994137,532.74,10,7239.12,6239.12
9603,18.94373418,558.06,11,7239.12,6239.12
9604,14.66286946,507.75,14,7239.12,6239.12
9605,15.59894373,424.1,12,7239.12,6239.12
9606,31.59829753,428.27,9,7239.12,6239.12
9607,20.96851936,409.46,8,7239.12,6239.12
9608,22.58045363,477.2,10,7239.12,6239.12
9609,16.91804401,642.78,10,7239.12,6239.12
9610,29.23602602,330.37,8,7239.12,6239.12
9611,12.0740061,448.26,14,7239.12,6239.12
9612,20.36562762,446.3,8,7239.12,6239.12
9613,15.00826143,298.09,8,7239.12,6239.12
9614,12.99662483,557.19,12,7239.12,6239.12
9615,19.88850313,557.71,10,7239.12,6239.12
9616,28.53395534,439.24,8,7239.12,6239.12
9617,21.60726189,344.23,6,7239.12,6239.12
9618,10.00054038,415.5,9,7239.12,6239.12
9619,58.7217324,697.99,10,7239.12,6239.12
9620,15.30668491,1185.74,10,7239.12,6239.12
9621,26.725,330.38,8,7239.12,6239.12
9622,8.564690266,308.37,7,7239.12,6239.12
9623,10.95169369,554.83,10,7239.12,6239.12
9624,20.71113556,590.43,10,7239.12,6239.12
9625,12.75271275,402.76,9,7239.12,6239.12
9626,31.65510865,479.29,12,7239.12,6239.12
9627,9.494961907,409.34,15,7239.12,6239.12
9628,11.78439939,360.09,9,7239.12,6239.12
9629,25.779,317.55,8,7239.12,6239.12
9630,24.60486897,422.97,11,7239.12,6239.12
9631,13.15609643,485.09,10,7239.12,6239.12
9632,33.9824959,379.35,11,7239.12,6239.12
9633,23.45266789,378.46,11,7239.12,6239.12
9634,28.02991722,317.58,8,7239.12,6239.12
9635,16.17277265,465.24,9,7239.12,6239.12
9636,24.67368241,384.1,8,7239.12,6239.12
9637,18.5260311,310.52,8,7239.12,6239.12
9638,30.65315482,497.28,8,7239.12,6239.12
9639,13.14,296.53,8,7239.12,6239.12
9640,9.56335204,293.79,9,7239.12,6239.12
9641,22.709,453.76,10,7239.12,6239.12
9642,8.212843532,406.36,9,7239.12,6239.12
9643,12.18368023,541.21,11,7239.12,6239.12
9644,10.88106466,284.06,9,7239.12,6239.12
9645,8.386536969,360,8,7239.12,6239.12
9646,16.58748233,472.13,9,7239.12,6239.12
9647,7.54619578,368.94,10,7239.12,6239.12
9648,12.28895802,281.5,6,7239.12,6239.12
9649,17.81151757,418.69,10,7239.12,6239.12
9650,19.70810909,468.09,10,7239.12,6239.12
9651,16.63988892,348.34,10,7239.12,6239.12
9652,11.09191973,700.37,13,7239.12,6239.12
9653,24.60660088,532.45,7,7239.12,6239.12
9654,25.6047465,604.61,11,7239.12,6239.12
9655,13.37824673,366.03,11,7239.12,6239.12
9656,14.00288117,609.35,9,7239.12,6239.12
9657,17.885,307.97,8,7239.12,6239.12
9658,20.30445408,311.77,8,7239.12,6239.12
9659,13.15963318,481.03,9,7239.12,6239.12
9660,11.86113132,469.53,12,7239.12,6239.12
9661,13.17561673,411.85,7,7239.12,6239.12
9662,39.39210439,431.59,9,7239.12,6239.12
9663,19.55815669,409.59,11,7239.12,6239.12
9664,19.81835874,501.98,17,7239.12,6239.12
9665,17.44990595,374.16,11,7239.12,6239.12
9666,8.512550171,320.98,8,7239.12,6239.12
9667,14.86053836,286.33,11,7239.12,6239.12
9668,34.0853817,511.55,10,7239.12,6239.12
9669,19.156,504.96,9,7239.12,6239.12
9670,21.73342904,541.96,8,7239.12,6239.12
9671,21.30238,345.94,8,7239.12,6239.12
9672,34.02862243,430.85,12,7239.12,6239.12
9673,21.4181747,503.25,8,7239.12,6239.12
9674,19.51969174,478.81,14,7239.12,6239.12
9675,21.40370196,408.19,12,7239.12,6239.12
9676,14.15054255,528.78,10,7239.12,6239.12
9677,24.22633039,595.74,9,7239.12,6239.12
9678,19.67492004,307.88,10,7239.12,6239.12
9679,18.59246579,347.3,9,7239.12,6239.12
9680,13.76229038,380.05,10,7239.12,6239.12
9681,17.48662288,413.73,14,7239.12,6239.12
9682,13.71986042,344.77,9,7239.12,6239.12
9683,15.52069704,428.23,9,7239.12,6239.12
9684,29.43086077,542.14,10,7239.12,6239.12
9685,28.34189554,484.38,10,7239.12,6239.12
9686,10.07551403,330.04,9,7239.12,6239.12
9687,10.64890791,335.48,8,7239.12,6239.12
9688,12.59405481,361.82,11,7239.12,6239.12
9689,31.38281663,504.62,8,7239.12,6239.12
9690,14.068,805.72,10,7239.12,6239.12
9691,29.07303509,432.08,14,7239.12,6239.12
9692,41.54297197,444.13,10,7239.12,6239.12
9693,18.958,645.51,13,7239.12,6239.12
9694,25.57835086,466.45,10,7239.12,6239.12
9695,21.058,505.74,10,7239.12,6239.12
9696,29.54489545,336.28,14,7239.12,6239.12
9697,27.36876359,344.83,8,7239.12,6239.12
9698,14.99855661,607.42,8,7239.12,6239.12
9699,15.73941915,766.49,12,7239.12,6239.12
9700,13.74402234,525.64,10,7239.12,6239.12
9701,8.519039339,614.9,10,7239.12,6239.12
9702,10.11738838,645.36,10,7239.12,6239.12
9703,11.61900623,479.67,9,7239.12,6239.12
9704,21.34228098,402.36,8,7239.12,6239.12
9705,6.554817276,380.83,15,7239.12,6239.12
9706,28.3493806,758.06,9,7239.12,6239.12
9707,7.184634972,501.69,9,7239.12,6239.12
9708,20.29258629,441.5,11,7239.12,6239.12
9709,12.77488212,386.14,15,7239.12,6239.12
9710,16.2490674,455.16,9,7239.12,6239.12
9711,22.9404788,395.68,9,7239.12,6239.12
9712,13.64826444,394.93,8,7239.12,6239.12
9713,10.48011516,386.5,7,7239.12,6239.12
9714,30.25319633,428.92,7,7239.12,6239.12
9715,38.21115456,505.14,13,7239.12,6239.12
9716,35.857,493.34,9,7239.12,6239.12
9717,9.732258205,359.01,8,7239.12,6239.12
9718,18.99383221,427.52,9,7239.12,6239.12
9719,17.21836417,477.32,9,7239.12,6239.12
9720,40.802,476.19,12,7239.12,6239.12
9721,16.99919802,338.18,9,7239.12,6239.12
9722,16.24285904,317.79,11,7239.12,6239.12
9723,15.60970136,518.12,11,7239.12,6239.12
9724,12.11089235,591.76,13,7239.12,6239.12
9725,12.80573783,440.47,14,7239.12,6239.12
9726,33.40927031,543.31,9,7239.12,6239.12
9727,8.735846915,356.08,11,7239.12,6239.12
9728,12.60779736,405.82,10,7239.12,6239.12
9729,26.67314444,447.45,11,7239.12,6239.12
9730,24.84021639,609.15,11,7239.12,6239.12
9731,10.57009275,431.72,10,7239.12,6239.12
9732,11.91801589,393.08,8,7239.12,6239.12
9733,16.89251663,621.29,7,7239.12,6239.12
9734,19.54866359,328.14,8,7239.12,6239.12
9735,25.5934989,675.01,17,7239.12,6239.12
9736,25.95325831,442.59,9,7239.12,6239.12
9737,14.48502952,615.09,12,7239.12,6239.12
9738,22.738,362.92,6,7239.12,6239.12
9739,13.87960949,427.75,9,7239.12,6239.12
9740,26.77140215,645.67,19,7239.12,6239.12
9741,20.25602587,686.42,10,7239.12,6239.12
9742,12.13270639,769.92,10,7239.12,6239.12
9743,12.10713799,370.72,7,7239.12,6239.12
9744,23.09619846,338.51,9,7239.12,6239.12
9745,15.96876162,407.93,10,7239.12,6239.12
9746,27.95810921,492.99,11,7239.12,6239.12
9747,24.94684502,334.57,14,7239.12,6239.12
9748,12.223,313.47,7,7239.12,6239.12
9749,25.15087007,515.12,8,7239.12,6239.12
9750,20.87431775,520.72,8,7239.12,6239.12
9751,13.95303845,498.58,9,7239.12,6239.12
9752,14.604,355.54,11,7239.12,6239.12
9753,12.07579195,344.34,8,7239.12,6239.12
9754,12.12362048,938.15,12,7239.12,6239.12
9755,10.17861833,297.8,9,7239.12,6239.12
9756,34.69457531,598.7,8,7239.12,6239.12
9757,17.71360068,394.92,8,7239.12,6239.12
9758,22.808933,424.22,9,7239.12,6239.12
9759,23.11241704,313.06,8,7239.12,6239.12
9760,20.55802319,655.84,9,7239.12,6239.12
9761,24.85456108,408.95,11,7239.12,6239.12
9762,23.87378665,315.57,9,7239.12,6239.12
9763,21.89166347,744.96,8,7239.12,6239.12
9764,27.75922751,492.07,11,7239.12,6239.12
9765,17.76758544,448.14,8,7239.12,6239.12
9766,8.562037921,273.23,8,7239.12,6239.12
9767,13.54628854,297.01,11,7239.12,6239.12
9768,20.61982192,586.37,9,7239.12,6239.12
9769,12.05310158,382.51,10,7239.12,6239.12
9770,11.82645459,411.92,10,7239.12,6239.12
9771,21.58334812,389.26,11,7239.12,6239.12
9772,32.1821262,492.01,9,7239.12,6239.12
9773,27.7361641,503.64,8,7239.12,6239.12
9774,19.8746381,482.59,7,7239.12,6239.12
9775,11.318,475.83,12,7239.12,6239.12
9776,11.48851826,301.16,7,7239.12,6239.12
9777,10.70088485,417.25,11,7239.12,6239.12
9778,12.617,383.08,13,7239.12,6239.12
9779,10.28069077,643.41,11,7239.12,6239.12
9780,11.1879241,352.85,8,7239.12,6239.12
9781,19.57970014,444.22,11,7239.12,6239.12
9782,13.69916451,512.72,9,7239.12,6239.12
9783,13.94063664,458.99,9,7239.12,6239.12
9784,13.01787383,406.75,8,7239.12,6239.12
9785,9.417848164,264.78,10,7239.12,6239.12
9786,63.896,638.96,10,7239.12,6239.12
9787,13.53007013,475.63,13,7239.12,6239.12
9788,22.338,401.67,9,7239.12,6239.12
9789,30.80250011,791.96,13,7239.12,6239.12
9790,14.09853432,366.9,12,7239.12,6239.12
9791,8.339568023,258.15,9,7239.12,6239.12
9792,11.49036324,632.18,11,7239.12,6239.12
9793,9.970891369,487.81,8,7239.12,6239.12
9794,9.89982085,383.52,10,7239.12,6239.12
9795,26.9190901,348.94,8,7239.12,6239.12
9796,11.776,487.8,9,7239.12,6239.12
9797,17.74554577,455.99,10,7239.12,6239.12
9798,23.98263016,370.64,7,7239.12,6239.12
9799,25.67699027,362.36,13,7239.12,6239.12
9800,17.22686835,527.21,14,7239.12,6239.12
9801,13.70086199,381.28,9,7239.12,6239.12
9802,35.25036165,428.87,13,7239.12,6239.12
9803,14.77822685,570.41,16,7239.12,6239.12
9804,12.84851653,346.98,9,7239.12,6239.12
9805,19.99753023,290.8,12,7239.12,6239.12
9806,15.84545346,503.99,13,7239.12,6239.12
9807,25.10042782,346.16,11,7239.12,6239.12
9808,8.114511175,485.68,10,7239.12,6239.12
9809,13.64356537,548.44,17,7239.12,6239.12
9810,25.48230484,459.7,8,7239.12,6239.12
9811,33.68795869,542.11,9,7239.12,6239.12
9812,23.34792066,370.19,13,7239.12,6239.12
9813,42.72044998,536.21,10,7239.12,6239.12
9814,17.56576804,279.57,12,7239.12,6239.12
9815,17.30466897,481.04,9,7239.12,6239.12
9816,6.980269257,490.9,10,7239.12,6239.12
9817,18.56026618,385.29,9,7239.12,6239.12
9818,18.53493293,342.52,9,7239.12,6239.12
9819,50.84993132,651.53,12,7239.12,6239.12
9820,23.35529205,248.13,9,7239.12,6239.12
9821,18.69989181,539.26,8,7239.12,6239.12
9822,21.77733467,585.39,10,7239.12,6239.12
9823,10.30290219,296.44,12,7239.12,6239.12
9824,17.1250953,366.04,10,7239.12,6239.12
9825,10.78992701,292.9,11,7239.12,6239.12
9826,8.149551386,388.13,8,7239.12,6239.12
9827,32.30993951,468.94,10,7239.12,6239.12
9828,20.274,382.72,8,7239.12,6239.12
9829,10.37404973,438.06,18,7239.12,6239.12
9830,15.84105909,737.81,13,7239.12,6239.12
9831,14.88396305,335.05,12,7239.12,6239.12
9832,18.356,397.17,8,7239.12,6239.12
9833,12.20106413,247.12,7,7239.12,6239.12
9834,27.6269222,533.94,8,7239.12,6239.12
9835,10.50139403,486.62,10,7239.12,6239.12
9836,19.66794767,534.74,10,7239.12,6239.12
9837,17.78324003,369.37,7,7239.12,6239.12
9838,28.67860855,491.19,11,7239.12,6239.12
9839,14.07928863,292.6,8,7239.12,6239.12
9840,16.12571391,381.41,9,7239.12,6239.12
9841,13.00165114,535.82,13,7239.12,6239.12
9842,14.88638108,378.76,10,7239.12,6239.12
9843,14.51896449,548.39,8,7239.12,6239.12
9844,13.02599722,387.94,6,7239.12,6239.12
9845,20.5960923,525.32,11,7239.12,6239.12
9846,12.31061319,431.22,10,7239.12,6239.12
9847,9.28312581,382.06,9,7239.12,6239.12
9848,23.51778002,411.21,13,7239.12,6239.12
9849,20.19855474,554.73,9,7239.12,6239.12
9850,16.86950992,424.42,8,7239.12,6239.12
9851,6.636177763,456.96,9,7239.12,6239.12
9852,12.025,627.23,8,7239.12,6239.12
9853,17.80506741,485.08,11,7239.12,6239.12
9854,13.93039966,358.48,12,7239.12,6239.12
9855,15.77043174,483.84,8,7239.12,6239.12
9856,21.75386883,383.76,11,7239.12,6239.12
9857,28.52748419,397.85,10,7239.12,6239.12
9858,13.92787896,502.36,8,7239.12,6239.12
9859,16.25063783,439.21,9,7239.12,6239.12
9860,7.999093792,360.86,7,7239.12,6239.12
9861,22.92859106,332.76,11,7239.12,6239.12
9862,13.29424422,392.93,8,7239.12,6239.12
9863,25.42781991,481.43,10,7239.12,6239.12
9864,21.81163269,320.33,9,7239.12,6239.12
9865,31.98518968,372.52,7,7239.12,6239.12
9866,22.88544206,376.39,9,7239.12,6239.12
9867,25.82767477,412.34,10,7239.12,6239.12
9868,15.28815802,380.5,9,7239.12,6239.12
9869,33.03975148,490.3,14,7239.12,6239.12
9870,12.01126969,335.82,12,7239.12,6239.12
9871,11.68020675,392.69,15,7239.12,6239.12
9872,12.82810544,448.06,10,7239.12,6239.12
9873,20.0315737,711.84,12,7239.12,6239.12
9874,14.58923822,387.59,9,7239.12,6239.12
9875,11.1425163,455,9,7239.12,6239.12
9876,31.47512864,407.37,11,7239.12,6239.12
9877,13.714,620.2,9,7239.12,6239.12
9878,20.201,472.8,7,7239.12,6239.12
9879,17.23660409,355.48,11,7239.12,6239.12
9880,11.64857344,603.67,9,7239.12,6239.12
9881,24.77544555,566.81,9,7239.12,6239.12
9882,27.97106251,431.05,7,7239.12,6239.12
9883,18.03665249,368.61,10,7239.12,6239.12
9884,18.88844714,493.36,11,7239.12,6239.12
9885,13.32444193,311.61,9,7239.12,6239.12
9886,15.45686955,533.14,11,7239.12,6239.12
9887,17.57337779,480.66,10,7239.12,6239.12
9888,11.41778374,706.11,11,7239.12,6239.12
9889,15.62904092,321.33,11,7239.12,6239.12
9890,20.3134347,335.64,8,7239.12,6239.12
9891,12.95815372,368.73,9,7239.12,6239.12
9892,8.466507527,263.94,8,7239.12,6239.12
9893,28.63821829,303.21,8,7239.12,6239.12
9894,10.55984521,416.85,8,7239.12,6239.12
9895,15.99848402,540.6,9,7239.12,6239.12
9896,17.22145434,636.42,12,7239.12,6239.12
9897,10.839,425.55,13,7239.12,6239.12
9898,21.7250509,823.84,13,7239.12,6239.12
9899,10.28973141,416.28,9,7239.12,6239.12
9900,20.80952601,346.25,9,7239.12,6239.12
9901,19.03197419,331.02,11,7239.12,6239.12
9902,13.76031423,561.19,10,7239.12,6239.12
9903,19.60283585,355.05,10,7239.12,6239.12
9904,12.98764505,442.98,10,7239.12,6239.12
9905,27.53768046,416.02,14,7239.12,6239.12
9906,21.76862263,453.78,19,7239.12,6239.12
9907,14.46869556,430.15,8,7239.12,6239.12
9908,18.55451658,498.25,11,7239.12,6239.12
9909,29.74672264,300.43,10,7239.12,6239.12
9910,19.24682973,503.68,8,7239.12,6239.12
9911,12.04554087,451.93,12,7239.12,6239.12
9912,20.09955202,488.37,11,7239.12,6239.12
9913,17.46692787,418.16,9,7239.12,6239.12
9914,12.04968246,504.67,10,7239.12,6239.12
9915,19.42819343,320.13,7,7239.12,6239.12
9916,12.61237131,401.23,13,7239.12,6239.12
9917,14.202,315.96,11,7239.12,6239.12
9918,18.13820967,431.94,10,7239.12,6239.12
9919,16.70369729,426.82,11,7239.12,6239.12
9920,12.88449553,375.86,8,7239.12,6239.12
9921,51.65895371,579.35,11,7239.12,6239.12
9922,13.7274858,483.09,11,7239.12,6239.12
9923,46.14913788,663.5,15,7239.12,6239.12
9924,13.21732342,355.37,13,7239.12,6239.12
9925,15.79346321,284,10,7239.12,6239.12
9926,13.31370118,481.04,13,7239.12,6239.12
9927,21.43193307,387.08,7,7239.12,6239.12
9928,15.97131222,543.59,10,7239.12,6239.12
9929,27.38972458,607.66,11,7239.12,6239.12
9930,12.49535209,355.76,7,7239.12,6239.12
9931,39.67328699,799.02,8,7239.12,6239.12
9932,22.28174835,283.18,8,7239.12,6239.12
9933,13.22482391,483.8,9,7239.12,6239.12
9934,23.30959976,530.71,11,7239.12,6239.12
9935,27.01871621,294.35,7,7239.12,6239.12
9936,22.12395818,364.99,10,7239.12,6239.12
9937,45.055,490.09,10,7239.12,6239.12
9938,14.54074354,420.63,11,7239.12,6239.12
9939,21.54681506,415.08,7,7239.12,6239.12
9940,9.491806722,302.31,8,7239.12,6239.12
9941,40.547,424.17,11,7239.12,6239.12
9942,16.13610745,460.06,9,7239.12,6239.12
9943,23.305,241.92,7,7239.12,6239.12
9944,44.48131554,451.73,12,7239.12,6239.12
9945,18.479,313.87,7,7239.12,6239.12
9946,14.16065551,383.42,9,7239.12,6239.12
9947,15.56588118,553.42,9,7239.12,6239.12
9948,20.59026594,373.81,11,7239.12,6239.12
9949,41.796,417.96,13,7239.12,6239.12
9950,46.92438928,500.58,13,7239.12,6239.12
9951,29.33942453,398.18,12,7239.12,6239.12
9952,38.3167053,456.26,12,7239.12,6239.12
9953,23.21341747,424.91,10,7239.12,6239.12
9954,27.35851687,392.54,8,7239.12,6239.12
9955,17.70394092,365.79,9,7239.12,6239.12
9956,9.379501051,441.8,11,7239.12,6239.12
9957,39.94441982,468.58,8,7239.12,6239.12
9958,15.90184674,873.56,11,7239.12,6239.12
9959,22.16785169,432.97,7,7239.12,6239.12
9960,14.62065064,406.88,12,7239.12,6239.12
9961,14.586,546.09,12,7239.12,6239.12
9962,12.22444023,580.03,11,7239.12,6239.12
9963,17.00707816,478.92,8,7239.12,6239.12
9964,12.38495281,366.1,7,7239.12,6239.12
9965,14.039,465.66,9,7239.12,6239.12
9966,22.233,435.86,9,7239.12,6239.12
9967,15.94914013,291.32,12,7239.12,6239.12
9968,17.63498782,361.47,9,7239.12,6239.12
9969,11.5523953,480.59,14,7239.12,6239.12
9970,13.92801545,311.86,7,7239.12,6239.12
9971,24.34441318,541.36,10,7239.12,6239.12
9972,13.49514331,565.46,8,7239.12,6239.12
9973,12.3234782,544.34,10,7239.12,6239.12
9974,30.38985059,525.79,8,7239.12,6239.12
9975,22.30597798,476.42,6,7239.12,6239.12
9976,19.65961629,412.04,6,7239.12,6239.12
9977,14.60492878,384.36,9,7239.12,6239.12
9978,18.962873,487.16,7,7239.12,6239.12
9979,17.93809394,450.56,9,7239.12,6239.12
9980,14.75694784,302.04,18,7239.12,6239.12
9981,10.17104796,412.5,12,7239.12,6239.12
9982,12.62990647,287.17,10,7239.12,6239.12
9983,34.56178072,583.51,10,7239.12,6239.12
9984,17.46300984,497.23,10,7239.12,6239.12
9985,26.59225994,402.66,8,7239.12,6239.12
9986,17.96826077,305.52,10,7239.12,6239.12
9987,28.00832621,550.33,9,7239.12,6239.12
9988,19.54574188,452.22,8,7239.12,6239.12
9989,25.5069908,364.5,11,7239.12,6239.12
9990,16.5763095,503.71,12,7239.12,6239.12
9991,22.524959,386.03,12,7239.12,6239.12
9992,18.12681282,394.69,10,7239.12,6239.12
9993,10.00067558,484.33,17,7239.12,6239.12
9994,15.12493778,425.53,11,7239.12,6239.12
9995,17.52401266,362.98,8,7239.12,6239.12
9996,18.64911968,319.9,9,7239.12,6239.12
9997,24.90480594,487.66,8,7239.12,6239.12
9998,12.105,452.65,12,7239.12,6239.12
9999,13.52511924,417.85,9,7239.12,6239.12
10000,15.96446392,618.83,9,7239.12,6239.12
